9.5501e-06;1.57886e-05;1.38184e-05;1.52989e-05;-3.10863e-05;-3.05727e-05;-3.09225e-05;-3.05914e-05;1;0.932012;0.966799;0.934892;5.47413e-06;5.26329e-06;5.37912e-06;5.27321e-06;4.62542e-05;8.6763e-05;7.46404e-05;8.3688e-05;1.47866e-06;1.50864e-06;1.4903e-06;1.51268e-06
6.18031e-06;1.32338e-05;1.09219e-05;1.27634e-05;-2.97744e-05;-2.92266e-05;-2.96039e-05;-2.921e-05;1;0.923715;0.966266;0.916621;5.33891e-06;5.1129e-06;5.24263e-06;5.0978e-06;2.72508e-05;7.4198e-05;5.92486e-05;6.86238e-05;1.21375e-06;1.25585e-06;1.21883e-06;1.28018e-06
1.2909e-05;2.54024e-05;2.08554e-05;2.48818e-05;-6.02323e-05;-5.90013e-05;-5.97463e-05;-5.89513e-05;1;0.889445;0.93282;0.894461;1.07675e-05;1.01944e-05;1.04662e-05;1.01888e-05;4.92453e-05;0.000130354;0.000102438;0.000124077;3.81772e-06;4.17927e-06;4.06923e-06;4.11036e-06
5.9759e-06;1.21217e-05;1.05392e-05;1.18118e-05;-2.8436e-05;-2.78997e-05;-2.8216e-05;-2.79138e-05;1;0.919858;0.953681;0.922901;5.1413e-06;4.91089e-06;5.00889e-06;4.92088e-06;2.73138e-05;6.61964e-05;5.68097e-05;6.3641e-05;9.92043e-07;1.0707e-06;1.04814e-06;1.06383e-06
7.99313e-06;1.25637e-05;1.17413e-05;1.33401e-05;-3.14763e-05;-3.09808e-05;-3.12986e-05;-3.09461e-05;1;0.935137;0.966599;0.931521;5.54811e-06;5.34849e-06;5.44575e-06;5.33014e-06;3.38395e-05;6.00094e-05;5.60429e-05;6.4823e-05;1.48635e-06;1.51382e-06;1.49164e-06;1.50244e-06
1.38973e-05;2.14315e-05;1.92044e-05;2.15709e-05;-4.24714e-05;-4.18119e-05;-4.22664e-05;-4.17809e-05;1;0.924155;0.962652;0.920102;7.22541e-06;6.94855e-06;7.09092e-06;6.9315e-06;5.41003e-05;0.000100879;8.85358e-05;0.000100206;2.69237e-06;2.70109e-06;2.70077e-06;2.6938e-06
5.34776e-06;1.17009e-05;9.64769e-06;1.03965e-05;-2.97482e-05;-2.91908e-05;-2.95406e-05;-2.92046e-05;1;0.933268;0.968078;0.933254;5.40653e-06;5.19173e-06;5.30332e-06;5.1906e-06;2.24826e-05;6.47159e-05;5.14549e-05;5.40758e-05;1.14845e-06;1.19156e-06;1.16038e-06;1.21386e-06
3.55456e-06;6.44432e-06;5.65348e-06;6.81477e-06;-2.59093e-05;-2.54652e-05;-2.57517e-05;-2.54463e-05;1;0.929246;0.965898;0.926092;4.65117e-06;4.46379e-06;4.55746e-06;4.45495e-06;1.2843e-05;2.65342e-05;2.29952e-05;2.86913e-05;8.96225e-07;9.72109e-07;9.25326e-07;9.59871e-07
7.70498e-06;1.26277e-05;1.11344e-05;1.2706e-05;-3.43798e-05;-3.38434e-05;-3.42283e-05;-3.38312e-05;1;0.928606;0.97039;0.92854;6.00663e-06;5.78434e-06;5.91845e-06;5.77676e-06;2.7667e-05;5.49077e-05;4.80173e-05;5.51175e-05;1.76085e-06;1.79426e-06;1.75492e-06;1.79551e-06
2.97423e-06;5.0835e-06;4.97364e-06;5.2556e-06;-2.64328e-05;-2.6001e-05;-2.62201e-05;-2.59865e-05;1;0.939297;0.959485;0.935815;4.78407e-06;4.61132e-06;4.66227e-06;4.60286e-06;8.90733e-06;1.80247e-05;1.77667e-05;1.87471e-05;8.6307e-07;9.44603e-07;9.29273e-07;9.45075e-07
8.21158e-06;1.4006e-05;1.25565e-05;1.34876e-05;-3.04785e-05;-2.99685e-05;-3.02945e-05;-2.9978e-05;1;0.930812;0.964829;0.931646;5.39307e-06;5.17871e-06;5.28068e-06;5.18566e-06;3.6712e-05;7.37087e-05;6.52489e-05;6.91564e-05;1.35892e-06;1.40274e-06;1.38078e-06;1.40077e-06
5.61263e-06;1.16472e-05;9.60874e-06;1.12298e-05;-2.92784e-05;-2.87489e-05;-2.91123e-05;-2.87325e-05;1;0.924259;0.968603;0.922166;5.29462e-06;5.07733e-06;5.19889e-06;5.06673e-06;2.54703e-05;6.40733e-05;5.0366e-05;5.859e-05;1.06325e-06;1.11818e-06;1.06984e-06;1.11949e-06
8.34707e-06;1.27447e-05;1.16087e-05;1.27273e-05;-3.73758e-05;-3.67745e-05;-3.71726e-05;-3.67694e-05;1;0.924689;0.962364;0.924947;6.50185e-06;6.25089e-06;6.37743e-06;6.24741e-06;2.71214e-05;4.8617e-05;4.43365e-05;4.84e-05;2.03889e-06;2.07982e-06;2.06656e-06;2.08268e-06
4.52798e-06;9.74978e-06;9.18085e-06;9.98085e-06;-2.75037e-05;-2.69623e-05;-2.72477e-05;-2.69664e-05;1;0.917709;0.950854;0.920065;4.99039e-06;4.75558e-06;4.83853e-06;4.7595e-06;1.80452e-05;4.88934e-05;4.68686e-05;5.0777e-05;9.38902e-07;1.04744e-06;1.00924e-06;1.03423e-06
4.96478e-06;8.59218e-06;7.97227e-06;8.63898e-06;-2.17749e-05;-2.14759e-05;-2.16763e-05;-2.14712e-05;1;0.948655;0.972367;0.94728;3.8518e-06;3.7294e-06;3.78752e-06;3.72637e-06;2.55062e-05;4.97793e-05;4.62441e-05;4.92263e-05;7.14904e-07;7.45574e-07;7.26186e-07;7.43497e-07
6.53625e-06;1.29539e-05;1.11242e-05;1.28556e-05;-3.04669e-05;-2.98905e-05;-3.02585e-05;-2.98846e-05;1;0.919759;0.957759;0.919061;5.49861e-06;5.25667e-06;5.37638e-06;5.24905e-06;2.83998e-05;6.85367e-05;5.79567e-05;6.67299e-05;1.1559e-06;1.22504e-06;1.20013e-06;1.22881e-06
4.91017e-06;1.06719e-05;9.06589e-06;1.0288e-05;-3.01022e-05;-2.94775e-05;-2.98137e-05;-2.94876e-05;1;0.906157;0.93471;0.90772;5.51371e-06;5.23883e-06;5.34194e-06;5.24206e-06;2.1309e-05;5.59348e-05;4.65416e-05;5.30308e-05;1.04709e-06;1.2075e-06;1.18908e-06;1.21266e-06
5.28417e-06;9.19607e-06;8.50589e-06;9.24869e-06;-2.29663e-05;-2.26399e-05;-2.28584e-05;-2.26373e-05;1;0.946273;0.971023;0.946663;4.06868e-06;3.93496e-06;4.00007e-06;3.93339e-06;2.6595e-05;5.28494e-05;4.90419e-05;5.23818e-05;8.09502e-07;8.4476e-07;8.22723e-07;8.39668e-07
4.60874e-06;8.25228e-06;7.54632e-06;8.46959e-06;-2.11884e-05;-2.08629e-05;-2.10676e-05;-2.08483e-05;1;0.943964;0.971241;0.94003;3.80042e-06;3.66759e-06;3.72707e-06;3.66035e-06;2.41842e-05;4.7471e-05;4.3184e-05;4.89491e-05;5.56645e-07;5.92886e-07;5.71183e-07;5.90874e-07
3.31774e-06;5.5982e-06;5.43034e-06;5.81499e-06;-2.70662e-05;-2.66352e-05;-2.68657e-05;-2.66179e-05;1;0.93788;0.959822;0.93456;4.88158e-06;4.70342e-06;4.75927e-06;4.6919e-06;1.00435e-05;1.988e-05;1.94675e-05;2.0818e-05;9.04249e-07;9.77554e-07;9.62791e-07;9.79748e-07
1.94694e-05;2.90436e-05;2.70265e-05;2.91674e-05;-5.53879e-05;-5.45154e-05;-5.50634e-05;-5.45135e-05;1;0.919555;0.955025;0.919979;9.21787e-06;8.85489e-06;9.02158e-06;8.8512e-06;6.89916e-05;0.000126031;0.000116639;0.00012651;4.04862e-06;4.0154e-06;4.04632e-06;4.01687e-06
9.55039e-06;1.53127e-05;1.41692e-05;1.57127e-05;-3.30981e-05;-3.25449e-05;-3.28772e-05;-3.25217e-05;1;0.932477;0.963561;0.930616;5.80478e-06;5.57994e-06;5.67701e-06;5.56508e-06;4.00797e-05;7.42897e-05;6.7578e-05;7.57312e-05;1.64594e-06;1.65465e-06;1.64475e-06;1.64459e-06
6.78467e-06;1.10654e-05;1.0601e-05;1.15547e-05;-3.04097e-05;-2.99146e-05;-3.01954e-05;-2.98907e-05;1;0.9346;0.959628;0.929304;5.41112e-06;5.2073e-06;5.28337e-06;5.19351e-06;2.69914e-05;5.04831e-05;4.89122e-05;5.35365e-05;1.28383e-06;1.3261e-06;1.31197e-06;1.32589e-06
1.30497e-05;2.26848e-05;1.87608e-05;2.30955e-05;-5.51026e-05;-5.40317e-05;-5.46976e-05;-5.39561e-05;1;0.901243;0.938597;0.898588;9.89813e-06;9.42677e-06;9.66396e-06;9.40207e-06;5.47767e-05;0.000115585;9.11011e-05;0.000116886;3.25107e-06;3.54311e-06;3.46914e-06;3.50118e-06
4.73346e-06;1.01802e-05;9.46679e-06;1.023e-05;-2.77398e-05;-2.71822e-05;-2.74726e-05;-2.71892e-05;1;0.916446;0.948584;0.918182;5.0507e-06;4.81225e-06;4.89428e-06;4.81484e-06;1.98667e-05;5.27342e-05;4.95392e-05;5.32523e-05;9.16544e-07;1.02785e-06;9.96179e-07;1.02395e-06
8.18057e-06;1.30766e-05;1.25351e-05;1.3771e-05;-3.15594e-05;-3.1034e-05;-3.13436e-05;-3.10071e-05;1;0.931986;0.96307;0.928858;5.57177e-06;5.35795e-06;5.4462e-06;5.34181e-06;3.39584e-05;6.15848e-05;5.92631e-05;6.57408e-05;1.47831e-06;1.50156e-06;1.47894e-06;1.49645e-06
8.33887e-06;1.28573e-05;1.22156e-05;1.39051e-05;-3.40949e-05;-3.35759e-05;-3.39034e-05;-3.35146e-05;1;0.936351;0.966509;0.928521;5.96907e-06;5.76383e-06;5.85738e-06;5.73165e-06;3.20136e-05;5.76148e-05;5.55064e-05;6.39173e-05;1.76368e-06;1.78469e-06;1.7696e-06;1.77557e-06
8.78357e-06;1.44345e-05;1.28502e-05;1.4799e-05;-3.14915e-05;-3.09858e-05;-3.13291e-05;-3.09772e-05;1;0.931541;0.967625;0.933276;5.55048e-06;5.34377e-06;5.45636e-06;5.33875e-06;4.01286e-05;7.53506e-05;6.64582e-05;7.86543e-05;1.47105e-06;1.50385e-06;1.47778e-06;1.4941e-06
1.38395e-05;2.19506e-05;2.08798e-05;2.23365e-05;-4.95228e-05;-4.87064e-05;-4.91634e-05;-4.86973e-05;1;0.917865;0.947533;0.917391;8.38597e-06;8.0438e-06;8.18363e-06;8.03521e-06;4.57018e-05;9.10406e-05;8.72358e-05;9.34918e-05;3.36972e-06;3.35722e-06;3.35999e-06;3.35035e-06
5.11025e-06;8.48757e-06;8.07873e-06;8.4733e-06;-2.23397e-05;-2.20353e-05;-2.22375e-05;-2.20355e-05;1;0.948352;0.970047;0.948949;3.97927e-06;3.85896e-06;3.91356e-06;3.85866e-06;2.59259e-05;4.77894e-05;4.64529e-05;4.72326e-05;6.92459e-07;7.19762e-07;7.07623e-07;7.17949e-07
5.28664e-06;1.15192e-05;1.04178e-05;1.2017e-05;-3.09129e-05;-3.03198e-05;-3.0666e-05;-3.03141e-05;1;0.927739;0.959661;0.928412;5.62215e-06;5.37522e-06;5.49141e-06;5.38779e-06;1.87993e-05;6.05429e-05;5.55611e-05;6.4647e-05;1.25447e-06;1.3741e-06;1.32047e-06;1.34323e-06
5.54644e-06;1.17031e-05;1.06739e-05;1.17339e-05;-2.94724e-05;-2.88979e-05;-2.92328e-05;-2.89065e-05;1;0.918566;0.956697;0.920177;5.33684e-06;5.09532e-06;5.2023e-06;5.10076e-06;2.28474e-05;6.07538e-05;5.59356e-05;6.1083e-05;1.08272e-06;1.15685e-06;1.11143e-06;1.15481e-06
4.71438e-06;7.99909e-06;7.77505e-06;7.96061e-06;-2.56377e-05;-2.52342e-05;-2.54452e-05;-2.52372e-05;1;0.946692;0.967978;0.948388;4.53355e-06;4.37854e-06;4.42582e-06;4.38073e-06;1.68136e-05;3.48976e-05;3.40507e-05;3.4761e-05;1.05398e-06;1.06134e-06;1.0581e-06;1.05887e-06
5.31109e-06;9.70157e-06;8.40293e-06;9.52756e-06;-2.86761e-05;-2.81937e-05;-2.84928e-05;-2.81783e-05;1;0.93579;0.965171;0.932815;5.22957e-06;5.05048e-06;5.13759e-06;5.03548e-06;2.57214e-05;5.18575e-05;4.32634e-05;5.00624e-05;9.29922e-07;9.73986e-07;9.49702e-07;9.97547e-07
2.78823e-06;5.05844e-06;4.94304e-06;5.24098e-06;-2.57102e-05;-2.52808e-05;-2.54847e-05;-2.52629e-05;1;0.938986;0.957784;0.935252;4.65599e-06;4.48169e-06;4.52754e-06;4.47016e-06;8.43879e-06;1.82117e-05;1.77785e-05;1.89595e-05;7.91098e-07;8.57651e-07;8.44442e-07;8.61122e-07
8.17858e-06;1.27025e-05;1.17695e-05;1.33478e-05;-3.24146e-05;-3.19091e-05;-3.223e-05;-3.18637e-05;1;0.939084;0.967057;0.931899;5.72529e-06;5.53293e-06;5.62364e-06;5.50336e-06;3.52485e-05;6.18778e-05;5.66947e-05;6.49731e-05;1.59859e-06;1.61184e-06;1.60414e-06;1.6173e-06
6.53512e-06;1.27114e-05;1.12176e-05;1.27625e-05;-2.93453e-05;-2.87968e-05;-2.91267e-05;-2.87963e-05;1;0.91831;0.954666;0.919133;5.27715e-06;5.0407e-06;5.14222e-06;5.04051e-06;2.90861e-05;6.74719e-05;5.83983e-05;6.76731e-05;1.07939e-06;1.15626e-06;1.12652e-06;1.15043e-06
3.52026e-06;5.7607e-06;5.63853e-06;6.01007e-06;-2.78349e-05;-2.73812e-05;-2.7627e-05;-2.73653e-05;1;0.935433;0.959999;0.932302;5.02288e-06;4.83926e-06;4.90269e-06;4.83253e-06;1.09031e-05;2.04284e-05;2.04368e-05;2.17704e-05;9.77532e-07;1.05822e-06;1.03544e-06;1.05602e-06
5.39484e-06;1.0989e-05;9.12628e-06;1.11847e-05;-2.96712e-05;-2.91362e-05;-2.95155e-05;-2.91142e-05;1;0.926656;0.968289;0.923825;5.34591e-06;5.12123e-06;5.25883e-06;5.1116e-06;2.14771e-05;5.52863e-05;4.50191e-05;5.61199e-05;1.16658e-06;1.22623e-06;1.16515e-06;1.21985e-06
1.45944e-05;2.53813e-05;2.17136e-05;2.69058e-05;-6.04815e-05;-5.92659e-05;-5.99406e-05;-5.90928e-05;1;0.887707;0.924286;0.88363;1.09506e-05;1.04094e-05;1.06382e-05;1.03226e-05;6.29476e-05;0.000131527;0.00010588;0.000138093;3.59069e-06;3.96694e-06;3.85843e-06;3.92301e-06
6.26465e-06;1.27118e-05;1.11847e-05;1.27521e-05;-3.16808e-05;-3.10595e-05;-3.14427e-05;-3.1062e-05;1;0.916494;0.953767;0.915525;5.75785e-06;5.49749e-06;5.61994e-06;5.49829e-06;2.60217e-05;6.55827e-05;5.74437e-05;6.57266e-05;1.18376e-06;1.26731e-06;1.23875e-06;1.27566e-06
4.85494e-06;9.90795e-06;9.66405e-06;9.90628e-06;-2.60697e-05;-2.56115e-05;-2.58154e-05;-2.56102e-05;1;0.936339;0.95258;0.935953;4.68354e-06;4.4786e-06;4.52525e-06;4.47734e-06;2.08748e-05;5.3962e-05;5.30451e-05;5.38093e-05;9.17026e-07;1.00483e-06;1.00248e-06;1.0057e-06
2.13321e-05;2.92707e-05;2.84857e-05;3.00813e-05;-5.42673e-05;-5.34947e-05;-5.39709e-05;-5.34723e-05;1;0.931987;0.965886;0.929736;8.81343e-06;8.53171e-06;8.6516e-06;8.51988e-06;7.26682e-05;0.00012062;0.000117863;0.000126129;3.96363e-06;3.90036e-06;3.89983e-06;3.89061e-06
5.43933e-06;1.01797e-05;9.70368e-06;1.00016e-05;-2.59435e-05;-2.55165e-05;-2.57254e-05;-2.55144e-05;1;0.937526;0.954998;0.936948;4.64893e-06;4.46181e-06;4.51157e-06;4.46125e-06;2.44886e-05;5.59343e-05;5.3157e-05;5.40958e-05;9.13228e-07;9.97976e-07;9.91993e-07;9.96452e-07
6.18948e-06;1.01103e-05;9.01728e-06;1.0158e-05;-2.49146e-05;-2.45442e-05;-2.48049e-05;-2.45369e-05;1;0.936534;0.969187;0.936279;4.39645e-06;4.24191e-06;4.32715e-06;4.24153e-06;2.61795e-05;4.98297e-05;4.39785e-05;4.97947e-05;8.47935e-07;8.78634e-07;8.59611e-07;8.70278e-07
4.85385e-06;9.41416e-06;8.91603e-06;9.14231e-06;-2.66827e-05;-2.62203e-05;-2.64548e-05;-2.62324e-05;1;0.931165;0.955173;0.934267;4.81532e-06;4.61585e-06;4.68207e-06;4.6279e-06;1.95401e-05;4.65539e-05;4.44913e-05;4.50615e-05;8.41387e-07;9.1559e-07;8.93976e-07;9.04609e-07
3.73484e-06;5.83815e-06;5.46293e-06;5.7362e-06;-2.75961e-05;-2.72141e-05;-2.74631e-05;-2.72174e-05;1;0.942662;0.969557;0.943226;4.91485e-06;4.76132e-06;4.83088e-06;4.76361e-06;1.4544e-05;2.40584e-05;2.30094e-05;2.37483e-05;1.02656e-06;1.08383e-06;1.06129e-06;1.08819e-06
2.20184e-05;2.97186e-05;2.90077e-05;3.05741e-05;-5.57925e-05;-5.50073e-05;-5.5485e-05;-5.49796e-05;1;0.932759;0.966669;0.930169;8.99324e-06;8.70955e-06;8.83751e-06;8.69726e-06;7.14581e-05;0.000116375;0.000114381;0.00012211;4.10395e-06;4.03538e-06;4.02549e-06;4.02231e-06
4.97236e-06;7.99656e-06;7.322e-06;7.94078e-06;-2.64899e-05;-2.611e-05;-2.63705e-05;-2.60944e-05;1;0.939638;0.971297;0.939283;4.69532e-06;4.54818e-06;4.62808e-06;4.54269e-06;1.81183e-05;3.40952e-05;3.10787e-05;3.33345e-05;9.79408e-07;9.9834e-07;9.73183e-07;9.96043e-07
2.58264e-05;3.53412e-05;3.3535e-05;3.56786e-05;-5.51899e-05;-5.4418e-05;-5.49542e-05;-5.44013e-05;1;0.931586;0.971146;0.930045;8.90841e-06;8.61823e-06;8.76111e-06;8.61184e-06;9.85935e-05;0.000159382;0.000150686;0.000162552;4.07098e-06;3.99673e-06;4.00833e-06;3.99375e-06
1.18083e-05;1.69586e-05;1.65719e-05;1.70618e-05;-3.82493e-05;-3.76849e-05;-3.80087e-05;-3.76789e-05;1;0.938163;0.963164;0.93656;6.4873e-06;6.27072e-06;6.34665e-06;6.26719e-06;4.09368e-05;6.97504e-05;6.86448e-05;7.0366e-05;2.23277e-06;2.20076e-06;2.20752e-06;2.20456e-06
3.99393e-06;7.65635e-06;7.1165e-06;7.48218e-06;-2.40037e-05;-2.36158e-05;-2.3832e-05;-2.36206e-05;1;0.933246;0.959509;0.93556;4.3034e-06;4.1402e-06;4.19667e-06;4.14513e-06;1.55089e-05;3.6522e-05;3.38383e-05;3.55763e-05;7.24184e-07;7.79698e-07;7.69593e-07;7.78849e-07
6.65629e-06;1.04738e-05;9.52299e-06;1.05365e-05;-3.0233e-05;-2.98056e-05;-3.01175e-05;-2.97911e-05;1;0.942002;0.972963;0.941066;5.3201e-06;5.15612e-06;5.25224e-06;5.14762e-06;2.47463e-05;4.6344e-05;4.22173e-05;4.67737e-05;1.35937e-06;1.37648e-06;1.36355e-06;1.37955e-06
7.25387e-06;1.19613e-05;1.08608e-05;1.19795e-05;-2.74806e-05;-2.70651e-05;-2.73447e-05;-2.70532e-05;1;0.937753;0.969282;0.937789;4.85539e-06;4.69354e-06;4.77954e-06;4.68526e-06;3.10063e-05;6.00265e-05;5.43369e-05;5.99495e-05;1.06954e-06;1.07424e-06;1.05772e-06;1.07758e-06
3.9564e-06;8.33391e-06;8.01954e-06;8.49843e-06;-2.57491e-05;-2.53736e-05;-2.5587e-05;-2.53527e-05;1;0.942732;0.964216;0.940484;4.61578e-06;4.47077e-06;4.52558e-06;4.46052e-06;1.5756e-05;4.4537e-05;4.34388e-05;4.52393e-05;8.57484e-07;8.76e-07;8.60191e-07;8.76269e-07
2.62742e-05;3.21898e-05;3.12593e-05;3.24868e-05;-5.11928e-05;-5.05392e-05;-5.1004e-05;-5.05343e-05;1;0.939076;0.975662;0.939557;8.13199e-06;7.91332e-06;8.02626e-06;7.91075e-06;9.32125e-05;0.00012768;0.000124029;0.000130185;3.56391e-06;3.50343e-06;3.51195e-06;3.49459e-06
6.6615e-06;1.18688e-05;1.07958e-05;1.19623e-05;-2.90989e-05;-2.86159e-05;-2.89158e-05;-2.8605e-05;1;0.919895;0.95404;0.919731;5.17706e-06;4.95634e-06;5.05161e-06;4.95296e-06;2.99929e-05;6.09214e-05;5.59192e-05;6.1735e-05;1.11407e-06;1.19817e-06;1.169e-06;1.19688e-06
2.12406e-05;2.82468e-05;2.67199e-05;2.86783e-05;-4.97562e-05;-4.90576e-05;-4.9545e-05;-4.9056e-05;1;0.931474;0.970369;0.932997;8.12095e-06;7.86143e-06;7.99722e-06;7.86385e-06;7.60651e-05;0.000117279;0.000110496;0.0001209;3.4391e-06;3.38992e-06;3.39825e-06;3.37556e-06
2.87404e-06;4.65845e-06;4.48128e-06;4.77462e-06;-2.50374e-05;-2.47121e-05;-2.49219e-05;-2.47078e-05;1;0.950048;0.972767;0.94864;4.44034e-06;4.31925e-06;4.37718e-06;4.31701e-06;9.28169e-06;1.75074e-05;1.71564e-05;1.82206e-05;8.69033e-07;9.02031e-07;8.74573e-07;8.99426e-07
7.68093e-06;1.27103e-05;1.17501e-05;1.23911e-05;-3.21779e-05;-3.17239e-05;-3.20221e-05;-3.17255e-05;1;0.939919;0.969952;0.941381;5.54517e-06;5.37315e-06;5.45603e-06;5.37381e-06;2.95837e-05;6.10594e-05;5.61966e-05;5.84155e-05;1.65984e-06;1.6549e-06;1.65045e-06;1.65417e-06
6.70645e-06;1.10113e-05;9.86609e-06;1.10433e-05;-2.5371e-05;-2.49784e-05;-2.52476e-05;-2.49742e-05;1;0.935711;0.96863;0.934723;4.47922e-06;4.31657e-06;4.40342e-06;4.31744e-06;2.9642e-05;5.60879e-05;5.03596e-05;5.64009e-05;8.84657e-07;9.08937e-07;8.97671e-07;9.05231e-07
1.65758e-05;2.36212e-05;2.25204e-05;2.40974e-05;-4.85946e-05;-4.78898e-05;-4.834e-05;-4.78784e-05;1;0.929942;0.964265;0.928609;8.05139e-06;7.78426e-06;7.90851e-06;7.77806e-06;5.68108e-05;9.83942e-05;9.39916e-05;0.00010161;3.34712e-06;3.30958e-06;3.30973e-06;3.29869e-06
4.62361e-06;8.07518e-06;7.65879e-06;8.30972e-06;-2.36071e-05;-2.32611e-05;-2.34716e-05;-2.32482e-05;1;0.947427;0.969521;0.945925;4.29771e-06;4.16398e-06;4.21731e-06;4.15864e-06;2.23813e-05;4.38753e-05;4.1625e-05;4.54663e-05;5.51106e-07;5.80343e-07;5.67791e-07;5.75628e-07
1.01777e-05;1.60253e-05;1.4426e-05;1.62348e-05;-3.4859e-05;-3.4351e-05;-3.47171e-05;-3.43327e-05;1;0.931133;0.969389;0.928076;6.01279e-06;5.79703e-06;5.9165e-06;5.7884e-06;4.3956e-05;8.09548e-05;7.2291e-05;8.1927e-05;1.91606e-06;1.95393e-06;1.92669e-06;1.95091e-06
3.96037e-06;7.06611e-06;6.60515e-06;6.77439e-06;-2.21142e-05;-2.17725e-05;-2.19709e-05;-2.17864e-05;1;0.939782;0.965401;0.94315;3.93997e-06;3.78946e-06;3.84529e-06;3.79994e-06;1.71604e-05;3.42452e-05;3.2369e-05;3.28637e-05;6.57269e-07;7.13227e-07;7.00459e-07;7.13869e-07
7.32659e-06;1.12598e-05;1.01602e-05;1.12591e-05;-2.93014e-05;-2.88891e-05;-2.91866e-05;-2.88722e-05;1;0.942006;0.974808;0.940668;5.14462e-06;4.98475e-06;5.07569e-06;4.97759e-06;2.99523e-05;5.2887e-05;4.70187e-05;5.24791e-05;1.27388e-06;1.29013e-06;1.27386e-06;1.28881e-06
1.1175e-05;1.79838e-05;1.60799e-05;1.80806e-05;-3.64391e-05;-3.59025e-05;-3.62928e-05;-3.589e-05;1;0.92923;0.964826;0.92547;6.23618e-06;6.003e-06;6.13083e-06;5.99418e-06;4.70676e-05;9.18781e-05;8.18685e-05;9.25133e-05;2.1299e-06;2.17124e-06;2.15767e-06;2.17816e-06
6.76145e-06;1.08704e-05;9.74892e-06;1.0982e-05;-2.54406e-05;-2.50587e-05;-2.53275e-05;-2.505e-05;1;0.937326;0.96994;0.935713;4.49043e-06;4.33343e-06;4.41818e-06;4.33152e-06;2.95582e-05;5.47244e-05;4.92641e-05;5.55217e-05;8.7239e-07;8.98006e-07;8.85872e-07;8.92388e-07
4.04061e-06;6.34143e-06;5.53758e-06;6.23156e-06;-2.82866e-05;-2.78743e-05;-2.81496e-05;-2.78732e-05;1;0.937827;0.968587;0.938371;5.04056e-06;4.87194e-06;4.95349e-06;4.87142e-06;1.52116e-05;2.55104e-05;1.98146e-05;2.49106e-05;1.07769e-06;1.14314e-06;1.11556e-06;1.14774e-06
3.82225e-06;8.05303e-06;7.61095e-06;7.81552e-06;-2.57207e-05;-2.52711e-05;-2.54839e-05;-2.52803e-05;1;0.933643;0.952701;0.935281;4.64448e-06;4.44716e-06;4.50289e-06;4.45482e-06;1.44584e-05;3.89411e-05;3.69303e-05;3.77005e-05;7.97802e-07;8.80302e-07;8.70284e-07;8.78953e-07
2.95165e-05;3.93472e-05;3.75205e-05;3.93275e-05;-6.12786e-05;-6.04227e-05;-6.09946e-05;-6.04146e-05;1;0.930381;0.969636;0.929471;9.72525e-06;9.41272e-06;9.56418e-06;9.4086e-06;0.000104123;0.00016421;0.000154525;0.000163846;4.67015e-06;4.57144e-06;4.57169e-06;4.56146e-06
1.556e-05;2.30891e-05;2.21073e-05;2.3494e-05;-4.49849e-05;-4.43397e-05;-4.47444e-05;-4.4324e-05;1;0.935213;0.967681;0.933769;7.45884e-06;7.22088e-06;7.32786e-06;7.21082e-06;5.41593e-05;0.000102555;9.84304e-05;0.000105017;2.98016e-06;2.94197e-06;2.94647e-06;2.9374e-06
1.95111e-05;2.94657e-05;2.76559e-05;3.02459e-05;-5.43727e-05;-5.35164e-05;-5.40562e-05;-5.34803e-05;1;0.922512;0.960144;0.919301;9.04025e-06;8.68656e-06;8.85631e-06;8.66716e-06;6.90919e-05;0.000129293;0.000121798;0.000133524;3.90097e-06;3.85018e-06;3.8567e-06;3.83044e-06
8.48294e-06;1.30524e-05;1.17646e-05;1.28322e-05;-3.19916e-05;-3.15549e-05;-3.18719e-05;-3.15485e-05;1;0.94223;0.973643;0.942082;5.52536e-06;5.36354e-06;5.45716e-06;5.36112e-06;3.30108e-05;6.09529e-05;5.38848e-05;5.90246e-05;1.57355e-06;1.56444e-06;1.56624e-06;1.56638e-06
1.64159e-05;2.21857e-05;2.08497e-05;2.23806e-05;-4.568e-05;-4.50338e-05;-4.54783e-05;-4.50296e-05;1;0.932131;0.970148;0.933185;7.55326e-06;7.31414e-06;7.43498e-06;7.30886e-06;5.53624e-05;8.71373e-05;8.09055e-05;8.79617e-05;3.0148e-06;2.96432e-06;2.97907e-06;2.95571e-06
6.18652e-06;9.66145e-06;8.77744e-06;9.56254e-06;-2.75241e-05;-2.71272e-05;-2.74062e-05;-2.71162e-05;1;0.939393;0.972062;0.939358;4.85227e-06;4.69665e-06;4.78519e-06;4.69373e-06;2.36262e-05;4.30944e-05;3.87143e-05;4.17577e-05;1.1042e-06;1.13059e-06;1.10255e-06;1.12377e-06
1.7654e-05;2.61723e-05;2.50084e-05;2.70457e-05;-4.96058e-05;-4.88578e-05;-4.9306e-05;-4.88269e-05;1;0.928268;0.960255;0.925047;8.21313e-06;7.92478e-06;8.03857e-06;7.90437e-06;6.13488e-05;0.000113522;0.000108;0.00011927;3.4697e-06;3.41534e-06;3.42597e-06;3.40924e-06
6.91862e-06;1.07363e-05;9.76564e-06;1.07733e-05;-2.52606e-05;-2.48899e-05;-2.5155e-05;-2.48833e-05;1;0.938851;0.971091;0.936756;4.45153e-06;4.3003e-06;4.38143e-06;4.29774e-06;3.07516e-05;5.34357e-05;4.91328e-05;5.37639e-05;8.70165e-07;8.89571e-07;8.84133e-07;8.92834e-07
4.62755e-06;9.35912e-06;8.9189e-06;9.03764e-06;-2.79344e-05;-2.74575e-05;-2.77094e-05;-2.74685e-05;1;0.930437;0.956036;0.933114;5.04489e-06;4.84329e-06;4.91306e-06;4.8525e-06;1.76865e-05;4.63622e-05;4.47368e-05;4.42758e-05;9.47638e-07;1.01307e-06;9.87487e-07;1.00433e-06
3.73953e-05;4.48485e-05;4.38939e-05;4.50183e-05;-5.85957e-05;-5.78642e-05;-5.8379e-05;-5.78621e-05;1;0.941517;0.977896;0.941618;9.08012e-06;8.84357e-06;8.97108e-06;8.84626e-06;0.000139782;0.000186341;0.000182519;0.000187947;4.25977e-06;4.18898e-06;4.18521e-06;4.1753e-06
6.7452e-06;1.24571e-05;1.04471e-05;1.25096e-05;-3.60068e-05;-3.52437e-05;-3.56781e-05;-3.52442e-05;1;0.913565;0.945972;0.914885;6.66109e-06;6.36686e-06;6.50344e-06;6.36066e-06;2.87588e-05;6.1721e-05;4.94843e-05;6.13176e-05;1.39784e-06;1.52034e-06;1.47889e-06;1.51701e-06
5.72746e-06;1.17442e-05;1.00037e-05;1.17467e-05;-4.23665e-05;-4.14909e-05;-4.19822e-05;-4.15131e-05;1;0.907577;0.943919;0.910746;7.74057e-06;7.36466e-06;7.53449e-06;7.38508e-06;1.79995e-05;5.12186e-05;4.28501e-05;5.21492e-05;2.02031e-06;2.24056e-06;2.16157e-06;2.22251e-06
6.46071e-06;1.12758e-05;9.28885e-06;1.141e-05;-3.59629e-05;-3.52268e-05;-3.56472e-05;-3.52081e-05;1;0.914151;0.94546;0.91346;6.69456e-06;6.41053e-06;6.5401e-06;6.39662e-06;2.95411e-05;5.59103e-05;4.27709e-05;5.47265e-05;1.22289e-06;1.35872e-06;1.32104e-06;1.35075e-06
5.68082e-06;1.10237e-05;1.02782e-05;1.07506e-05;-2.61656e-05;-2.57336e-05;-2.5979e-05;-2.57445e-05;1;0.936703;0.96197;0.940691;4.66072e-06;4.48446e-06;4.55627e-06;4.49436e-06;2.39307e-05;6.02365e-05;5.68415e-05;5.83784e-05;1.00123e-06;1.03675e-06;1.02227e-06;1.02741e-06
8.04219e-06;1.40059e-05;1.16543e-05;1.4928e-05;-3.80184e-05;-3.72175e-05;-3.7644e-05;-3.71648e-05;1;0.906086;0.93621;0.90227;6.96624e-06;6.63402e-06;6.76995e-06;6.607e-06;3.87732e-05;7.23113e-05;5.59114e-05;7.78556e-05;1.67499e-06;1.83824e-06;1.80371e-06;1.83715e-06
4.61483e-06;7.97002e-06;7.26603e-06;7.95039e-06;-2.00806e-05;-1.97795e-05;-1.99635e-05;-1.97732e-05;1;0.940211;0.965903;0.938491;3.58593e-06;3.46251e-06;3.51259e-06;3.45864e-06;2.52271e-05;4.62013e-05;4.16178e-05;4.52349e-05;4.70492e-07;4.96455e-07;4.84654e-07;4.96728e-07
6.61909e-06;1.27655e-05;1.07407e-05;1.32219e-05;-4.4872e-05;-4.39688e-05;-4.45007e-05;-4.39576e-05;1;0.905668;0.945413;0.907348;8.16027e-06;7.77216e-06;7.95483e-06;7.76962e-06;2.1753e-05;5.57645e-05;4.53983e-05;5.88685e-05;2.2704e-06;2.49895e-06;2.41374e-06;2.48914e-06
6.53533e-06;1.18594e-05;1.09579e-05;1.28667e-05;-3.62573e-05;-3.54771e-05;-3.58227e-05;-3.53972e-05;1;0.915296;0.937401;0.906422;6.67526e-06;6.34809e-06;6.45132e-06;6.31058e-06;2.65987e-05;5.60546e-05;5.15361e-05;6.23112e-05;1.53212e-06;1.7252e-06;1.6922e-06;1.73318e-06
6.3944e-06;1.16661e-05;9.54235e-06;1.18221e-05;-3.63628e-05;-3.55958e-05;-3.60376e-05;-3.55863e-05;1;0.908839;0.941686;0.907553;6.7594e-06;6.45626e-06;6.59237e-06;6.44934e-06;2.77989e-05;5.70808e-05;4.34451e-05;5.72196e-05;1.28291e-06;1.43488e-06;1.40492e-06;1.43298e-06
4.91182e-06;9.36888e-06;8.39447e-06;8.95006e-06;-2.68453e-05;-2.64214e-05;-2.66927e-05;-2.64377e-05;1;0.937979;0.967241;0.942404;4.77493e-06;4.60343e-06;4.68676e-06;4.61287e-06;1.88194e-05;4.64495e-05;4.1826e-05;4.39162e-05;1.06416e-06;1.09646e-06;1.07889e-06;1.09666e-06
5.67583e-06;1.07989e-05;9.42588e-06;1.13879e-05;-3.8066e-05;-3.7331e-05;-3.7737e-05;-3.72716e-05;1;0.918288;0.94756;0.907254;7.05521e-06;6.76259e-06;6.87846e-06;6.7194e-06;2.32782e-05;5.20522e-05;4.35364e-05;5.4882e-05;1.4421e-06;1.59299e-06;1.55735e-06;1.63378e-06
3.98443e-06;6.96196e-06;6.28663e-06;7.06417e-06;-1.9039e-05;-1.87589e-05;-1.89377e-05;-1.87563e-05;1;0.943255;0.970322;0.944403;3.40558e-06;3.29266e-06;3.34366e-06;3.29231e-06;2.15784e-05;4.02247e-05;3.57072e-05;4.07881e-05;3.99897e-07;4.26908e-07;4.0888e-07;4.19024e-07
5.69015e-06;1.02427e-05;9.22392e-06;9.9709e-06;-2.74944e-05;-2.70815e-05;-2.73545e-05;-2.70864e-05;1;0.940968;0.969889;0.943302;4.83833e-06;4.67482e-06;4.75503e-06;4.67823e-06;2.20476e-05;5.19066e-05;4.67913e-05;4.98625e-05;1.21056e-06;1.2319e-06;1.22341e-06;1.23291e-06
4.65419e-06;7.93364e-06;7.4542e-06;8.32592e-06;-2.02688e-05;-1.99614e-05;-2.01443e-05;-1.99566e-05;1;0.939228;0.965304;0.939564;3.62215e-06;3.49471e-06;3.54441e-06;3.4934e-06;2.54117e-05;4.51108e-05;4.26143e-05;4.90349e-05;4.88078e-07;5.17327e-07;5.02446e-07;5.14662e-07
5.56825e-06;1.03338e-05;9.44181e-06;9.93116e-06;-2.64686e-05;-2.60446e-05;-2.63048e-05;-2.60604e-05;1;0.938083;0.966031;0.941449;4.6938e-06;4.52284e-06;4.60099e-06;4.53129e-06;2.24816e-05;5.31243e-05;4.89108e-05;5.06017e-05;1.05717e-06;1.08623e-06;1.0692e-06;1.0878e-06
7.39601e-06;1.41524e-05;1.18431e-05;1.45551e-05;-4.55234e-05;-4.45888e-05;-4.51457e-05;-4.45918e-05;1;0.905438;0.942957;0.906965;8.2601e-06;7.84859e-06;8.03924e-06;7.84211e-06;2.45012e-05;6.30351e-05;5.17909e-05;6.66266e-05;2.39127e-06;2.64114e-06;2.56462e-06;2.6425e-06
6.64004e-06;1.18242e-05;1.00374e-05;1.24966e-05;-3.95429e-05;-3.87503e-05;-3.92052e-05;-3.86954e-05;1;0.912933;0.942446;0.898898;7.32705e-06;7.00695e-06;7.14491e-06;6.96175e-06;2.84664e-05;5.56578e-05;4.52476e-05;6.0057e-05;1.58377e-06;1.74291e-06;1.70746e-06;1.80629e-06
5.44419e-06;9.86594e-06;9.09251e-06;1.07774e-05;-3.41944e-05;-3.3475e-05;-3.38092e-05;-3.34319e-05;1;0.923652;0.946895;0.920374;6.4019e-06;6.11765e-06;6.21135e-06;6.09712e-06;2.26154e-05;4.56525e-05;4.21171e-05;5.13672e-05;1.08578e-06;1.23547e-06;1.20816e-06;1.22411e-06
6.08466e-06;1.08208e-05;9.83564e-06;1.0267e-05;-2.69651e-05;-2.65428e-05;-2.68072e-05;-2.65621e-05;1;0.938064;0.966048;0.941401;4.75774e-06;4.58578e-06;4.66312e-06;4.59729e-06;2.48547e-05;5.44416e-05;4.96263e-05;5.11073e-05;1.10117e-06;1.12257e-06;1.11698e-06;1.12764e-06
7.09685e-06;1.22781e-05;1.04123e-05;1.27571e-05;-3.61883e-05;-3.54467e-05;-3.58591e-05;-3.54241e-05;1;0.913803;0.944119;0.913612;6.68403e-06;6.39136e-06;6.51757e-06;6.3814e-06;3.22567e-05;6.14518e-05;4.91119e-05;6.41289e-05;1.40105e-06;1.54547e-06;1.50629e-06;1.53308e-06
4.42511e-06;7.66226e-06;6.84939e-06;7.46628e-06;-2.00119e-05;-1.97118e-05;-1.99003e-05;-1.97146e-05;1;0.941485;0.968356;0.941596;3.57422e-06;3.45066e-06;3.50599e-06;3.45327e-06;2.36253e-05;4.36867e-05;3.81788e-05;4.16735e-05;4.66646e-07;4.92189e-07;4.76291e-07;4.94582e-07
4.05828e-06;6.88533e-06;6.27465e-06;7.1088e-06;-1.93645e-05;-1.90776e-05;-1.92577e-05;-1.90755e-05;1;0.942691;0.969092;0.942701;3.46138e-06;3.34315e-06;3.39539e-06;3.34318e-06;2.20177e-05;3.83703e-05;3.48313e-05;4.05839e-05;4.25631e-07;4.55612e-07;4.38158e-07;4.5238e-07
4.81882e-06;7.97027e-06;7.40689e-06;8.40286e-06;-2.01305e-05;-1.98316e-05;-2.00175e-05;-1.98267e-05;1;0.941085;0.966802;0.940306;3.59287e-06;3.4715e-06;3.5217e-06;3.46671e-06;2.67081e-05;4.55788e-05;4.27155e-05;4.99453e-05;4.77255e-07;5.03875e-07;4.91786e-07;5.04458e-07
9.35048e-06;1.69119e-05;1.39793e-05;1.74939e-05;-4.80974e-05;-4.71015e-05;-4.77109e-05;-4.70822e-05;1;0.890871;0.938378;0.890438;8.7272e-06;8.27197e-06;8.48491e-06;8.26323e-06;3.58003e-05;8.11263e-05;6.43287e-05;8.58644e-05;2.46721e-06;2.77919e-06;2.68001e-06;2.77533e-06
6.55555e-06;1.1828e-05;1.04385e-05;1.20978e-05;-3.66072e-05;-3.58146e-05;-3.62147e-05;-3.57956e-05;1;0.906519;0.935125;0.905543;6.77543e-06;6.47201e-06;6.59059e-06;6.45407e-06;2.66261e-05;5.63833e-05;4.81784e-05;5.74492e-05;1.42437e-06;1.58163e-06;1.54309e-06;1.58839e-06
7.39068e-06;1.30973e-05;1.09958e-05;1.32811e-05;-4.00109e-05;-3.91883e-05;-3.96399e-05;-3.91602e-05;1;0.906016;0.936062;0.896909;7.3692e-06;7.03326e-06;7.16697e-06;7.0107e-06;3.23527e-05;6.43792e-05;5.01801e-05;6.49366e-05;1.69622e-06;1.87318e-06;1.84219e-06;1.91055e-06
7.47649e-06;1.24336e-05;9.98914e-06;1.28722e-05;-3.69894e-05;-3.62302e-05;-3.66899e-05;-3.62139e-05;1;0.906909;0.940788;0.908064;6.84694e-06;6.5379e-06;6.68294e-06;6.53204e-06;3.67159e-05;6.37253e-05;4.69045e-05;6.63095e-05;1.39331e-06;1.57303e-06;1.53309e-06;1.55465e-06
8.32735e-06;1.45267e-05;1.31173e-05;1.55309e-05;-4.12842e-05;-4.03494e-05;-4.0778e-05;-4.02689e-05;1;0.894131;0.918524;0.886652;7.58746e-06;7.19332e-06;7.32057e-06;7.15985e-06;3.47965e-05;6.93476e-05;6.16191e-05;7.54204e-05;1.94114e-06;2.19837e-06;2.16801e-06;2.19257e-06
5.05748e-06;9.26499e-06;8.47667e-06;9.06433e-06;-2.69334e-05;-2.65288e-05;-2.67865e-05;-2.65255e-05;1;0.941673;0.969551;0.942433;4.7653e-06;4.60261e-06;4.67948e-06;4.60469e-06;1.92441e-05;4.59129e-05;4.22373e-05;4.42758e-05;1.1234e-06;1.15639e-06;1.13887e-06;1.15112e-06
4.76706e-06;8.49878e-06;7.82534e-06;8.4407e-06;-2.0491e-05;-2.01807e-05;-2.03625e-05;-2.01766e-05;1;0.939419;0.96442;0.93863;3.64749e-06;3.51792e-06;3.56694e-06;3.51638e-06;2.53591e-05;4.96458e-05;4.49922e-05;4.83398e-05;5.39446e-07;5.69243e-07;5.55903e-07;5.66889e-07
3.28813e-06;5.68688e-06;5.11786e-06;5.74081e-06;-1.82159e-05;-1.79588e-05;-1.8126e-05;-1.79534e-05;1;0.946815;0.971238;0.945574;3.2356e-06;3.13264e-06;3.1818e-06;3.12926e-06;1.63001e-05;3.02156e-05;2.66435e-05;3.03081e-05;4.17825e-07;4.43557e-07;4.23065e-07;4.42291e-07
5.71686e-06;1.04137e-05;9.41523e-06;1.01017e-05;-2.76961e-05;-2.72726e-05;-2.7548e-05;-2.72817e-05;1;0.939898;0.968592;0.943143;4.88665e-06;4.71563e-06;4.79734e-06;4.72005e-06;2.24855e-05;5.29616e-05;4.81162e-05;5.09575e-05;1.21002e-06;1.23653e-06;1.22717e-06;1.24033e-06
7.15168e-06;1.37291e-05;1.21126e-05;1.39412e-05;-3.85768e-05;-3.76848e-05;-3.81005e-05;-3.76437e-05;1;0.896822;0.922354;0.891338;7.11385e-06;6.74847e-06;6.87667e-06;6.72967e-06;2.83218e-05;6.61768e-05;5.68485e-05;6.66462e-05;1.69234e-06;1.89384e-06;1.85772e-06;1.89912e-06
9.10159e-06;1.68445e-05;1.34978e-05;1.73202e-05;-4.76547e-05;-4.66807e-05;-4.72781e-05;-4.66339e-05;1;0.897822;0.942946;0.892807;8.71826e-06;8.26818e-06;8.46938e-06;8.24791e-06;3.71477e-05;8.41491e-05;6.30225e-05;8.61566e-05;2.29727e-06;2.60356e-06;2.52617e-06;2.60683e-06
4.8357e-06;9.76552e-06;8.99065e-06;9.21134e-06;-2.51067e-05;-2.46885e-05;-2.49244e-05;-2.471e-05;1;0.938739;0.961777;0.942928;4.49965e-06;4.33143e-06;4.39889e-06;4.3461e-06;1.98811e-05;5.33898e-05;4.97313e-05;4.98466e-05;8.91906e-07;9.29312e-07;9.23816e-07;9.29779e-07
5.06398e-06;9.9247e-06;9.04251e-06;9.41916e-06;-2.59574e-05;-2.5525e-05;-2.57771e-05;-2.55442e-05;1;0.936395;0.962343;0.940488;4.61818e-06;4.44094e-06;4.51589e-06;4.45343e-06;1.98789e-05;5.04449e-05;4.62365e-05;4.73463e-05;9.98634e-07;1.03062e-06;1.02017e-06;1.02901e-06
6.0206e-06;1.15993e-05;1.07884e-05;1.10467e-05;-2.63168e-05;-2.58752e-05;-2.61287e-05;-2.58978e-05;1;0.938059;0.961858;0.942503;4.70211e-06;4.52263e-06;4.5961e-06;4.53794e-06;2.58916e-05;6.48059e-05;6.12614e-05;6.1278e-05;9.94236e-07;1.02752e-06;1.02136e-06;1.02785e-06
8.86964e-06;1.5895e-05;1.30875e-05;1.66561e-05;-4.79429e-05;-4.69798e-05;-4.75852e-05;-4.69502e-05;1;0.901289;0.945319;0.899849;8.68704e-06;8.25142e-06;8.46707e-06;8.23935e-06;3.29525e-05;7.37224e-05;5.83658e-05;7.92427e-05;2.56857e-06;2.86008e-06;2.75148e-06;2.84586e-06
4.21381e-06;8.49083e-06;7.92549e-06;8.07328e-06;-2.41756e-05;-2.37736e-05;-2.39888e-05;-2.37871e-05;1;0.940277;0.960942;0.942302;4.33615e-06;4.17254e-06;4.22851e-06;4.17904e-06;1.65559e-05;4.41553e-05;4.15189e-05;4.13912e-05;8.29055e-07;8.7697e-07;8.73557e-07;8.82254e-07
6.54318e-06;1.1619e-05;9.941e-06;1.1955e-05;-3.7921e-05;-3.71462e-05;-3.75837e-05;-3.71181e-05;1;0.906907;0.940393;0.903179;7.00204e-06;6.68881e-06;6.82572e-06;6.66627e-06;2.73636e-05;5.57008e-05;4.51665e-05;5.6426e-05;1.48878e-06;1.6725e-06;1.61371e-06;1.68425e-06
5.07806e-06;9.94593e-06;9.23027e-06;9.91104e-06;-2.55266e-05;-2.51364e-05;-2.53663e-05;-2.5138e-05;1;0.936388;0.962528;0.93714;4.53745e-06;4.36461e-06;4.43348e-06;4.36753e-06;2.24389e-05;5.47985e-05;5.11212e-05;5.44942e-05;9.024e-07;9.64242e-07;9.4102e-07;9.61656e-07
7.43126e-06;1.17906e-05;9.61502e-06;1.15905e-05;-2.80101e-05;-2.76245e-05;-2.79641e-05;-2.76218e-05;1;0.944607;0.986206;0.9445;4.89612e-06;4.74243e-06;4.8727e-06;4.74326e-06;3.26582e-05;6.14949e-05;4.91701e-05;5.95117e-05;1.19801e-06;1.23323e-06;1.18187e-06;1.23064e-06
6.99278e-06;1.01009e-05;8.3917e-06;1.03996e-05;-2.85399e-05;-2.8156e-05;-2.84857e-05;-2.81399e-05;1;0.936139;0.980834;0.934311;4.9828e-06;4.81832e-06;4.93719e-06;4.81565e-06;2.88376e-05;4.63149e-05;3.76848e-05;4.79878e-05;1.17203e-06;1.23943e-06;1.20568e-06;1.22539e-06
8.80784e-06;1.43636e-05;1.18481e-05;1.44551e-05;-3.02304e-05;-2.97952e-05;-3.01817e-05;-2.97861e-05;1;0.944479;0.990797;0.945109;5.34524e-06;5.17216e-06;5.31463e-06;5.17325e-06;4.11866e-05;8.18168e-05;6.77435e-05;8.22497e-05;1.27407e-06;1.29702e-06;1.25892e-06;1.28173e-06
5.80313e-06;8.95305e-06;7.80796e-06;9.19332e-06;-2.30717e-05;-2.27636e-05;-2.30101e-05;-2.2749e-05;1;0.947441;0.984108;0.944509;4.03864e-06;3.91687e-06;4.0013e-06;3.90661e-06;2.63368e-05;4.53661e-05;3.96291e-05;4.67187e-05;8.10361e-07;8.27973e-07;8.03964e-07;8.27084e-07
4.56492e-06;7.48099e-06;6.26518e-06;7.33946e-06;-1.96221e-05;-1.93558e-05;-1.95709e-05;-1.93588e-05;1;0.945337;0.981918;0.948117;3.45832e-06;3.35322e-06;3.42731e-06;3.35843e-06;2.16065e-05;3.94632e-05;3.26727e-05;3.84001e-05;4.99035e-07;5.12187e-07;4.92568e-07;5.06287e-07
8.81323e-06;1.42194e-05;1.15936e-05;1.39151e-05;-2.84018e-05;-2.79965e-05;-2.83334e-05;-2.7994e-05;1;0.943288;0.982331;0.941283;5.03093e-06;4.87891e-06;4.98959e-06;4.8749e-06;4.34762e-05;8.17305e-05;6.5124e-05;7.88487e-05;1.01883e-06;1.02718e-06;1.02054e-06;1.03808e-06
7.06858e-06;1.15883e-05;1.04362e-05;1.13356e-05;-2.93593e-05;-2.88982e-05;-2.92078e-05;-2.89084e-05;1;0.931248;0.966475;0.932837;5.16701e-06;4.96667e-06;5.07049e-06;4.97674e-06;2.98813e-05;5.65366e-05;5.04965e-05;5.43841e-05;1.25605e-06;1.31419e-06;1.28098e-06;1.30739e-06
4.1459e-06;7.96747e-06;7.69627e-06;7.95409e-06;-2.4328e-05;-2.39432e-05;-2.41498e-05;-2.39455e-05;1;0.937163;0.960074;0.937154;4.41886e-06;4.26362e-06;4.315e-06;4.26299e-06;1.82748e-05;4.17578e-05;4.08783e-05;4.19592e-05;5.82375e-07;6.40606e-07;6.19557e-07;6.44644e-07
4.54005e-06;9.18885e-06;8.40374e-06;8.57343e-06;-2.49077e-05;-2.44871e-05;-2.47132e-05;-2.45097e-05;1;0.929775;0.955274;0.934964;4.48706e-06;4.30763e-06;4.36666e-06;4.32122e-06;2.03721e-05;4.93381e-05;4.50696e-05;4.57976e-05;7.68828e-07;8.32995e-07;8.26598e-07;8.39449e-07
6.32438e-06;1.01911e-05;8.43308e-06;1.01292e-05;-2.67741e-05;-2.64134e-05;-2.67298e-05;-2.64016e-05;1;0.945786;0.986497;0.944034;4.73205e-06;4.59254e-06;4.7038e-06;4.58549e-06;2.68831e-05;5.16774e-05;4.23756e-05;5.05514e-05;9.76554e-07;1.00122e-06;9.68179e-07;9.99051e-07
8.11139e-06;1.34463e-05;1.18999e-05;1.31864e-05;-3.06565e-05;-3.0172e-05;-3.05135e-05;-3.01906e-05;1;0.929973;0.966944;0.932018;5.36715e-06;5.15727e-06;5.27467e-06;5.16845e-06;3.467e-05;6.72184e-05;5.93039e-05;6.63126e-05;1.41034e-06;1.45607e-06;1.43008e-06;1.46094e-06
3.97248e-06;7.16414e-06;6.40862e-06;6.96354e-06;-2.18033e-05;-2.14866e-05;-2.16888e-05;-2.14888e-05;1;0.942397;0.968039;0.941458;3.87915e-06;3.7513e-06;3.80859e-06;3.75152e-06;1.69719e-05;3.64808e-05;3.23142e-05;3.48455e-05;6.36161e-07;6.63961e-07;6.52783e-07;6.70628e-07
2.38838e-06;4.36215e-06;4.09545e-06;4.59117e-06;-1.7894e-05;-1.76592e-05;-1.78136e-05;-1.76519e-05;1;0.953972;0.976073;0.950858;3.19993e-06;3.11166e-06;3.15057e-06;3.10626e-06;1.00816e-05;2.0997e-05;1.98345e-05;2.23955e-05;3.31524e-07;3.46268e-07;3.3526e-07;3.46247e-07
4.43871e-06;9.25881e-06;8.40488e-06;8.65865e-06;-2.43715e-05;-2.39527e-05;-2.41725e-05;-2.39776e-05;1;0.930677;0.956571;0.938126;4.39182e-06;4.21017e-06;4.26955e-06;4.22838e-06;2.04657e-05;5.12175e-05;4.58433e-05;4.74675e-05;7.45353e-07;8.1207e-07;7.9843e-07;8.05978e-07
6.09714e-06;1.02139e-05;9.22946e-06;1.0068e-05;-2.87995e-05;-2.83501e-05;-2.86492e-05;-2.83645e-05;1;0.931532;0.964518;0.933223;5.09705e-06;4.90073e-06;4.99565e-06;4.91019e-06;2.46734e-05;4.84522e-05;4.38307e-05;4.76353e-05;1.17343e-06;1.24513e-06;1.21814e-06;1.24141e-06
6.08866e-06;1.09999e-05;1.05815e-05;1.10539e-05;-2.57715e-05;-2.5379e-05;-2.56072e-05;-2.53794e-05;1;0.935637;0.962497;0.936092;4.56656e-06;4.39507e-06;4.45924e-06;4.39604e-06;2.82979e-05;6.12295e-05;6.01143e-05;6.20205e-05;9.41877e-07;1.00305e-06;9.7623e-07;1.00222e-06
7.42688e-06;1.23428e-05;1.14945e-05;1.22138e-05;-3.11507e-05;-3.06701e-05;-3.09656e-05;-3.06782e-05;1;0.931907;0.963422;0.932252;5.41365e-06;5.20315e-06;5.2959e-06;5.20895e-06;2.83932e-05;5.69064e-05;5.33253e-05;5.63547e-05;1.51929e-06;1.55781e-06;1.53559e-06;1.55981e-06
6.76519e-06;1.13706e-05;1.08347e-05;1.14622e-05;-3.07594e-05;-3.02698e-05;-3.05489e-05;-3.02716e-05;1;0.931281;0.96141;0.932939;5.36364e-06;5.15201e-06;5.23522e-06;5.15426e-06;2.46064e-05;5.02227e-05;4.84765e-05;5.09618e-05;1.47103e-06;1.50484e-06;1.48222e-06;1.50153e-06
1.11047e-05;1.63872e-05;1.59273e-05;1.66831e-05;-3.63652e-05;-3.58254e-05;-3.61321e-05;-3.58143e-05;1;0.940623;0.964755;0.939122;6.18346e-06;5.9781e-06;6.04952e-06;5.97178e-06;3.98144e-05;7.05416e-05;6.87937e-05;7.2421e-05;2.07344e-06;2.03569e-06;2.04188e-06;2.0321e-06
7.62011e-06;1.1934e-05;1.15971e-05;1.20082e-05;-3.25016e-05;-3.19934e-05;-3.22542e-05;-3.1988e-05;1;0.940664;0.961436;0.939527;5.5823e-06;5.37584e-06;5.43296e-06;5.37146e-06;2.47126e-05;4.72552e-05;4.54729e-05;4.73987e-05;1.71375e-06;1.69107e-06;1.69539e-06;1.68922e-06
3.19709e-06;5.65931e-06;5.54796e-06;5.93451e-06;-1.81233e-05;-1.7875e-05;-1.80282e-05;-1.78642e-05;1;0.954853;0.975863;0.951356;3.26382e-06;3.17135e-06;3.20634e-06;3.16427e-06;1.61722e-05;3.15744e-05;3.16309e-05;3.32865e-05;3.07898e-07;3.27763e-07;3.16463e-07;3.27727e-07
4.21648e-06;8.65275e-06;8.37288e-06;8.68222e-06;-2.49001e-05;-2.45115e-05;-2.47173e-05;-2.45102e-05;1;0.937586;0.958394;0.936345;4.47362e-06;4.3067e-06;4.35841e-06;4.30502e-06;1.81254e-05;4.68001e-05;4.59493e-05;4.6964e-05;7.69263e-07;8.28345e-07;8.12125e-07;8.31241e-07
5.47796e-06;1.02387e-05;9.74819e-06;1.01841e-05;-2.55871e-05;-2.5187e-05;-2.54072e-05;-2.51887e-05;1;0.936799;0.961719;0.935886;4.55844e-06;4.38745e-06;4.44654e-06;4.38579e-06;2.5098e-05;5.64429e-05;5.41839e-05;5.64895e-05;8.91397e-07;9.51599e-07;9.30053e-07;9.58929e-07
8.08463e-06;1.22332e-05;1.1732e-05;1.22675e-05;-3.31541e-05;-3.26562e-05;-3.29307e-05;-3.26488e-05;1;0.941206;0.963187;0.938708;5.69174e-06;5.49757e-06;5.56128e-06;5.49377e-06;2.70921e-05;4.9212e-05;4.6584e-05;4.90882e-05;1.76908e-06;1.74685e-06;1.75369e-06;1.74958e-06
7.60486e-06;1.26837e-05;1.20045e-05;1.26386e-05;-3.30777e-05;-3.25602e-05;-3.28593e-05;-3.25628e-05;1;0.933357;0.962037;0.934171;5.73355e-06;5.51345e-06;5.60027e-06;5.51654e-06;2.76749e-05;5.65201e-05;5.3827e-05;5.61453e-05;1.71509e-06;1.73501e-06;1.7171e-06;1.72968e-06
6.39384e-06;1.06797e-05;9.65123e-06;1.05442e-05;-2.96073e-05;-2.91459e-05;-2.94518e-05;-2.91544e-05;1;0.931592;0.963629;0.931515;5.22925e-06;5.02897e-06;5.12387e-06;5.03256e-06;2.59634e-05;5.05938e-05;4.57242e-05;4.97052e-05;1.25247e-06;1.31562e-06;1.29416e-06;1.32002e-06
5.03708e-06;1.03609e-05;9.95465e-06;1.03867e-05;-2.75545e-05;-2.70996e-05;-2.73221e-05;-2.70982e-05;1;0.933896;0.953094;0.933234;4.91262e-06;4.71188e-06;4.76639e-06;4.70634e-06;2.13874e-05;5.6735e-05;5.49965e-05;5.6851e-05;1.07477e-06;1.16132e-06;1.15251e-06;1.16806e-06
1.83479e-06;3.31642e-06;2.98517e-06;3.30002e-06;-1.93393e-05;-1.90705e-05;-1.92495e-05;-1.90706e-05;1;0.948555;0.974595;0.948719;3.45575e-06;3.34745e-06;3.40062e-06;3.34781e-06;5.62558e-06;1.22565e-05;1.11092e-05;1.21819e-05;4.39859e-07;4.84911e-07;4.64252e-07;4.84972e-07
4.22668e-06;6.84319e-06;6.07716e-06;6.74882e-06;-2.59135e-05;-2.5512e-05;-2.57836e-05;-2.55206e-05;1;0.932109;0.968448;0.932839;4.57698e-06;4.40371e-06;4.4995e-06;4.41037e-06;1.40073e-05;2.56637e-05;2.26296e-05;2.53176e-05;9.21307e-07;9.72162e-07;9.3106e-07;9.70045e-07
6.94465e-06;1.223e-05;1.14914e-05;1.19858e-05;-3.00413e-05;-2.95451e-05;-2.98198e-05;-2.95519e-05;1;0.927043;0.952657;0.925854;5.29332e-06;5.07476e-06;5.14706e-06;5.07815e-06;2.87801e-05;6.16024e-05;5.77648e-05;5.98332e-05;1.37197e-06;1.44217e-06;1.43335e-06;1.44601e-06
1.00274e-05;1.57359e-05;1.53518e-05;1.58109e-05;-3.85782e-05;-3.79562e-05;-3.82779e-05;-3.79595e-05;1;0.932398;0.956123;0.934481;6.56952e-06;6.31554e-06;6.39645e-06;6.31846e-06;3.44628e-05;6.48807e-05;6.39392e-05;6.5463e-05;2.31364e-06;2.28635e-06;2.28623e-06;2.2784e-06
1.06328e-05;1.74962e-05;1.56438e-05;1.76366e-05;-3.40809e-05;-3.35484e-05;-3.39086e-05;-3.3542e-05;1;0.924579;0.966053;0.923249;5.80667e-06;5.56447e-06;5.69679e-06;5.56242e-06;4.56092e-05;8.88757e-05;7.85859e-05;8.95349e-05;1.95167e-06;1.98943e-06;1.95127e-06;1.98623e-06
4.90656e-06;8.43049e-06;7.83412e-06;8.43652e-06;-2.76633e-05;-2.72351e-05;-2.74951e-05;-2.7238e-05;1;0.931832;0.959817;0.931324;4.87653e-06;4.68542e-06;4.7615e-06;4.68558e-06;1.80476e-05;3.70444e-05;3.45233e-05;3.72034e-05;1.17104e-06;1.24605e-06;1.22466e-06;1.251e-06
2.83869e-06;5.30765e-06;5.12492e-06;5.60324e-06;-1.84417e-05;-1.81843e-05;-1.83376e-05;-1.81745e-05;1;0.95419;0.974732;0.951607;3.3301e-06;3.23475e-06;3.27046e-06;3.22837e-06;1.36495e-05;2.87932e-05;2.80958e-05;3.07509e-05;3.14908e-07;3.37287e-07;3.25445e-07;3.35831e-07
3.68365e-06;6.46426e-06;5.77217e-06;6.40587e-06;-2.04936e-05;-2.0202e-05;-2.03959e-05;-2.0203e-05;1;0.944168;0.970455;0.943736;3.63815e-06;3.51871e-06;3.57436e-06;3.51815e-06;1.52827e-05;3.15273e-05;2.81157e-05;3.10736e-05;5.46849e-07;5.75064e-07;5.65303e-07;5.77301e-07
6.8755e-06;1.14527e-05;1.09869e-05;1.15837e-05;-3.15628e-05;-3.10628e-05;-3.13442e-05;-3.106e-05;1;0.931208;0.960266;0.93236;5.49215e-06;5.27995e-06;5.36167e-06;5.27818e-06;2.46447e-05;4.97489e-05;4.83251e-05;5.05119e-05;1.56673e-06;1.59644e-06;1.57594e-06;1.59431e-06
6.81595e-06;1.24083e-05;1.11844e-05;1.23023e-05;-2.67998e-05;-2.63808e-05;-2.66467e-05;-2.63822e-05;1;0.931543;0.962618;0.931911;4.73367e-06;4.54915e-06;4.63486e-06;4.54998e-06;3.18309e-05;6.97631e-05;6.27314e-05;6.89464e-05;1.03167e-06;1.08749e-06;1.05854e-06;1.08969e-06
1.67686e-06;3.05147e-06;2.82558e-06;3.20502e-06;-1.76145e-05;-1.73779e-05;-1.75325e-05;-1.73708e-05;1;0.953375;0.975764;0.951039;3.16423e-06;3.07423e-06;3.11323e-06;3.06867e-06;5.98848e-06;1.22986e-05;1.13698e-05;1.30952e-05;2.88028e-07;3.13509e-07;3.01773e-07;3.14404e-07
4.11698e-06;6.97976e-06;6.30323e-06;6.91409e-06;-2.04083e-05;-2.01201e-05;-2.03136e-05;-2.01219e-05;1;0.943363;0.970674;0.943266;3.61583e-06;3.50049e-06;3.55545e-06;3.50177e-06;1.79402e-05;3.47896e-05;3.17342e-05;3.46622e-05;5.38261e-07;5.59929e-07;5.51923e-07;5.63255e-07
5.82261e-06;9.0853e-06;7.85243e-06;9.24068e-06;-2.4234e-05;-2.39065e-05;-2.41785e-05;-2.3894e-05;1;0.945683;0.986589;0.944534;4.24862e-06;4.11941e-06;4.21623e-06;4.10969e-06;2.544e-05;4.50551e-05;3.91841e-05;4.58033e-05;8.95413e-07;9.17674e-07;8.83758e-07;9.17338e-07
8.16465e-06;1.33306e-05;1.24973e-05;1.34158e-05;-3.12381e-05;-3.07534e-05;-3.10531e-05;-3.07582e-05;1;0.93047;0.964066;0.93324;5.41109e-06;5.19995e-06;5.29475e-06;5.20421e-06;3.23034e-05;6.26829e-05;5.94709e-05;6.35376e-05;1.54655e-06;1.57833e-06;1.55329e-06;1.57094e-06
5.41056e-06;1.05683e-05;1.01586e-05;1.04605e-05;-2.64009e-05;-2.59707e-05;-2.61879e-05;-2.59762e-05;1;0.934857;0.955979;0.935079;4.70679e-06;4.51513e-06;4.57044e-06;4.51781e-06;2.513e-05;5.95804e-05;5.76093e-05;5.89005e-05;9.72765e-07;1.05363e-06;1.03959e-06;1.05473e-06
2.41094e-06;4.082e-06;3.77565e-06;4.22768e-06;-1.79276e-05;-1.76902e-05;-1.78537e-05;-1.7684e-05;1;0.953144;0.9782;0.950902;3.21998e-06;3.13138e-06;3.17518e-06;3.12739e-06;1.02664e-05;1.88698e-05;1.74864e-05;1.95704e-05;2.90858e-07;3.10243e-07;2.94469e-07;3.09164e-07
8.12353e-06;1.38635e-05;1.22114e-05;1.3784e-05;-3.34776e-05;-3.30203e-05;-3.33861e-05;-3.30088e-05;1;0.940497;0.979343;0.936254;5.91143e-06;5.7237e-06;5.85026e-06;5.70968e-06;3.70516e-05;7.67035e-05;6.74825e-05;7.54586e-05;1.57538e-06;1.62195e-06;1.55463e-06;1.64533e-06
3.61195e-06;6.03621e-06;5.13976e-06;6.00573e-06;-2.12189e-05;-2.09452e-05;-2.11644e-05;-2.09425e-05;1;0.947714;0.980123;0.948449;3.72909e-06;3.6174e-06;3.69377e-06;3.61791e-06;1.46708e-05;2.81729e-05;2.38751e-05;2.80043e-05;6.73544e-07;7.00902e-07;6.71545e-07;6.97911e-07
3.18405e-06;6.13694e-06;5.86495e-06;5.9732e-06;-2.01582e-05;-1.98301e-05;-1.99806e-05;-1.9825e-05;1;0.944235;0.958578;0.940993;3.6252e-06;3.48809e-06;3.51861e-06;3.48406e-06;1.41487e-05;3.12179e-05;2.91508e-05;2.92952e-05;4.94535e-07;5.43482e-07;5.41387e-07;5.48652e-07
3.21322e-06;5.33145e-06;4.47909e-06;5.19475e-06;-1.82111e-05;-1.79732e-05;-1.81664e-05;-1.7978e-05;1;0.948494;0.983235;0.951636;3.21061e-06;3.11543e-06;3.18151e-06;3.11917e-06;1.36482e-05;2.53555e-05;2.12576e-05;2.45413e-05;4.3071e-07;4.51579e-07;4.2858e-07;4.47331e-07
5.48263e-06;9.57504e-06;9.09336e-06;9.73374e-06;-2.71785e-05;-2.6757e-05;-2.69952e-05;-2.67515e-05;1;0.940026;0.964382;0.93833;4.84199e-06;4.66949e-06;4.72896e-06;4.66656e-06;2.34251e-05;4.77133e-05;4.52178e-05;4.86843e-05;1.04051e-06;1.07302e-06;1.0617e-06;1.07446e-06
8.67862e-06;1.45879e-05;1.28956e-05;1.49452e-05;-3.30026e-05;-3.25477e-05;-3.29061e-05;-3.25277e-05;1;0.942052;0.980782;0.93606;5.89238e-06;5.71501e-06;5.82996e-06;5.69797e-06;4.25047e-05;8.39612e-05;7.40536e-05;8.67215e-05;1.35797e-06;1.38854e-06;1.34001e-06;1.40751e-06
6.22036e-06;1.06133e-05;9.76515e-06;1.03902e-05;-2.86632e-05;-2.82041e-05;-2.84899e-05;-2.82095e-05;1;0.934173;0.965305;0.934634;5.11839e-06;4.92902e-06;5.01247e-06;4.93346e-06;2.61609e-05;5.21785e-05;4.79618e-05;5.06212e-05;1.12718e-06;1.1826e-06;1.15811e-06;1.18092e-06
6.54895e-06;1.14588e-05;1.12153e-05;1.1671e-05;-2.87018e-05;-2.82174e-05;-2.84375e-05;-2.82113e-05;1;0.936719;0.954613;0.936489;5.0204e-06;4.80499e-06;4.85544e-06;4.80478e-06;2.65781e-05;5.4628e-05;5.33059e-05;5.59816e-05;1.32385e-06;1.33895e-06;1.33106e-06;1.3305e-06
8.41751e-06;1.40857e-05;1.27365e-05;1.40184e-05;-3.80812e-05;-3.75739e-05;-3.7963e-05;-3.75704e-05;1;0.941586;0.979211;0.940077;6.61002e-06;6.40364e-06;6.53721e-06;6.4e-06;3.32163e-05;6.98215e-05;6.33368e-05;6.88912e-05;2.11661e-06;2.15457e-06;2.09734e-06;2.15823e-06
6.61736e-06;1.32801e-05;1.29733e-05;1.344e-05;-3.2577e-05;-3.19869e-05;-3.22302e-05;-3.19734e-05;1;0.930554;0.947511;0.928726;5.71026e-06;5.4383e-06;5.49072e-06;5.4286e-06;2.49577e-05;6.60351e-05;6.41007e-05;6.65254e-05;1.68406e-06;1.73396e-06;1.73334e-06;1.73766e-06
5.48005e-06;9.27948e-06;8.83244e-06;9.58631e-06;-2.70339e-05;-2.66244e-05;-2.6863e-05;-2.66116e-05;1;0.94004;0.96532;0.936743;4.83271e-06;4.66501e-06;4.72664e-06;4.65881e-06;2.44125e-05;4.65491e-05;4.45318e-05;4.90849e-05;9.90859e-07;1.03176e-06;1.01368e-06;1.03379e-06
1.85155e-06;3.7225e-06;3.36628e-06;3.81567e-06;-3.17873e-05;-3.11653e-05;-3.14648e-05;-3.11566e-05;1;0.912256;0.936457;0.911137;5.92982e-06;5.68635e-06;5.7705e-06;5.68361e-06;4.95993e-06;1.19983e-05;1.03657e-05;1.2176e-05;8.8893e-07;1.10955e-06;1.06412e-06;1.10126e-06
7.76185e-06;1.29398e-05;1.15062e-05;1.26398e-05;-3.32341e-05;-3.27243e-05;-3.30859e-05;-3.27497e-05;1;0.932728;0.969467;0.936023;5.79383e-06;5.58124e-06;5.6933e-06;5.59211e-06;3.10275e-05;6.14342e-05;5.43265e-05;6.01181e-05;1.69055e-06;1.70741e-06;1.69703e-06;1.71909e-06
6.02344e-06;1.08055e-05;1.02905e-05;1.09129e-05;-2.71332e-05;-2.66809e-05;-2.68958e-05;-2.66755e-05;1;0.937625;0.95611;0.936991;4.77744e-06;4.58084e-06;4.63119e-06;4.57894e-06;2.599e-05;5.41055e-05;5.05269e-05;5.49938e-05;1.1564e-06;1.17835e-06;1.17452e-06;1.17422e-06
6.68691e-06;1.13784e-05;1.03798e-05;1.14707e-05;-2.91309e-05;-2.87167e-05;-2.90064e-05;-2.87083e-05;1;0.939714;0.971213;0.937079;5.14627e-06;4.96789e-06;5.062e-06;4.95983e-06;3.01284e-05;6.00136e-05;5.50942e-05;6.05926e-05;1.23403e-06;1.29153e-06;1.25046e-06;1.29865e-06
2.99341e-06;8.2842e-06;7.41252e-06;7.49936e-06;-2.56082e-05;-2.50423e-05;-2.52707e-05;-2.50812e-05;1;0.926779;0.947993;0.93381;4.72498e-06;4.47165e-06;4.5299e-06;4.49319e-06;1.20243e-05;4.44434e-05;3.90272e-05;3.93188e-05;7.26839e-07;8.69874e-07;8.66681e-07;8.66904e-07
6.12372e-06;1.04607e-05;9.73763e-06;1.04047e-05;-2.81117e-05;-2.76612e-05;-2.79246e-05;-2.76661e-05;1;0.936672;0.963124;0.936777;5.03754e-06;4.85904e-06;4.92872e-06;4.86184e-06;2.69665e-05;5.33547e-05;4.92173e-05;5.32937e-05;1.07728e-06;1.12389e-06;1.10919e-06;1.12479e-06
7.37701e-06;1.25581e-05;1.09788e-05;1.2522e-05;-3.21972e-05;-3.17516e-05;-3.21162e-05;-3.17457e-05;1;0.936955;0.979788;0.936419;5.65668e-06;5.46072e-06;5.59661e-06;5.45562e-06;3.26585e-05;6.71046e-05;5.86026e-05;6.63034e-05;1.56317e-06;1.63759e-06;1.55452e-06;1.64601e-06
3.70288e-06;6.52231e-06;5.54016e-06;6.44291e-06;-1.90055e-05;-1.87446e-05;-1.8942e-05;-1.87447e-05;1;0.946991;0.979105;0.947761;3.37714e-06;3.2747e-06;3.33535e-06;3.27478e-06;1.71076e-05;3.46199e-05;2.92265e-05;3.4058e-05;4.33258e-07;4.48344e-07;4.37237e-07;4.48541e-07
8.72958e-06;1.4865e-05;1.28971e-05;1.46112e-05;-3.59498e-05;-3.54617e-05;-3.58618e-05;-3.54753e-05;1;0.941111;0.98242;0.942026;6.26409e-06;6.05947e-06;6.20081e-06;6.06493e-06;3.81955e-05;7.98961e-05;6.93562e-05;7.83879e-05;1.93615e-06;1.97603e-06;1.91799e-06;1.98297e-06
3.68076e-06;7.0906e-06;6.98457e-06;7.36893e-06;-2.05787e-05;-2.02466e-05;-2.04022e-05;-2.02328e-05;1;0.944319;0.960497;0.940547;3.68576e-06;3.55073e-06;3.58189e-06;3.54162e-06;1.68891e-05;3.79454e-05;3.72509e-05;3.95997e-05;5.71793e-07;6.05882e-07;6.00731e-07;6.09293e-07
7.86776e-06;1.35888e-05;1.18989e-05;1.3671e-05;-3.22616e-05;-3.18245e-05;-3.21723e-05;-3.18049e-05;1;0.942539;0.980153;0.935961;5.68527e-06;5.50501e-06;5.62532e-06;5.48786e-06;3.62199e-05;7.56949e-05;6.5767e-05;7.53119e-05;1.48651e-06;1.52277e-06;1.46467e-06;1.54431e-06
5.24579e-06;8.9743e-06;8.49875e-06;8.78052e-06;-2.39972e-05;-2.36221e-05;-2.38213e-05;-2.36249e-05;1;0.939189;0.961278;0.938856;4.25427e-06;4.09495e-06;4.14689e-06;4.09819e-06;2.48769e-05;4.65676e-05;4.36261e-05;4.52185e-05;8.1966e-07;8.5694e-07;8.42593e-07;8.59502e-07
2.50352e-06;4.99608e-06;4.96073e-06;5.08585e-06;-1.84817e-05;-1.82229e-05;-1.8366e-05;-1.82205e-05;1;0.958138;0.974211;0.957342;3.35804e-06;3.26475e-06;3.29511e-06;3.26386e-06;1.12234e-05;2.72043e-05;2.74084e-05;2.78345e-05;3.10757e-07;3.35032e-07;3.27232e-07;3.33354e-07
7.98758e-06;1.3114e-05;1.17046e-05;1.28324e-05;-3.37515e-05;-3.32407e-05;-3.36031e-05;-3.32635e-05;1;0.933609;0.970139;0.936034;5.8549e-06;5.64348e-06;5.75897e-06;5.65609e-06;3.13363e-05;6.1109e-05;5.41747e-05;5.98168e-05;1.77163e-06;1.78442e-06;1.76677e-06;1.78799e-06
4.88221e-06;9.79771e-06;9.09261e-06;1.03687e-05;-3.41739e-05;-3.34481e-05;-3.37679e-05;-3.34211e-05;1;0.927356;0.947889;0.923195;6.37254e-06;6.08152e-06;6.17009e-06;6.07393e-06;1.88248e-05;4.59685e-05;4.26585e-05;5.00542e-05;1.18586e-06;1.33636e-06;1.31422e-06;1.32569e-06
2.40363e-06;6.67664e-06;5.85426e-06;5.97142e-06;-2.41292e-05;-2.36393e-05;-2.38682e-05;-2.36708e-05;1;0.926408;0.948695;0.930494;4.46364e-06;4.26405e-06;4.32746e-06;4.2821e-06;8.94208e-06;3.46509e-05;3.0033e-05;3.0228e-05;5.28279e-07;6.19902e-07;6.14057e-07;6.2745e-07
3.04522e-06;5.09248e-06;4.87348e-06;5.21645e-06;-2.45158e-05;-2.41488e-05;-2.43541e-05;-2.41437e-05;1;0.943104;0.965375;0.942196;4.43016e-06;4.28079e-06;4.33015e-06;4.27906e-06;1.11852e-05;2.04067e-05;1.9583e-05;2.11268e-05;6.69867e-07;7.35395e-07;7.19505e-07;7.30442e-07
2.96667e-06;6.27786e-06;6.06353e-06;6.00203e-06;-2.24576e-05;-2.20816e-05;-2.22618e-05;-2.2094e-05;1;0.941464;0.960256;0.944302;4.04762e-06;3.89069e-06;3.93291e-06;3.89841e-06;1.12304e-05;3.07107e-05;2.99261e-05;2.90881e-05;6.54331e-07;7.1286e-07;7.04584e-07;7.13052e-07
3.38208e-06;7.94917e-06;7.24582e-06;7.71519e-06;-2.62419e-05;-2.57253e-05;-2.59706e-05;-2.57367e-05;1;0.92449;0.947114;0.926457;4.83493e-06;4.62413e-06;4.68948e-06;4.63353e-06;1.28066e-05;4.00953e-05;3.64499e-05;3.89919e-05;6.86908e-07;7.72001e-07;7.60998e-07;7.72353e-07
8.26302e-06;1.30498e-05;1.14398e-05;1.30999e-05;-3.50638e-05;-3.45415e-05;-3.49482e-05;-3.45451e-05;1;0.929193;0.97782;0.930605;6.02879e-06;5.80145e-06;5.95055e-06;5.80106e-06;2.99744e-05;5.63668e-05;4.96948e-05;5.71627e-05;1.96493e-06;2.00832e-06;1.96756e-06;2.00583e-06
4.89317e-06;8.86226e-06;7.60137e-06;8.52582e-06;-2.41735e-05;-2.38411e-05;-2.40866e-05;-2.3841e-05;1;0.945258;0.976536;0.946197;4.31102e-06;4.18344e-06;4.25637e-06;4.18753e-06;2.28505e-05;4.87646e-05;4.12304e-05;4.60917e-05;7.53761e-07;7.64297e-07;7.554e-07;7.66716e-07
4.50417e-06;8.68928e-06;7.63062e-06;8.08608e-06;-2.36727e-05;-2.33001e-05;-2.35369e-05;-2.33173e-05;1;0.93177;0.9642;0.936581;4.22394e-06;4.06193e-06;4.1329e-06;4.07175e-06;1.94813e-05;4.48456e-05;3.91548e-05;4.10173e-05;7.15905e-07;7.67876e-07;7.52192e-07;7.74178e-07
4.83192e-06;8.27728e-06;8.01122e-06;8.69761e-06;-2.4327e-05;-2.39447e-05;-2.41392e-05;-2.39372e-05;1;0.940248;0.960664;0.940131;4.30555e-06;4.13986e-06;4.18888e-06;4.13626e-06;2.13705e-05;4.00593e-05;3.86969e-05;4.37701e-05;8.88719e-07;9.32543e-07;9.16746e-07;9.26579e-07
4.8814e-06;8.03608e-06;7.70972e-06;8.2472e-06;-2.32926e-05;-2.29372e-05;-2.31274e-05;-2.29324e-05;1;0.939743;0.961058;0.939376;4.12366e-06;3.96748e-06;4.01571e-06;3.96447e-06;2.33019e-05;4.06907e-05;3.85607e-05;4.18769e-05;7.83884e-07;8.45428e-07;8.2853e-07;8.41191e-07
1.02281e-05;1.58829e-05;1.39676e-05;1.58258e-05;-3.47943e-05;-3.42715e-05;-3.46831e-05;-3.42782e-05;1;0.926314;0.977673;0.928175;5.96913e-06;5.73962e-06;5.89547e-06;5.74269e-06;4.26919e-05;7.69316e-05;6.78249e-05;7.67131e-05;1.9462e-06;1.99354e-06;1.94534e-06;1.99609e-06
5.84814e-06;1.02605e-05;9.77379e-06;9.87884e-06;-2.58158e-05;-2.54009e-05;-2.56048e-05;-2.54044e-05;1;0.940197;0.958648;0.938753;4.56365e-06;4.38956e-06;4.43658e-06;4.39108e-06;2.71782e-05;5.37167e-05;5.01881e-05;5.00359e-05;1.00426e-06;1.02353e-06;1.02103e-06;1.03098e-06
4.07734e-06;7.71682e-06;6.98285e-06;7.3298e-06;-2.37006e-05;-2.33255e-05;-2.35369e-05;-2.33372e-05;1;0.942388;0.965914;0.944076;4.24375e-06;4.08415e-06;4.13993e-06;4.09055e-06;1.72643e-05;3.85029e-05;3.43219e-05;3.60686e-05;7.38005e-07;7.88142e-07;7.80527e-07;7.9385e-07
3.5038e-06;6.74985e-06;6.42404e-06;6.53288e-06;-2.03379e-05;-1.99934e-05;-2.01446e-05;-1.99889e-05;1;0.942796;0.95665;0.939946;3.65358e-06;3.50723e-06;3.53831e-06;3.5049e-06;1.63809e-05;3.53908e-05;3.29091e-05;3.32954e-05;5.31418e-07;5.76806e-07;5.7438e-07;5.80721e-07
3.19851e-06;5.66543e-06;5.12374e-06;5.76266e-06;-1.92868e-05;-1.90258e-05;-1.91975e-05;-1.90202e-05;1;0.949331;0.972533;0.948388;3.45881e-06;3.35731e-06;3.40205e-06;3.35222e-06;1.61809e-05;3.09552e-05;2.75581e-05;3.15639e-05;4.114e-07;4.33826e-07;4.2381e-07;4.38243e-07
5.07979e-06;7.19792e-06;6.3465e-06;6.81047e-06;-2.65565e-05;-2.61751e-05;-2.64442e-05;-2.61845e-05;1;0.937349;0.970441;0.940563;4.71004e-06;4.55437e-06;4.63824e-06;4.56134e-06;2.74252e-05;3.65774e-05;3.07272e-05;3.29033e-05;9.62977e-07;1.01971e-06;9.85586e-07;1.01528e-06
1.10751e-05;1.67302e-05;1.57969e-05;1.71775e-05;-4.50707e-05;-4.43771e-05;-4.48026e-05;-4.43626e-05;1;0.923254;0.95544;0.921206;7.6218e-06;7.32936e-06;7.45709e-06;7.31817e-06;3.35867e-05;6.24361e-05;5.9349e-05;6.51434e-05;2.94883e-06;2.96994e-06;2.96934e-06;2.96732e-06
6.2869e-06;1.03439e-05;9.34136e-06;1.00767e-05;-2.46914e-05;-2.43269e-05;-2.45675e-05;-2.43293e-05;1;0.936092;0.966824;0.9374;4.35529e-06;4.20313e-06;4.27693e-06;4.20592e-06;3.02785e-05;5.57282e-05;4.93893e-05;5.3888e-05;8.88572e-07;9.27341e-07;9.04108e-07;9.30299e-07
3.08501e-06;5.27162e-06;4.72262e-06;5.37567e-06;-2.15102e-05;-2.11925e-05;-2.14079e-05;-2.11891e-05;1;0.941026;0.970552;0.94075;3.87631e-06;3.75383e-06;3.81724e-06;3.7522e-06;1.26155e-05;2.35573e-05;2.07248e-05;2.40806e-05;4.94749e-07;5.24232e-07;4.98938e-07;5.1728e-07
3.88945e-06;6.51769e-06;5.96621e-06;6.87172e-06;-2.04628e-05;-2.01674e-05;-2.03637e-05;-2.01556e-05;1;0.945683;0.973463;0.94469;3.65911e-06;3.54304e-06;3.60141e-06;3.53829e-06;1.86502e-05;3.3977e-05;3.05105e-05;3.64387e-05;5.35898e-07;5.71289e-07;5.44496e-07;5.61949e-07
4.99151e-06;7.19902e-06;6.42447e-06;6.90123e-06;-2.66213e-05;-2.6229e-05;-2.64927e-05;-2.62397e-05;1;0.936723;0.967949;0.939988;4.72557e-06;4.56673e-06;4.64859e-06;4.57349e-06;2.6555e-05;3.61237e-05;3.08481e-05;3.33051e-05;9.73901e-07;1.02393e-06;9.92811e-07;1.02322e-06
2.38562e-05;3.64153e-05;3.29796e-05;3.58548e-05;-5.83729e-05;-5.74387e-05;-5.80753e-05;-5.74825e-05;1;0.918974;0.959549;0.921195;9.61526e-06;9.22625e-06;9.43629e-06;9.24365e-06;8.9681e-05;0.000170617;0.000153523;0.000168504;4.36725e-06;4.28102e-06;4.32866e-06;4.30198e-06
4.1356e-06;7.16077e-06;6.54804e-06;7.2303e-06;-2.02964e-05;-2.00001e-05;-2.01855e-05;-1.99871e-05;1;0.946133;0.970879;0.943253;3.61945e-06;3.50195e-06;3.55293e-06;3.49423e-06;2.0288e-05;3.8658e-05;3.45046e-05;3.78997e-05;5.22226e-07;5.43807e-07;5.27702e-07;5.41029e-07
5.01897e-06;8.44818e-06;7.76415e-06;8.45245e-06;-2.39509e-05;-2.35974e-05;-2.38311e-05;-2.35989e-05;1;0.942124;0.972522;0.943709;4.27237e-06;4.12719e-06;4.19491e-06;4.12885e-06;2.22269e-05;4.24461e-05;3.90957e-05;4.24006e-05;7.31855e-07;7.74233e-07;7.54972e-07;7.70492e-07
7.81635e-06;1.50348e-05;1.48328e-05;1.51541e-05;-3.51397e-05;-3.45019e-05;-3.47852e-05;-3.44986e-05;1;0.926808;0.946048;0.927248;6.1625e-06;5.87646e-06;5.94721e-06;5.87867e-06;2.93112e-05;7.46536e-05;7.46174e-05;7.53715e-05;1.90349e-06;1.97203e-06;1.96008e-06;1.9591e-06
8.37472e-06;1.32356e-05;1.19843e-05;1.35892e-05;-3.34856e-05;-3.30022e-05;-3.33509e-05;-3.29709e-05;1;0.931948;0.970101;0.926602;5.85984e-06;5.6599e-06;5.77241e-06;5.64426e-06;3.40891e-05;6.31607e-05;5.6838e-05;6.47024e-05;1.62617e-06;1.66514e-06;1.63304e-06;1.66492e-06
1.69131e-05;2.702e-05;2.59961e-05;2.70176e-05;-5.60286e-05;-5.51085e-05;-5.55902e-05;-5.51062e-05;1;0.921103;0.947762;0.921185;9.38009e-06;8.99738e-06;9.12917e-06;8.99306e-06;5.55966e-05;0.000115921;0.000111872;0.000116021;4.05406e-06;4.02537e-06;4.03773e-06;4.0307e-06
4.21441e-06;6.42319e-06;5.73736e-06;6.0553e-06;-2.48274e-05;-2.44553e-05;-2.47075e-05;-2.44595e-05;1;0.939377;0.972476;0.93979;4.43679e-06;4.28812e-06;4.36881e-06;4.28935e-06;2.12928e-05;3.14507e-05;2.72242e-05;2.78512e-05;7.94175e-07;8.39673e-07;8.03435e-07;8.46024e-07
1.39206e-05;2.29256e-05;2.15989e-05;2.29592e-05;-5.07652e-05;-4.98942e-05;-5.03717e-05;-4.98978e-05;1;0.915608;0.945259;0.917638;8.66007e-06;8.29189e-06;8.4279e-06;8.29059e-06;4.72168e-05;9.96899e-05;9.3631e-05;9.98442e-05;3.43049e-06;3.44517e-06;3.4559e-06;3.44189e-06
4.64926e-06;8.08056e-06;7.50462e-06;8.01836e-06;-2.33238e-05;-2.298e-05;-2.31961e-05;-2.29829e-05;1;0.944564;0.971129;0.945389;4.17624e-06;4.03949e-06;4.09875e-06;4.04097e-06;2.06539e-05;4.1421e-05;3.86687e-05;4.10252e-05;6.74504e-07;7.07386e-07;6.93977e-07;7.08902e-07
3.20011e-06;5.78873e-06;5.2691e-06;5.76871e-06;-2.12578e-05;-2.09384e-05;-2.11476e-05;-2.09388e-05;1;0.945328;0.973367;0.946132;3.79664e-06;3.66916e-06;3.73247e-06;3.6696e-06;1.28793e-05;2.71485e-05;2.46203e-05;2.7027e-05;6.37158e-07;6.749e-07;6.49068e-07;6.72921e-07
4.44332e-06;8.02451e-06;7.45033e-06;7.94043e-06;-2.32474e-05;-2.29006e-05;-2.31141e-05;-2.29083e-05;1;0.945303;0.970403;0.946793;4.1652e-06;4.02842e-06;4.08703e-06;4.03324e-06;1.9342e-05;4.12434e-05;3.85322e-05;4.10039e-05;6.71483e-07;7.00583e-07;6.86323e-07;6.98975e-07
6.11268e-06;1.07068e-05;9.70971e-06;1.07414e-05;-2.66347e-05;-2.62155e-05;-2.64883e-05;-2.62035e-05;1;0.928882;0.959807;0.926858;4.73539e-06;4.55378e-06;4.63928e-06;4.54671e-06;2.73866e-05;5.54036e-05;5.05941e-05;5.55086e-05;9.4814e-07;1.00129e-06;9.76745e-07;1.00459e-06
3.00065e-06;5.76103e-06;5.19025e-06;5.63615e-06;-2.0227e-05;-1.99139e-05;-2.01108e-05;-1.9916e-05;1;0.946289;0.973072;0.946764;3.61216e-06;3.48691e-06;3.54521e-06;3.48606e-06;1.18447e-05;2.7544e-05;2.44554e-05;2.65224e-05;5.66454e-07;5.97629e-07;5.72168e-07;5.97239e-07
2.01222e-05;2.98561e-05;2.866e-05;3.06281e-05;-5.50284e-05;-5.41678e-05;-5.46752e-05;-5.41556e-05;1;0.924195;0.956615;0.923413;9.0625e-06;8.72538e-06;8.86046e-06;8.71469e-06;6.91816e-05;0.000129315;0.000124883;0.000135245;4.08444e-06;4.01604e-06;4.03235e-06;4.007e-06
1.04641e-05;1.65642e-05;1.58838e-05;1.73199e-05;-4.11547e-05;-4.05072e-05;-4.08824e-05;-4.04812e-05;1;0.923627;0.951388;0.921257;7.08537e-06;6.81451e-06;6.91916e-06;6.79838e-06;3.70159e-05;7.12825e-05;6.93045e-05;7.57615e-05;2.44363e-06;2.46807e-06;2.46997e-06;2.45674e-06
3.00536e-06;5.27308e-06;4.66195e-06;5.02747e-06;-2.11151e-05;-2.08209e-05;-2.10268e-05;-2.08338e-05;1;0.949187;0.975289;0.951801;3.75271e-06;3.63886e-06;3.69393e-06;3.63864e-06;1.11888e-05;2.38512e-05;2.09872e-05;2.22252e-05;6.51385e-07;6.7799e-07;6.7173e-07;6.8329e-07
2.95207e-06;5.08229e-06;4.67573e-06;5.1223e-06;-2.00204e-05;-1.97545e-05;-1.99364e-05;-1.97476e-05;1;0.951347;0.976179;0.950841;3.55622e-06;3.45419e-06;3.50497e-06;3.44897e-06;1.22156e-05;2.43883e-05;2.25646e-05;2.44038e-05;5.6796e-07;5.9577e-07;5.78652e-07;5.97051e-07
6.68713e-06;1.16578e-05;1.05194e-05;1.12871e-05;-2.522e-05;-2.48297e-05;-2.50756e-05;-2.48304e-05;1;0.935235;0.964977;0.93405;4.41859e-06;4.25285e-06;4.33096e-06;4.25242e-06;3.20506e-05;6.42597e-05;5.76151e-05;6.11093e-05;1.01225e-06;1.04282e-06;1.02511e-06;1.04932e-06
1.04925e-05;1.86463e-05;1.76662e-05;1.85656e-05;-4.40014e-05;-4.3229e-05;-4.36387e-05;-4.32245e-05;1;0.917128;0.94449;0.917128;7.6752e-06;7.34944e-06;7.46612e-06;7.34459e-06;3.63641e-05;8.46139e-05;8.0736e-05;8.3644e-05;2.58868e-06;2.62448e-06;2.62254e-06;2.6288e-06
1.11464e-05;1.97472e-05;1.85393e-05;1.96892e-05;-4.57116e-05;-4.49018e-05;-4.53441e-05;-4.49061e-05;1;0.910252;0.941577;0.911674;7.91045e-06;7.55863e-06;7.69446e-06;7.55899e-06;3.86174e-05;8.97137e-05;8.47753e-05;8.92071e-05;2.83696e-06;2.89581e-06;2.88445e-06;2.89329e-06
4.05301e-06;7.89636e-06;7.44391e-06;7.74185e-06;-2.43488e-05;-2.39379e-05;-2.41494e-05;-2.39363e-05;1;0.933971;0.956361;0.934132;4.411e-06;4.24189e-06;4.29531e-06;4.2409e-06;1.70387e-05;3.94248e-05;3.7274e-05;3.81804e-05;6.66967e-07;7.25736e-07;7.18457e-07;7.33177e-07
4.67907e-06;8.13209e-06;7.61061e-06;8.08961e-06;-2.32116e-05;-2.28676e-05;-2.30809e-05;-2.28687e-05;1;0.944059;0.970273;0.944662;4.15849e-06;4.02157e-06;4.07878e-06;4.02153e-06;2.10494e-05;4.20448e-05;3.96547e-05;4.16658e-05;6.60003e-07;6.94427e-07;6.80489e-07;6.96628e-07
3.56931e-06;5.59675e-06;5.19635e-06;5.58864e-06;-2.40046e-05;-2.36595e-05;-2.38877e-05;-2.36508e-05;1;0.942232;0.9709;0.941427;4.28929e-06;4.15708e-06;4.22269e-06;4.14951e-06;1.27026e-05;2.20769e-05;2.02529e-05;2.15739e-05;7.28909e-07;7.62913e-07;7.36183e-07;7.70223e-07
4.76786e-06;8.48878e-06;7.82878e-06;8.39985e-06;-2.37129e-05;-2.33603e-05;-2.35856e-05;-2.3365e-05;1;0.943393;0.970721;0.944512;4.23778e-06;4.09775e-06;4.15892e-06;4.09901e-06;2.0369e-05;4.33703e-05;4.00678e-05;4.27253e-05;7.08466e-07;7.36428e-07;7.2533e-07;7.37557e-07
2.98147e-06;5.37251e-06;4.83593e-06;5.29424e-06;-2.05774e-05;-2.02672e-05;-2.04668e-05;-2.02624e-05;1;0.947486;0.974075;0.945541;3.68584e-06;3.56659e-06;3.62447e-06;3.56436e-06;1.17275e-05;2.45913e-05;2.17323e-05;2.38524e-05;5.62997e-07;5.84976e-07;5.65304e-07;5.8706e-07
1.27592e-05;2.00659e-05;1.87346e-05;2.00165e-05;-4.69703e-05;-4.62124e-05;-4.66574e-05;-4.62204e-05;1;0.918445;0.947438;0.919285;7.96941e-06;7.64884e-06;7.78518e-06;7.64974e-06;4.19063e-05;8.21841e-05;7.67124e-05;8.2074e-05;3.09624e-06;3.09735e-06;3.11105e-06;3.10206e-06
8.91924e-06;1.51084e-05;1.4788e-05;1.57108e-05;-3.69323e-05;-3.63223e-05;-3.66348e-05;-3.63087e-05;1;0.923046;0.944638;0.921239;6.41412e-06;6.14802e-06;6.22728e-06;6.13981e-06;3.28736e-05;6.93381e-05;6.90655e-05;7.35124e-05;2.04538e-06;2.1011e-06;2.09392e-06;2.09219e-06
5.90711e-06;1.18534e-05;1.01164e-05;1.13277e-05;-3.05488e-05;-2.99758e-05;-3.0311e-05;-2.99935e-05;1;0.924673;0.957939;0.928761;5.58026e-06;5.35102e-06;5.45102e-06;5.36259e-06;2.7267e-05;6.49004e-05;5.27189e-05;6.09487e-05;1.05671e-06;1.12505e-06;1.09992e-06;1.1214e-06
8.51571e-06;1.46891e-05;1.44807e-05;1.54108e-05;-3.59807e-05;-3.54072e-05;-3.5694e-05;-3.53796e-05;1;0.93124;0.948301;0.925322;6.23351e-06;5.98748e-06;6.05512e-06;5.97015e-06;3.16104e-05;6.94791e-05;6.95901e-05;7.44205e-05;2.02722e-06;2.06569e-06;2.07048e-06;2.06973e-06
6.69925e-06;1.17484e-05;1.05603e-05;1.20584e-05;-2.90551e-05;-2.85929e-05;-2.88854e-05;-2.85563e-05;1;0.927388;0.956903;0.918286;5.16456e-06;4.96235e-06;5.04974e-06;4.93909e-06;2.98707e-05;6.05484e-05;5.34063e-05;6.15362e-05;1.12242e-06;1.18326e-06;1.16387e-06;1.19409e-06
1.80499e-05;2.66004e-05;2.58637e-05;2.75779e-05;-5.11337e-05;-5.03495e-05;-5.07919e-05;-5.03107e-05;1;0.923782;0.953807;0.920321;8.46142e-06;8.14763e-06;8.26176e-06;8.13027e-06;6.31099e-05;0.000114668;0.000112047;0.000120436;3.62764e-06;3.59377e-06;3.59785e-06;3.57632e-06
9.55293e-06;1.54152e-05;1.48145e-05;1.60811e-05;-3.89144e-05;-3.82903e-05;-3.86471e-05;-3.82729e-05;1;0.925169;0.952826;0.922883;6.74071e-06;6.48419e-06;6.58357e-06;6.47382e-06;3.36916e-05;6.63135e-05;6.48254e-05;7.0714e-05;2.19125e-06;2.20489e-06;2.20341e-06;2.19893e-06
1.72492e-05;2.76532e-05;2.60655e-05;2.75465e-05;-5.04206e-05;-4.95536e-05;-5.00278e-05;-4.95607e-05;1;0.913261;0.943039;0.914726;8.47916e-06;8.10237e-06;8.24831e-06;8.10265e-06;6.45033e-05;0.00012789;0.000120498;0.0001272;3.52442e-06;3.51371e-06;3.51983e-06;3.51659e-06
5.35817e-06;8.9698e-06;7.92918e-06;8.75634e-06;-2.41497e-05;-2.37953e-05;-2.40419e-05;-2.37976e-05;1;0.939187;0.971662;0.94077;4.26799e-06;4.12348e-06;4.20299e-06;4.12483e-06;2.43472e-05;4.59249e-05;4.00425e-05;4.47874e-05;8.48625e-07;8.81077e-07;8.56267e-07;8.87333e-07
4.62293e-06;6.80259e-06;5.99585e-06;6.71749e-06;-2.83978e-05;-2.79978e-05;-2.82749e-05;-2.79979e-05;1;0.939091;0.969452;0.94086;5.05772e-06;4.89211e-06;4.97609e-06;4.89477e-06;2.14511e-05;3.10623e-05;2.53277e-05;3.06888e-05;1.07835e-06;1.14918e-06;1.11855e-06;1.1447e-06
1.74907e-05;2.64466e-05;2.47432e-05;2.71513e-05;-5.14973e-05;-5.07096e-05;-5.12069e-05;-5.06671e-05;1;0.924933;0.960504;0.921471;8.56777e-06;8.23704e-06;8.39212e-06;8.21877e-06;6.04934e-05;0.000114182;0.000106625;0.000117999;3.60267e-06;3.56471e-06;3.56882e-06;3.54624e-06
