0.838956;0.869982;0.630788;0.592659;0.338585;1;0.132994;0.852563;0.321658;0.0875676;0.41392;0.28151;0.0769368;0.141193;0.580289;0.198462;0.0417634;0.34689;0.522243;0.0681626;0.0526424;0.376048;0.255959;0.34559;0.674463;0.078131;0.273379;0.238903;0.629291;0.776196;0;0;0;0;0;0
0.807111;0.835682;0.569548;0.574043;0.24299;1;0.106222;0.822369;0.278363;0.183151;0.349603;0.461989;0.155766;0.130309;0.82359;0.279655;0.0496653;0.378794;0.709366;0.193697;0.0785946;0.418116;0.414595;0.460773;0.426312;0.158916;0.318959;0.430012;0.776805;0.395096;0;0;0;0;0;0
0.849499;1;0.7997;0.121576;0.478816;0.598622;0.287692;0.626008;0.280764;0.322314;0.375309;0.0169759;0.331828;0.0739794;0.175535;0.107754;0.24725;0.161056;0.241743;0.219084;0.120487;0.184992;0.295572;0.23373;0.10212;0.043065;0.0708613;0.345134;0.15198;0.249006;0;0;0;0;0;0
0.858104;0.94742;0.683315;0.416433;0.327978;1;0.152921;0.960073;0.652913;0.224146;0.616277;0.371846;0.203622;0.385885;0.630549;0.23888;0.0981479;0.402083;0.503563;0.38668;0.103665;0.397134;0.120728;0.517616;0.536373;0.185524;0.315758;0.230406;0.662225;0.315552;0;0;0;0;0;0
0.916928;1;0.769053;0.416835;0.457602;0.797478;0.28304;0.688935;0.0290118;0.310051;0.336628;0.300466;0.326511;0.0939883;0.405379;0.321844;0.271929;0.285773;0.447207;0.598199;0.184953;0.295414;0.438427;0.464563;0.0389912;0.119424;0.149115;0.397571;0.0919945;0.529112;0;0;0;0;0;0
0.898681;0.961341;0.712659;0.512144;0.409497;1;0.246945;0.909657;0.316661;0.23603;0.477223;0.39822;0.208414;0.124728;0.847255;0.169367;0.14524;0.360577;0.886995;0.208321;0.115431;0.430645;0.576438;0.295788;0.216354;0.12957;0.340187;0.182682;0.649844;0.391534;0;0;0;0;0;0
0.930952;1;0.768012;0.503764;0.441924;0.883307;0.169886;0.769839;0.0784233;0.116971;0.405966;0.253198;0.161491;0.100899;0.496225;0.518131;0.145625;0.27848;0.656492;0.747537;0.0985832;0.325718;0.690388;0.544557;0.0452229;0.0654365;0.225526;0.642489;0.214742;0.563445;0;0;0;0;0;0
0.917397;0.969361;0.663809;0.519289;0.246655;1;0.0942532;0.894486;0.387001;0.250115;0.421341;0.343392;0.223333;0.119043;0.760167;0.205194;0.103165;0.42347;0.778634;0.129917;0.134892;0.480393;0.455105;0.304891;0.878005;0.217172;0.363755;0.310405;0.66765;0.909088;0;0;0;0;0;0
0.921943;1;0.761911;0.480766;0.46947;0.980701;0.309969;0.908924;0.331482;0.281322;0.505724;0.339378;0.242646;0.200502;0.74654;0.188656;0.177394;0.375057;0.789882;0.220713;0.146536;0.435998;0.51182;0.193067;0.231989;0.155716;0.347501;0.149053;0.50102;0.379429;0;0;0;0;0;0
0.867736;1;0.801632;0.217796;0.511619;0.704809;0.348785;0.712661;0.275177;0.353428;0.42115;0.172899;0.345494;0.0770527;0.397023;0.103898;0.272083;0.165433;0.403001;0.101987;0.180848;0.213154;0.314927;0.135897;0.285214;0.131463;0.119359;0.283699;0.24724;0.333462;0;0;0;0;0;0
0.870881;0.947366;0.72543;0.487946;0.448535;1;0.269936;0.909702;0.539855;0.213363;0.527178;0.338451;0.176234;0.348217;0.58286;0.0518702;0.115689;0.477502;0.494173;0.145663;0.0569894;0.498765;0.217461;0.483795;0.589075;0.0442136;0.386227;0.260463;0.707464;0.486181;0;0;0;0;0;0
0.835113;0.874864;0.606595;0.552922;0.265756;1;0.0974495;0.846132;0.328674;0.181633;0.376595;0.37533;0.16265;0.131627;0.747528;0.161164;0.0590206;0.39463;0.687141;0.157434;0.0675996;0.442364;0.444379;0.362339;0.56838;0.15182;0.339273;0.472973;0.668577;0.55976;0;0;0;0;0;0
0.92726;1;0.776547;0.505651;0.519252;0.965624;0.394217;0.876108;0.176467;0.369906;0.496497;0.385563;0.328796;0.206441;0.707119;0.124922;0.258516;0.328274;0.682783;0.262028;0.206262;0.375891;0.405856;0.285739;0.164596;0.190287;0.290704;0.0973546;0.459697;0.341614;0;0;0;0;0;0
0.828462;0.904509;0.65476;0.453659;0.325913;1;0.15969;0.95284;0.558501;0.214602;0.636064;0.367318;0.194622;0.412184;0.662458;0.283966;0.0940609;0.395172;0.528215;0.336814;0.0926517;0.382243;0.149158;0.505458;0.35187;0.171931;0.306903;0.188529;0.650147;0.160863;0;0;0;0;0;0
0.866829;0.892626;0.660903;0.634588;0.375045;1;0.158243;0.842437;0.202451;0.0846014;0.434534;0.268991;0.0785083;0.134649;0.507817;0.319742;0.0427834;0.293978;0.457204;0.222894;0.00605444;0.338914;0.312618;0.361079;0.727859;0.0396486;0.247686;0.344412;0.681701;0.955353;0;0;0;0;0;0
0.918337;0.990092;0.703296;0.477606;0.310859;1;0.123541;0.931644;0.490241;0.237363;0.522558;0.362449;0.219366;0.250181;0.705194;0.112764;0.104885;0.392652;0.659502;0.183603;0.112587;0.43621;0.292161;0.414453;0.880577;0.196434;0.354202;0.200857;0.66892;0.748253;0;0;0;0;0;0
0.861071;0.931559;0.680351;0.486877;0.362365;1;0.218385;0.929339;0.446525;0.260637;0.637902;0.376446;0.234362;0.466893;0.61899;0.270906;0.122621;0.455735;0.415786;0.287394;0.0671234;0.428406;0.087181;0.500353;0.291107;0.149016;0.341074;0.306097;0.584902;0.110324;0;0;0;0;0;0
0.845382;0.865369;0.637939;0.645614;0.362296;1;0.155133;0.835126;0.181045;0.0840353;0.435584;0.284752;0.0766153;0.147055;0.495321;0.264306;0.0421307;0.28338;0.419917;0.228684;0.00472335;0.325175;0.266136;0.347644;0.637873;0.037207;0.238668;0.314104;0.633533;0.886563;0;0;0;0;0;0
0.774543;0.812648;0.600741;0.558485;0.360853;1;0.21438;0.863967;0.445053;0.161256;0.46898;0.293637;0.122103;0.28577;0.570824;0.164622;0.073396;0.384924;0.407006;0.310381;0.0394307;0.374699;0.0452883;0.567398;0.641932;0.0401501;0.259496;0.361681;0.739861;0.438272;0;0;0;0;0;0
0.872816;1;0.798969;0.242318;0.506527;0.719655;0.343548;0.725065;0.235649;0.352806;0.430501;0.175533;0.349343;0.0744699;0.42481;0.137053;0.278662;0.165618;0.449238;0.181357;0.186308;0.219343;0.349079;0.14593;0.263286;0.131305;0.127918;0.287285;0.215937;0.382179;0;0;0;0;0;0
0.906074;1;0.781758;0.377266;0.491112;0.795837;0.336951;0.729408;0.112686;0.340818;0.379738;0.255783;0.328169;0.0524518;0.477825;0.288233;0.256675;0.274958;0.481484;0.384453;0.171959;0.309727;0.322787;0.217217;0.277359;0.12314;0.181151;0.228919;0.232879;0.577878;0;0;0;0;0;0
0.912706;1;0.769244;0.405314;0.453945;0.807754;0.275705;0.719398;0.0720427;0.308919;0.376846;0.28116;0.332455;0.110413;0.433838;0.265161;0.283359;0.277307;0.484476;0.505866;0.201088;0.302746;0.464587;0.382467;0.0985508;0.140014;0.180195;0.426805;0.0769392;0.517414;0;0;0;0;0;0
0.872785;1;0.799714;0.242812;0.505621;0.710933;0.339667;0.719413;0.200242;0.351702;0.433711;0.169438;0.352979;0.0807413;0.423986;0.167844;0.285456;0.15973;0.47981;0.295124;0.192523;0.213473;0.383934;0.203594;0.157624;0.133086;0.11891;0.284171;0.1506;0.401839;0;0;0;0;0;0
0.84048;1;0.814929;0.0817561;0.500878;0.549451;0.284972;0.603989;0.235935;0.287599;0.391272;0.0232308;0.290839;0.119124;0.183367;0.13981;0.20759;0.130589;0.258401;0.236788;0.0848624;0.156433;0.282888;0.212087;0.111509;0.0513531;0.0603943;0.299709;0.086603;0.281893;0;0;0;0;0;0
0.828476;0.902962;0.653466;0.458355;0.325918;1;0.161568;0.950458;0.544143;0.216158;0.633969;0.374879;0.19599;0.410132;0.675069;0.276294;0.0959971;0.392521;0.540327;0.322923;0.0948206;0.380537;0.161255;0.51098;0.340391;0.173307;0.307069;0.177975;0.661328;0.158266;0;0;0;0;0;0
0.89098;1;0.785841;0.312934;0.480014;0.749888;0.308714;0.724613;0.134524;0.334582;0.421916;0.211632;0.348471;0.0970926;0.436119;0.231561;0.289227;0.206485;0.507957;0.384802;0.199338;0.247276;0.453203;0.266033;0.165283;0.137418;0.140672;0.377223;0.107384;0.465757;0;0;0;0;0;0
0.915322;1;0.76774;0.41428;0.444084;0.808443;0.238207;0.713419;0.0901646;0.25578;0.352628;0.226319;0.274296;0.0752575;0.409708;0.389032;0.220936;0.312158;0.5127;0.611127;0.133724;0.345607;0.497351;0.453259;0.0567626;0.0615597;0.206084;0.423994;0.0818797;0.483309;0;0;0;0;0;0
0.879728;0.929938;0.695267;0.559048;0.404111;1;0.208945;0.881137;0.370595;0.153689;0.468422;0.30787;0.123348;0.233787;0.602277;0.296598;0.067619;0.390162;0.559254;0.104276;0.0354486;0.410583;0.288032;0.354166;0.740186;0.0601605;0.291188;0.188883;0.655143;0.842022;0;0;0;0;0;0
0.888752;1;0.792929;0.298606;0.508111;0.744095;0.360346;0.724202;0.155817;0.365671;0.405701;0.216333;0.351545;0.032969;0.477895;0.240391;0.277782;0.225144;0.508172;0.288403;0.192712;0.269065;0.358049;0.167419;0.313906;0.145538;0.154574;0.237101;0.279048;0.533872;0;0;0;0;0;0
0.78545;0.785278;0.565389;0.680182;0.311123;1;0.11637;0.813183;0.1363;0.0229959;0.416629;0.346826;0.0239519;0.0801141;0.505717;0.0369189;0.00465811;0.193391;0.35602;0.0989182;0.0371405;0.234682;0.172946;0.421926;0.578531;0.0582473;0.165112;0.27755;0.658532;0.640518;0;0;0;0;0;0
0.863198;1;0.844175;0.253303;0.586592;0.708929;0.375553;0.72448;0.266852;0.302973;0.483633;0.189807;0.304544;0.196423;0.394871;0.250747;0.283119;0.101687;0.430339;0.215718;0.231147;0.158859;0.389887;0.211464;0.335127;0.183678;0.128201;0.36084;0.331712;0.452484;0;0;0;0;0;0
0.867698;0.954138;0.6868;0.427163;0.317362;1;0.123988;0.962224;0.603203;0.219572;0.579376;0.376225;0.207982;0.267839;0.716194;0.158539;0.107618;0.329008;0.664788;0.334476;0.112244;0.372951;0.299809;0.471287;0.599407;0.192752;0.313022;0.119109;0.684803;0.39006;0;0;0;0;0;0
0.829169;0.888064;0.683457;0.542304;0.442461;1;0.294905;0.890152;0.333395;0.245254;0.522939;0.297089;0.206738;0.248677;0.561128;0.117331;0.147649;0.294692;0.475745;0.0359461;0.0915531;0.323153;0.231173;0.220946;0.124658;0.072068;0.253692;0.111354;0.293724;0.134687;0;0;0;0;0;0
0.940761;1;0.752998;0.515894;0.412985;0.86619;0.140744;0.720725;0.0231265;0.131366;0.332513;0.266786;0.172189;0.135012;0.47683;0.592383;0.139189;0.356065;0.646787;0.833658;0.0751397;0.379339;0.697818;0.601082;0.0258508;0.031763;0.236868;0.649411;0.203409;0.567112;0;0;0;0;0;0
0.863023;1;0.800394;0.210501;0.504828;0.723363;0.333558;0.742396;0.343206;0.336095;0.452948;0.150936;0.329156;0.104364;0.377061;0.000119394;0.257475;0.142883;0.3877;0.0122371;0.169945;0.19785;0.299437;0.108249;0.254138;0.126838;0.111049;0.26824;0.229391;0.207731;0;0;0;0;0;0
0.916209;1;0.770197;0.425035;0.45894;0.81827;0.27767;0.709251;0.0732359;0.300004;0.343767;0.276696;0.320638;0.0835519;0.412804;0.290762;0.273911;0.297483;0.453421;0.536732;0.193412;0.318897;0.439729;0.421035;0.0852167;0.127242;0.181215;0.411801;0.0933839;0.506408;0;0;0;0;0;0
0.906554;0.995974;0.713597;0.42349;0.324024;1;0.143442;0.955411;0.622571;0.248529;0.565176;0.400141;0.231041;0.31552;0.667881;0.0493913;0.118546;0.426362;0.574937;0.334921;0.116685;0.463422;0.19341;0.518417;0.810152;0.200221;0.382468;0.263791;0.677029;0.553518;0;0;0;0;0;0
0.878681;1;0.799038;0.26419;0.509503;0.726559;0.345921;0.728051;0.174993;0.351711;0.438184;0.217174;0.34805;0.0874713;0.474723;0.186562;0.278859;0.146335;0.506626;0.275888;0.18708;0.198805;0.390812;0.209889;0.208617;0.130499;0.108438;0.286606;0.249144;0.424224;0;0;0;0;0;0
0.84436;0.883357;0.602871;0.543716;0.242262;1;0.097569;0.86126;0.388686;0.200976;0.383086;0.311772;0.171303;0.128196;0.694582;0.0815061;0.0593146;0.410566;0.654257;0.246978;0.0954109;0.456592;0.400383;0.394354;0.829764;0.172958;0.342986;0.442996;0.647509;0.716339;0;0;0;0;0;0
0.812351;1;0.838954;0.0360546;0.536363;0.467937;0.311961;0.579228;0.293207;0.28651;0.395567;0.0967048;0.276786;0.118368;0.217973;0.146181;0.188332;0.132465;0.290868;0.154539;0.0659462;0.17614;0.252832;0.0972449;0.181583;0.0736354;0.0951992;0.251889;0.0194094;0.295944;0;0;0;0;0;0
0.892673;0.969286;0.691439;0.45857;0.313592;1;0.129342;0.94036;0.559333;0.228698;0.556516;0.347582;0.212151;0.311457;0.614696;0.0205117;0.104843;0.409536;0.519076;0.282493;0.108268;0.43933;0.150747;0.461416;0.818619;0.188989;0.356914;0.271877;0.616262;0.601267;0;0;0;0;0;0
0.867613;1;0.815893;0.242171;0.5535;0.716769;0.412594;0.718467;0.24294;0.406736;0.486143;0.200137;0.372119;0.250703;0.356581;0.133651;0.264011;0.165815;0.262056;0.0505314;0.158225;0.156699;0.16083;0.0715533;0.159654;0.149387;0.107215;0.220971;0.175194;0.094071;0;0;0;0;0;0
0.907285;0.971665;0.725587;0.540189;0.407473;1;0.178257;0.854946;0.355102;0.135466;0.427395;0.13367;0.138578;0.172499;0.292708;0.0734203;0.103355;0.33692;0.177293;0.129978;0.0644767;0.35178;0.268836;0.0899977;0.39468;0.0515002;0.225878;0.44393;0.0757125;0.486941;0;0;0;0;0;0
0.828586;1;0.829789;0.0638303;0.55872;0.607841;0.403616;0.67526;0.434794;0.396334;0.462749;0.199584;0.365585;0.217955;0.3231;0.145453;0.261436;0.143785;0.292482;0.201545;0.162134;0.156443;0.240165;0.215032;0.233574;0.158388;0.113495;0.280664;0.298932;0.0623093;0;0;0;0;0;0
0.709449;0.658888;0.456014;0.798502;0.265792;1;0.153262;0.746773;0.140999;0.113412;0.363865;0.658328;0.0942509;0.0786311;0.743658;0.0248003;0.075622;0.123778;0.505922;0.287456;0.063339;0.134842;0.167342;0.568974;0.265349;0.0567677;0.0981141;0.151672;0.698665;0.453774;0;0;0;0;0;0
0.868963;0.913262;0.744736;0.619739;0.577376;1;0.485475;0.883778;0.0210701;0.434934;0.618419;0.586527;0.379643;0.46231;0.731042;0.126111;0.322669;0.428117;0.530739;0.311052;0.290137;0.385949;0.314386;0.58609;0.113584;0.282295;0.31859;0.32141;0.526161;0.209121;0;0;0;0;0;0
0.739849;0.737211;0.507439;0.657317;0.253301;1;0.0761628;0.782885;0.215555;0.0433083;0.361161;0.331957;0.0463728;0.153298;0.443708;0.132202;0.0301473;0.280485;0.198117;0.0574912;0.0473841;0.271101;0.154765;0.177705;0.264985;0.0642451;0.158785;0.381509;0.215547;0.408351;0;0;0;0;0;0
0.835516;0.874339;0.642929;0.591194;0.356985;1;0.147051;0.839324;0.2617;0.0959433;0.43608;0.251427;0.0996331;0.160876;0.38397;0.0170246;0.0754062;0.269435;0.192127;0.139566;0.0553038;0.283377;0.139871;0.179286;0.260287;0.0539353;0.181901;0.344611;0.0756715;0.405216;0;0;0;0;0;0
0.950961;1;0.740282;0.574411;0.419949;0.982493;0.230665;0.831552;0.203016;0.218131;0.386368;0.261754;0.203425;0.19034;0.606081;0.517668;0.146985;0.451574;0.69607;0.540639;0.102018;0.496942;0.518982;0.150057;0.426398;0.0977955;0.36336;0.29502;0.42001;0.869474;0;0;0;0;0;0
0.750149;0.752737;0.533673;0.64908;0.305248;1;0.174671;0.795405;0.184728;0.135247;0.407465;0.461884;0.0957246;0.218106;0.638761;0.219112;0.0342701;0.295955;0.428766;0.138517;0.0253624;0.293389;0.0742987;0.412786;0.092874;0.0602636;0.222713;0.204393;0.533629;0.169489;0;0;0;0;0;0
0.862229;1;0.80433;0.218784;0.527296;0.748559;0.375803;0.763524;0.368605;0.363119;0.46316;0.17216;0.334774;0.136491;0.409718;0.0653336;0.255955;0.208937;0.381333;0.0771477;0.180858;0.262636;0.211186;0.210956;0.292673;0.15098;0.176486;0.190702;0.317587;0.221296;0;0;0;0;0;0
0.806766;0.829498;0.644847;0.647496;0.427568;1;0.274617;0.917986;0.115931;0.196449;0.659965;0.421232;0.139192;0.46611;0.632659;0.202915;0.0962438;0.424238;0.581568;0.30941;0.104575;0.391688;0.423541;0.502263;0.464834;0.127151;0.322429;0.331564;0.552391;0.537674;0;0;0;0;0;0
0.891234;0.920571;0.662373;0.613104;0.345994;1;0.148642;0.838551;0.17325;0.153285;0.384509;0.307974;0.152028;0.129354;0.629268;0.389777;0.108224;0.397238;0.658647;0.468934;0.0821482;0.440775;0.446557;0.23533;0.374085;0.0884219;0.317579;0.274727;0.40307;0.782076;0;0;0;0;0;0
0.952485;1;0.742528;0.578481;0.429305;0.975563;0.25371;0.819214;0.168984;0.246419;0.377569;0.267066;0.232048;0.197682;0.59096;0.525024;0.17358;0.45873;0.67539;0.572379;0.119936;0.510193;0.511347;0.188549;0.39512;0.106207;0.385492;0.302199;0.358297;0.844976;0;0;0;0;0;0
0.739748;0.627654;0.416642;0.979381;0.225417;0.952238;0.100236;0.596425;0.708785;0.0486942;0.21576;1;0.0498473;0.175859;0.831449;0.441215;0.0705699;0.276944;0.583413;0.92065;0.0860046;0.243037;0.483768;0.887538;0.283317;0.0843837;0.156378;0.528749;0.743524;0.845104;0;0;0;0;0;0
0.858359;0.90766;0.654148;0.547432;0.337297;1;0.129722;0.848473;0.369232;0.132657;0.412116;0.190784;0.12934;0.163106;0.402802;0.0264358;0.0777537;0.358736;0.329648;0.114787;0.0617391;0.379676;0.212259;0.0582193;0.2762;0.0900468;0.248539;0.296985;0.223942;0.434075;0;0;0;0;0;0
0.860243;0.876407;0.690036;0.675176;0.503648;1;0.395061;0.861789;0.0194728;0.331087;0.584714;0.526373;0.258529;0.481991;0.783402;0.347524;0.17508;0.518856;0.644386;0.405679;0.113581;0.500875;0.308989;0.566824;0.416713;0.0950492;0.429277;0.212947;0.713192;0.595047;0;0;0;0;0;0
0.885849;1;0.778238;0.294274;0.46389;0.780936;0.282676;0.756449;0.377873;0.28425;0.399547;0.202862;0.268556;0.119819;0.433019;0.309041;0.19011;0.347887;0.503481;0.229745;0.106802;0.390086;0.376372;0.0410782;0.392978;0.0856978;0.254846;0.246082;0.186307;0.450386;0;0;0;0;0;0
0.652488;0.601507;0.387209;0.769783;0.18539;1;0.0686304;0.711701;0.040111;0.0515206;0.286511;0.6659;0.0409693;0.0471973;0.71121;0.39373;0.0127418;0.194857;0.382139;0.0594144;0.0187599;0.194381;0.0901687;0.28277;0.0216907;0.034336;0.116253;0.266847;0.190997;0.0131303;0;0;0;0;0;0
0.66684;0.62558;0.410883;0.747223;0.197346;1;0.053408;0.737906;0.0232301;0.0113166;0.319472;0.562009;0.0192485;0.0639452;0.63251;0.283868;0.0205871;0.19985;0.34245;0.0583105;0.0427381;0.2042;0.0852667;0.25446;0.106686;0.0547268;0.12943;0.281212;0.201476;0.185962;0;0;0;0;0;0
0.70703;0.653831;0.452713;0.807182;0.264361;1;0.152063;0.74609;0.1626;0.112749;0.367568;0.672476;0.0956871;0.0808889;0.741153;0.0151772;0.0791283;0.111078;0.494442;0.311539;0.0671976;0.121841;0.158198;0.567327;0.251628;0.0594874;0.0834529;0.14523;0.66133;0.43827;0;0;0;0;0;0
0.894497;1;0.767852;0.381787;0.443894;0.912913;0.211482;0.841737;0.54792;0.172375;0.440672;0.174365;0.173639;0.172223;0.282118;0.0439831;0.130842;0.353137;0.282537;0.0948293;0.074391;0.381156;0.288256;0.124015;0.46104;0.039272;0.252256;0.394784;0.21944;0.360576;0;0;0;0;0;0
0.670298;0.623041;0.412474;0.767883;0.2095;1;0.0776106;0.72573;0.00492315;0.0267744;0.305389;0.567608;0.0218011;0.0667701;0.620407;0.271723;0.0291543;0.201289;0.318698;0.0437001;0.0431586;0.200207;0.130892;0.228653;0.211705;0.0486579;0.12107;0.344017;0.218474;0.196388;0;0;0;0;0;0
0.795859;0.84027;0.62241;0.538238;0.37883;1;0.237973;0.87155;0.407428;0.183715;0.480327;0.432043;0.125979;0.289375;0.762602;0.153385;0.050409;0.38374;0.61734;0.238776;0.0397732;0.383294;0.204936;0.614391;0.348942;0.0791493;0.304418;0.183031;0.809164;0.236299;0;0;0;0;0;0
0.864371;0.966613;0.770646;0.43297;0.511908;1;0.324942;0.972583;0.599406;0.236309;0.649909;0.375254;0.179956;0.389967;0.610412;0.0599049;0.118378;0.3815;0.543228;0.205876;0.0766978;0.38561;0.271507;0.493392;0.331814;0.0779466;0.300993;0.061881;0.621216;0.195516;0;0;0;0;0;0
0.921661;0.952148;0.688201;0.616437;0.357033;1;0.13449;0.855165;0.118592;0.135185;0.402323;0.36032;0.136568;0.0841039;0.754337;0.546057;0.0945968;0.381351;0.819979;0.58296;0.0841946;0.424082;0.573604;0.288468;0.433942;0.102212;0.287329;0.306181;0.55289;0.925786;0;0;0;0;0;0
0.888273;1;0.803576;0.367195;0.581595;0.935248;0.471738;0.885155;0.504117;0.422672;0.558747;0.395563;0.353112;0.433156;0.706362;0.192791;0.271261;0.521805;0.578106;0.235475;0.229449;0.521644;0.200588;0.484336;0.181082;0.230282;0.439313;0.18207;0.591823;0.0728617;0;0;0;0;0;0
0.701559;0.648585;0.448575;0.80509;0.261332;1;0.149357;0.746678;0.155218;0.110301;0.36866;0.674569;0.0943786;0.0797108;0.742654;0.0470419;0.0790859;0.104418;0.487726;0.296086;0.0672218;0.116296;0.145404;0.572572;0.239409;0.0583371;0.0795231;0.149413;0.655957;0.396531;0;0;0;0;0;0
0.789276;0.792087;0.553714;0.659728;0.281872;1;0.0913212;0.787322;0.177569;0.0582786;0.352807;0.313521;0.0565643;0.132806;0.451512;0.0917399;0.031348;0.305345;0.315027;0.244428;0.0519188;0.304538;0.210953;0.207188;0.336896;0.0743916;0.177604;0.346178;0.353583;0.671842;0;0;0;0;0;0
0.862988;0.917205;0.755732;0.59871;0.591531;1;0.498012;0.897736;0.0679595;0.443305;0.648822;0.563544;0.383133;0.502813;0.709697;0.182445;0.321335;0.466019;0.522731;0.304852;0.285411;0.417857;0.340633;0.558728;0.0441155;0.276054;0.341753;0.36527;0.484736;0.209323;0;0;0;0;0;0
0.735539;0.71743;0.503369;0.710917;0.2878;1;0.162469;0.771924;0.0510462;0.121498;0.402079;0.518047;0.0846717;0.227307;0.60481;0.146412;0.03017;0.27879;0.354739;0.171687;0.022569;0.264825;0.0500952;0.341032;0.0962497;0.0525302;0.193759;0.241014;0.364198;0.278054;0;0;0;0;0;0
0.818021;0.841118;0.602943;0.619624;0.318161;1;0.103465;0.806679;0.24086;0.0427919;0.380329;0.253463;0.0527743;0.109581;0.34368;0.0233921;0.0257548;0.262191;0.140673;0.184041;0.0343791;0.263827;0.243967;0.160586;0.273038;0.0554415;0.14255;0.432707;0.0737306;0.49545;0;0;0;0;0;0
0.925826;1;0.757009;0.483345;0.433981;0.918078;0.230993;0.819744;0.198466;0.225754;0.426862;0.234045;0.220085;0.0605536;0.503117;0.326173;0.155755;0.289315;0.558116;0.433917;0.0773056;0.333102;0.431056;0.239501;0.258159;0.0371352;0.210443;0.274956;0.136819;0.571585;0;0;0;0;0;0
0.812951;0.821579;0.578401;0.65411;0.297708;1;0.117856;0.792969;0.125986;0.110395;0.361323;0.37003;0.107578;0.12682;0.486341;0.0801102;0.0727343;0.317708;0.364377;0.379368;0.0631213;0.337269;0.21681;0.340544;0.0231032;0.077926;0.223597;0.237012;0.0676675;0.357953;0;0;0;0;0;0
0.883904;1;0.783846;0.275144;0.481765;0.744802;0.327812;0.726132;0.293496;0.3424;0.382568;0.150147;0.328962;0.0706286;0.401732;0.27091;0.251365;0.318527;0.463332;0.223843;0.166721;0.365281;0.339933;0.0559793;0.393465;0.12851;0.238825;0.234364;0.151743;0.456855;0;0;0;0;0;0
0.909454;0.942733;0.681212;0.60454;0.362712;1;0.169784;0.837702;0.184912;0.173517;0.380772;0.32291;0.170441;0.125039;0.679943;0.414029;0.121969;0.411587;0.74736;0.47159;0.0851156;0.46631;0.548438;0.19393;0.379048;0.0864847;0.345691;0.330347;0.514511;0.808143;0;0;0;0;0;0
0.896342;1;0.774895;0.367837;0.45826;0.854778;0.245582;0.789434;0.42494;0.224415;0.408092;0.161543;0.2239;0.159968;0.322756;0.197719;0.171431;0.358048;0.338743;0.0921247;0.097949;0.390267;0.29525;0.0503459;0.51024;0.0422242;0.260696;0.345647;0.178514;0.466723;0;0;0;0;0;0
0.68507;0.638147;0.439501;0.781575;0.253676;1;0.144435;0.751009;0.105096;0.106791;0.369561;0.675508;0.0898671;0.0864543;0.76286;0.145776;0.0735615;0.112375;0.493317;0.271264;0.0622805;0.121324;0.12898;0.593902;0.116495;0.0550328;0.0831147;0.150431;0.653648;0.275561;0;0;0;0;0;0
0.883645;0.928552;0.757234;0.622073;0.588023;1;0.496065;0.88157;0.0185822;0.444601;0.615412;0.562945;0.386662;0.467278;0.705491;0.0740811;0.327211;0.443118;0.506112;0.281024;0.2947;0.404034;0.283164;0.54449;0.167863;0.288563;0.336642;0.305479;0.501475;0.215857;0;0;0;0;0;0
0.802053;0.826181;0.5825;0.602771;0.289635;1;0.0928808;0.822194;0.267438;0.10273;0.396884;0.272656;0.104337;0.156652;0.436663;0.0568787;0.0591678;0.324807;0.277572;0.10963;0.0470968;0.340775;0.0923868;0.125551;0.230969;0.074322;0.221735;0.278448;0.12033;0.398877;0;0;0;0;0;0
0.899149;1;0.762635;0.388036;0.412618;0.877984;0.195788;0.845248;0.334117;0.284185;0.514947;0.145828;0.337736;0.141308;0.405703;0.179278;0.281444;0.139451;0.480438;0.272649;0.158296;0.212724;0.464017;0.221771;0.333012;0.0413641;0.167736;0.448446;0.0596878;0.547868;0;0;0;0;0;0
0.753136;0.745435;0.538099;0.711947;0.306715;1;0.125328;0.776084;0.0619926;0.0168135;0.398343;0.705772;0.0399734;0.101133;0.781101;0.43297;0.0592693;0.140781;0.502295;0.154263;0.0654771;0.182884;0.274099;0.423107;0.173112;0.0598454;0.141323;0.337384;0.349747;0.21414;0;0;0;0;0;0
0.911707;1;0.750536;0.442267;0.387739;0.925774;0.162701;0.88058;0.316388;0.27215;0.534192;0.168473;0.325841;0.149983;0.444607;0.248579;0.265127;0.173863;0.520724;0.347813;0.13941;0.250977;0.464925;0.268117;0.337127;0.0178993;0.202278;0.40888;0.0986222;0.632194;0;0;0;0;0;0
0.893703;1;0.796258;0.345545;0.513909;0.784425;0.339806;0.71667;0.218823;0.326851;0.375856;0.188406;0.332548;0.0580438;0.35768;0.201234;0.29314;0.214096;0.318972;0.226314;0.234971;0.242956;0.324545;0.223841;0.391665;0.197556;0.142298;0.38724;0.281897;0.56833;0;0;0;0;0;0
0.802723;0.842542;0.593545;0.555198;0.271638;1;0.0726521;0.884518;0.351682;0.177149;0.505063;0.212651;0.202417;0.16095;0.441693;0.0642672;0.144438;0.17893;0.3801;0.117893;0.058048;0.214108;0.286498;0.139007;0.289568;0.0468127;0.161441;0.341634;0.0535938;0.438144;0;0;0;0;0;0
0.896527;0.974962;0.744409;0.475568;0.432189;0.960711;0.205683;0.887858;0.454339;0.16726;0.556623;0.400678;0.168039;0.394753;0.650217;0.210876;0.119408;0.484195;0.53315;0.135159;0.060125;0.492141;0.227732;0.683088;0.715138;0.0565266;0.364411;0.17074;1;0.750262;0;0;0;0;0;0
0.766341;0.749679;0.534985;0.737561;0.303152;1;0.129391;0.745783;0.117229;0.0273911;0.345318;0.744403;0.0288966;0.0558064;0.782583;0.392524;0.0641139;0.165846;0.470411;0.210593;0.0834281;0.186239;0.267409;0.485499;0.13433;0.0782569;0.120118;0.358978;0.372081;0.200828;0;0;0;0;0;0
0.861493;1;0.799082;0.210359;0.478967;0.708583;0.271912;0.728993;0.37164;0.306369;0.469073;0.190228;0.333494;0.195759;0.373839;0.0586276;0.259422;0.160224;0.364278;0.0499529;0.123168;0.175028;0.272929;0.073771;0.414356;0.059986;0.127336;0.280748;0.175859;0.352862;0;0;0;0;0;0
0.915046;0.987559;0.72913;0.515687;0.368034;1;0.130211;0.924935;0.323517;0.231767;0.558545;0.189018;0.279511;0.179521;0.453099;0.16687;0.220625;0.155655;0.494366;0.327152;0.10502;0.206848;0.420728;0.278998;0.296474;0.0135719;0.149782;0.361094;0.0868509;0.606723;0;0;0;0;0;0
0.898753;1;0.794246;0.373211;0.510515;0.807308;0.330385;0.724703;0.224845;0.314157;0.365544;0.193805;0.325284;0.0612697;0.373987;0.229187;0.294316;0.246352;0.336629;0.242266;0.240414;0.271816;0.336073;0.225458;0.419762;0.200509;0.163658;0.410388;0.285817;0.609816;0;0;0;0;0;0
0.747519;0.778003;0.536797;0.556972;0.233123;1;0.0471374;0.889239;0.393732;0.150558;0.530624;0.244331;0.161745;0.227214;0.496337;0.243386;0.103353;0.173917;0.376134;0.161239;0.0599155;0.161269;0.157619;0.0827724;0.371601;0.0900012;0.110175;0.271189;0.174306;0.36684;0;0;0;0;0;0
0.860106;0.89308;0.652195;0.601188;0.345018;1;0.112134;0.857969;0.292402;0.108104;0.487524;0.347466;0.136061;0.341098;0.603023;0.0992543;0.103258;0.470424;0.446006;0.169023;0.0542744;0.493634;0.0959052;0.698082;0.765632;0.0470896;0.377902;0.23175;0.994245;0.723036;0;0;0;0;0;0
0.920936;1;0.777305;0.483778;0.477596;0.91411;0.267466;0.804333;0.247148;0.231311;0.408948;0.204105;0.243955;0.0887253;0.440997;0.321729;0.219875;0.296226;0.459264;0.316412;0.170505;0.348718;0.426349;0.21098;0.473684;0.126461;0.257385;0.447636;0.308371;0.694895;0;0;0;0;0;0
0.909717;1;0.777159;0.446311;0.467352;0.943086;0.240563;0.89863;0.458969;0.191643;0.596843;0.417706;0.185378;0.425532;0.64867;0.298423;0.134549;0.484228;0.541469;0.127753;0.0760877;0.485973;0.243144;0.623915;0.713912;0.0684012;0.3627;0.0916568;0.919789;0.781246;0;0;0;0;0;0
0.888498;1;0.79862;0.328776;0.514264;0.783378;0.334433;0.725196;0.269075;0.319767;0.37625;0.182322;0.330114;0.0467328;0.382308;0.189176;0.296964;0.230138;0.352612;0.173089;0.242118;0.258458;0.329736;0.220057;0.420374;0.203702;0.152085;0.38833;0.3006;0.537531;0;0;0;0;0;0
0.748665;0.738392;0.530282;0.716358;0.302878;1;0.128765;0.764846;0.0678524;0.0239843;0.379087;0.72187;0.0317668;0.0780861;0.788424;0.449321;0.0593931;0.137482;0.496184;0.184206;0.0722529;0.17281;0.26295;0.45855;0.199807;0.0669249;0.125376;0.321175;0.373139;0.247739;0;0;0;0;0;0
0.760521;0.793623;0.548477;0.552625;0.234171;1;0.03929;0.893149;0.397856;0.1612;0.517166;0.248324;0.175661;0.177285;0.538377;0.177133;0.11464;0.168464;0.46959;0.145191;0.0552825;0.194441;0.267506;0.12321;0.458865;0.0783496;0.147557;0.298393;0.264704;0.457184;0;0;0;0;0;0
0.863711;1;0.793631;0.220925;0.472076;0.725179;0.277003;0.737831;0.37313;0.320156;0.470475;0.179278;0.342638;0.198715;0.381277;0.013519;0.260331;0.169503;0.362638;0.0739169;0.117897;0.176581;0.258183;0.0849505;0.355769;0.071604;0.108395;0.268085;0.201341;0.284394;0;0;0;0;0;0
0.908192;1;0.783183;0.415709;0.488912;0.850226;0.300553;0.753649;0.230551;0.290356;0.376884;0.197884;0.310781;0.0190315;0.400256;0.218322;0.286847;0.24878;0.394846;0.235896;0.237141;0.284216;0.393746;0.192275;0.433947;0.198018;0.182756;0.443377;0.296175;0.626696;0;0;0;0;0;0
0.901224;1;0.762338;0.391603;0.408767;0.872578;0.188472;0.848258;0.320305;0.285415;0.530221;0.151226;0.341245;0.171979;0.408515;0.27544;0.283485;0.154731;0.489929;0.332749;0.157213;0.218897;0.440514;0.228525;0.365712;0.0344767;0.167219;0.380221;0.0491252;0.643378;0;0;0;0;0;0
0.921224;0.975277;0.729578;0.564132;0.403692;0.998115;0.169657;0.890576;0.308408;0.164802;0.528841;0.396582;0.184198;0.35988;0.693209;0.328382;0.140894;0.489112;0.58775;0.160563;0.0866786;0.523493;0.265639;0.652581;0.804534;0.081215;0.409591;0.148984;1;0.899212;0;0;0;0;0;0
0.885504;0.931264;0.690436;0.564985;0.373943;0.977981;0.139852;0.861525;0.313164;0.136715;0.508672;0.372921;0.161392;0.363744;0.630054;0.258104;0.124123;0.489757;0.493824;0.151096;0.0718887;0.516497;0.167446;0.700182;0.861625;0.0634287;0.402885;0.174314;1;0.851219;0;0;0;0;0;0
0.923628;0.992362;0.753689;0.52973;0.430029;1;0.184372;0.921433;0.409069;0.143595;0.585854;0.376605;0.154231;0.395724;0.605937;0.25516;0.110113;0.471969;0.480113;0.156072;0.0573327;0.487852;0.165368;0.703564;0.878246;0.063726;0.370689;0.132996;0.997662;0.864537;0;0;0;0;0;0
0.785285;0.777261;0.556587;0.720549;0.317488;1;0.144932;0.734272;0.107427;0.0492597;0.308246;0.764689;0.0112564;0.0393619;0.798692;0.39909;0.0607279;0.210922;0.452385;0.293971;0.0917773;0.215819;0.204219;0.614076;0.180511;0.0900606;0.122538;0.329665;0.498615;0.191171;0;0;0;0;0;0
0.892176;1;0.771603;0.35092;0.431857;0.834448;0.22904;0.814119;0.322869;0.304559;0.504333;0.160357;0.350081;0.167511;0.405138;0.218839;0.287598;0.153282;0.459794;0.26585;0.158753;0.201593;0.418423;0.175177;0.377528;0.0405983;0.151436;0.402583;0.0224218;0.589258;0;0;0;0;0;0
0.772288;0.80168;0.555231;0.568723;0.242093;1;0.0593233;0.884655;0.356017;0.168085;0.513405;0.239908;0.183627;0.200689;0.503476;0.111549;0.12375;0.200415;0.431488;0.0876481;0.0610612;0.20758;0.252687;0.0599854;0.436479;0.0772089;0.135711;0.305375;0.217717;0.498482;0;0;0;0;0;0
0.863489;0.918068;0.664039;0.543052;0.323002;1;0.109062;0.900283;0.314286;0.211615;0.531373;0.209857;0.249747;0.185711;0.439787;0.0739299;0.191608;0.189697;0.43319;0.261874;0.0887599;0.225012;0.355068;0.250239;0.249391;0.0340181;0.15609;0.337443;0.075287;0.522075;0;0;0;0;0;0
0.874398;1;0.785565;0.261671;0.457971;0.750831;0.262298;0.74625;0.354028;0.315441;0.456729;0.183706;0.345241;0.172807;0.394849;0.106796;0.270041;0.189016;0.41205;0.0857761;0.131044;0.211007;0.354021;0.0055454;0.431218;0.0449197;0.146666;0.354936;0.132652;0.424767;0;0;0;0;0;0
0.924734;1;0.774045;0.510814;0.466007;0.951803;0.232328;0.851037;0.286684;0.179017;0.456501;0.18796;0.197316;0.0765833;0.441525;0.341192;0.179511;0.26917;0.486854;0.287987;0.13423;0.344906;0.45767;0.171608;0.560709;0.0904954;0.275698;0.466816;0.334904;0.761042;0;0;0;0;0;0
0.903871;1;0.775931;0.41933;0.466042;0.933583;0.247362;0.886329;0.48504;0.20751;0.561506;0.434759;0.201237;0.375377;0.704745;0.245852;0.149645;0.454727;0.623526;0.11089;0.0922891;0.468524;0.332966;0.605632;0.586747;0.0819406;0.35237;0.139647;0.919647;0.652618;0;0;0;0;0;0
0.849442;0.883862;0.641137;0.586601;0.329913;0.993338;0.0847112;0.851279;0.330034;0.0887805;0.474774;0.32844;0.120874;0.337333;0.563961;0.0121491;0.0876393;0.471379;0.376599;0.303302;0.0393756;0.487971;0.00970693;0.776007;0.82224;0.0403323;0.365217;0.307078;1;0.614429;0;0;0;0;0;0
0.914654;1;0.784467;0.458559;0.491979;0.890853;0.291127;0.794472;0.231621;0.259347;0.420239;0.201313;0.272238;0.0738575;0.417231;0.260578;0.248983;0.237145;0.408635;0.271858;0.20205;0.280556;0.351569;0.19271;0.448142;0.164045;0.188803;0.363581;0.278731;0.647267;0;0;0;0;0;0
0.883349;1;0.779217;0.306006;0.447593;0.792564;0.249068;0.779555;0.340383;0.308254;0.476417;0.176538;0.343763;0.160368;0.423328;0.156682;0.274423;0.171089;0.473572;0.164459;0.139692;0.212008;0.41532;0.075359;0.455489;0.0254708;0.164135;0.385635;0.0851347;0.534467;0;0;0;0;0;0
0.792822;0.785293;0.562931;0.720825;0.322687;1;0.148939;0.727305;0.10496;0.0503455;0.292574;0.754389;0.0144407;0.0605505;0.778133;0.394214;0.0648191;0.232575;0.424372;0.273533;0.0963687;0.234359;0.226488;0.577981;0.174038;0.0954767;0.136018;0.385228;0.449658;0.183672;0;0;0;0;0;0
0.888182;1;0.801636;0.318535;0.524814;0.75803;0.352744;0.696297;0.25207;0.33348;0.372995;0.135554;0.331647;0.0935523;0.269782;0.184419;0.287151;0.220132;0.247636;0.167318;0.228544;0.24533;0.29326;0.107303;0.389171;0.194516;0.142858;0.364816;0.257831;0.502981;0;0;0;0;0;0
0.891394;1;0.799047;0.337101;0.516089;0.776255;0.338259;0.715236;0.232214;0.325344;0.37504;0.166275;0.335648;0.0424533;0.345963;0.226711;0.301296;0.220534;0.324113;0.214854;0.245541;0.254348;0.328042;0.194881;0.443217;0.206821;0.154866;0.392992;0.276541;0.607646;0;0;0;0;0;0
0.886311;1;0.799322;0.314294;0.51606;0.76812;0.340577;0.716321;0.260039;0.328806;0.38403;0.166247;0.33508;0.0471492;0.340361;0.165049;0.294581;0.206575;0.316336;0.156864;0.234473;0.243562;0.32117;0.17461;0.402711;0.194652;0.147177;0.383599;0.274281;0.511988;0;0;0;0;0;0
0.778555;0.760985;0.541825;0.742543;0.308502;1;0.138944;0.729967;0.133306;0.0420975;0.312807;0.759994;0.017118;0.0368127;0.782142;0.380066;0.0609851;0.190692;0.451981;0.241799;0.0874824;0.198495;0.253117;0.53084;0.14689;0.0854505;0.115506;0.356671;0.40992;0.198238;0;0;0;0;0;0
0.882928;1;0.806382;0.297651;0.53126;0.739635;0.356997;0.689113;0.275855;0.333881;0.380535;0.0803495;0.329705;0.116763;0.189294;0.169054;0.283498;0.222505;0.174154;0.124917;0.223351;0.247592;0.261335;0.0248315;0.402093;0.187693;0.14773;0.351839;0.243738;0.454638;0;0;0;0;0;0
0.787335;0.820762;0.574793;0.566189;0.261782;1;0.0654073;0.882724;0.351098;0.160463;0.513574;0.215485;0.179895;0.199688;0.443182;0.0698046;0.124023;0.1857;0.364709;0.0836757;0.0584718;0.186092;0.239547;0.0633411;0.37485;0.0703603;0.111425;0.307145;0.0951931;0.500856;0;0;0;0;0;0
0.779878;0.778311;0.612817;0.714884;0.467741;1;0.393104;0.838333;0.0964707;0.348019;0.592831;0.674782;0.290318;0.477297;0.764191;0.0577745;0.222876;0.450275;0.543206;0.404426;0.171869;0.403457;0.337849;0.631094;0.0115628;0.146324;0.34126;0.337101;0.526414;0.244685;0;0;0;0;0;0
0.912782;0.978907;0.723511;0.411676;0.372213;0.706127;0.177044;0.516549;0.097761;0.247421;0.193962;0.314247;0.252583;0.457479;0.231419;0.625322;0.163175;0.709207;0.292736;1;0.0523726;0.709682;0.488968;0.858596;0.26797;0.0673879;0.506752;0.614107;0.50834;0.412506;0;0;0;0;0;0
0.68834;0.829933;0.685913;0.0147351;0.393389;0.314215;0.102893;0.392606;0.222891;0.134648;0.25504;0.381473;0.219159;0.157523;0.413879;1;0.211754;0.321043;0.34072;0.922353;0.158561;0.383008;0.296203;0.643811;0.0557543;0.0992842;0.301419;0.258858;0.446295;0.524578;0;0;0;0;0;0
0.920644;0.982573;0.725728;0.42816;0.38054;0.706682;0.184448;0.484832;0.146646;0.235949;0.182659;0.388328;0.234547;0.497877;0.248864;0.572846;0.144829;0.733737;0.207733;1;0.0402515;0.713446;0.468772;0.889083;0.319752;0.0776237;0.494783;0.622141;0.516303;0.35644;0;0;0;0;0;0
0.861956;1;0.77547;0.193416;0.413698;0.736794;0.101635;0.756314;0.609335;0.101131;0.38466;0.466093;0.13673;0.163956;0.5155;0.520192;0.0829346;0.442813;0.581265;0.192039;0.00640739;0.481229;0.54606;0.137532;0.719355;0.054979;0.313823;0.555242;0.359482;0.957056;0;0;0;0;0;0
0.856951;0.929916;0.676213;0.423431;0.36943;0.893492;0.24245;0.747171;0.498877;0.250781;0.296418;0.160978;0.205179;0.370362;0.259111;0.140642;0.104176;0.571607;0.266614;0.119346;0.00625079;0.493937;0.555465;0.382392;0.947337;0.0703386;0.242033;0.818659;0.491635;1;0;0;0;0;0;0
0.904961;0.975472;0.723798;0.387903;0.362542;0.678838;0.132758;0.509646;0.11349;0.226371;0.19699;0.312653;0.248664;0.435606;0.265029;0.630596;0.170127;0.689112;0.345919;1;0.0660714;0.696635;0.487253;0.862324;0.286459;0.0612007;0.499222;0.575882;0.535703;0.360557;0;0;0;0;0;0
0.846503;0.896769;0.690431;0.548079;0.474465;1;0.360741;0.880603;0.31988;0.3043;0.533003;0.465357;0.232811;0.404185;0.797457;0.00559285;0.147441;0.482365;0.655613;0.148994;0.0976168;0.471287;0.260485;0.557725;0.290477;0.104375;0.382861;0.139268;0.726672;0.200209;0;0;0;0;0;0
0.787739;0.782648;0.622045;0.735509;0.480818;1;0.405429;0.840799;0.15725;0.359105;0.606707;0.697849;0.302353;0.48592;0.759166;0.0158546;0.237371;0.446198;0.547781;0.432197;0.188591;0.395447;0.365275;0.620517;0.0389041;0.163993;0.334496;0.352205;0.512425;0.300439;0;0;0;0;0;0
0.754095;0.767608;0.595703;0.657721;0.413928;1;0.298857;0.893122;0.0828046;0.237084;0.633059;0.515055;0.18449;0.454331;0.716181;0.102511;0.144708;0.40668;0.604358;0.254731;0.14524;0.376481;0.40974;0.495464;0.14208;0.165052;0.339476;0.348626;0.50641;0.203246;0;0;0;0;0;0
0.883993;0.93687;0.690199;0.421403;0.369012;0.659919;0.199474;0.427759;0.205448;0.238784;0.221023;0.427832;0.226663;0.535112;0.246774;0.549676;0.133178;0.734482;0.235682;1;0.0232006;0.690229;0.516879;0.887691;0.345963;0.0743989;0.46414;0.65143;0.479514;0.31575;0;0;0;0;0;0
0.85647;0.901919;0.69065;0.564126;0.470255;1;0.354735;0.865858;0.308859;0.298767;0.514314;0.447114;0.227767;0.416827;0.766437;0.0659117;0.141289;0.513162;0.614877;0.127311;0.0874355;0.502122;0.203366;0.538676;0.402592;0.0937512;0.411426;0.167432;0.731102;0.339824;0;0;0;0;0;0
0.749668;0.818631;0.599222;0.463515;0.310901;1;0.0884564;0.941565;0.593834;0.0863317;0.626573;0.324486;0.106664;0.370425;0.593444;0.520517;0.0651682;0.290864;0.460283;0.541663;0.0178216;0.233707;0.180766;0.678744;0.233302;0.0535916;0.123212;0.15093;0.723637;0.122231;0;0;0;0;0;0
0.662992;0.630426;0.451404;0.741016;0.304072;1;0.233168;0.766393;0.0167928;0.207723;0.470911;0.71555;0.186655;0.322834;0.767351;0.477864;0.158827;0.259434;0.47474;0.381282;0.131813;0.180996;0.352443;0.674746;0.192996;0.115861;0.0914259;0.408473;0.509537;0.290595;0;0;0;0;0;0
0.749892;0.755607;0.586909;0.685444;0.411406;1;0.300279;0.885172;0.012584;0.239249;0.637734;0.545304;0.186888;0.471218;0.704821;0.0758113;0.148682;0.420828;0.591481;0.2795;0.150677;0.38382;0.428542;0.472994;0.130365;0.170627;0.341247;0.389132;0.463618;0.259507;0;0;0;0;0;0
0.822411;0.872915;0.670766;0.542382;0.458868;1;0.344423;0.882191;0.356402;0.286352;0.550299;0.439813;0.21646;0.423522;0.737674;0.129315;0.135364;0.477238;0.570656;0.195769;0.0914658;0.452951;0.197303;0.545782;0.219248;0.102305;0.362763;0.210554;0.648752;0.0699855;0;0;0;0;0;0
0.778995;0.769787;0.604032;0.735918;0.45882;1;0.382195;0.834692;0.131147;0.335505;0.596351;0.681596;0.276912;0.485375;0.758431;0.0122756;0.207902;0.45574;0.540032;0.441216;0.154597;0.406455;0.34767;0.642266;0.0549015;0.128204;0.343469;0.350206;0.528526;0.305493;0;0;0;0;0;0
0.832441;1;0.820487;0.0337169;0.535925;0.59136;0.390634;0.722032;0.330143;0.404325;0.496884;0.239575;0.38668;0.14233;0.518509;0.151907;0.298616;0.134866;0.614739;0.0510816;0.201005;0.226435;0.47167;0.218775;0.402742;0.151259;0.155054;0.267337;0.451195;0.381566;0;0;0;0;0;0
0.823684;1;0.82275;0.0345817;0.541068;0.635884;0.390874;0.757884;0.436252;0.395927;0.51855;0.251758;0.376104;0.168126;0.525967;0.054887;0.290032;0.154644;0.59758;0.118669;0.196364;0.241015;0.428606;0.267586;0.236196;0.152202;0.172682;0.215004;0.461355;0.185577;0;0;0;0;0;0
0.853963;1;0.806119;0.195205;0.531119;0.754793;0.383405;0.776882;0.441237;0.372702;0.476674;0.171335;0.345729;0.162742;0.409544;0.18413;0.268534;0.221218;0.373319;0.177529;0.194177;0.269938;0.182981;0.231255;0.211847;0.162797;0.183878;0.161381;0.31503;0.0816262;0;0;0;0;0;0
0.879777;1;0.80149;0.325712;0.544672;0.843277;0.412682;0.804471;0.310914;0.396592;0.492045;0.265739;0.363473;0.233545;0.481423;0.233163;0.285536;0.282034;0.373758;0.0565735;0.212057;0.314626;0.132717;0.205157;0.00597731;0.179617;0.229975;0.118438;0.256241;0.0164396;0;0;0;0;0;0
0.641836;0.612542;0.436706;0.728249;0.293061;1;0.222524;0.766231;0.00470846;0.195418;0.47234;0.743595;0.17367;0.319403;0.793529;0.532411;0.147023;0.251589;0.505129;0.379012;0.12236;0.174158;0.36401;0.678689;0.334731;0.108237;0.0880565;0.395688;0.51869;0.308993;0;0;0;0;0;0
0.78876;0.789967;0.630218;0.719061;0.490055;1;0.416924;0.842687;0.129498;0.372655;0.604842;0.69323;0.317416;0.484669;0.762021;0.0673683;0.253459;0.44956;0.544903;0.409536;0.204996;0.402081;0.355424;0.615289;0.0306929;0.179751;0.341076;0.345448;0.506613;0.249393;0;0;0;0;0;0
0.789535;0.785958;0.624516;0.731922;0.481278;1;0.405437;0.842971;0.151453;0.360224;0.608368;0.693529;0.303934;0.486029;0.757849;0.0182139;0.237907;0.446265;0.548973;0.4292;0.187946;0.396003;0.367154;0.619488;0.0376633;0.16382;0.335071;0.353468;0.514313;0.297712;0;0;0;0;0;0
0.861716;1;0.804464;0.242047;0.538235;0.799172;0.398842;0.796598;0.42329;0.385351;0.486884;0.201188;0.354899;0.203524;0.446015;0.253787;0.276966;0.262343;0.372418;0.172455;0.202556;0.303736;0.151161;0.241205;0.0933373;0.170371;0.218148;0.152852;0.315585;0.00727544;0;0;0;0;0;0
0.835327;1;0.819668;0.0947478;0.542639;0.676366;0.38921;0.761891;0.413718;0.383762;0.505586;0.251423;0.360793;0.172007;0.52062;0.0830214;0.277345;0.161323;0.541227;0.127943;0.187293;0.227268;0.353937;0.313164;0.229954;0.14461;0.154806;0.178259;0.461155;0.160936;0;0;0;0;0;0
0.858891;0.918545;0.716209;0.531547;0.502127;1;0.386769;0.891012;0.353091;0.325909;0.559929;0.436036;0.251106;0.442801;0.742362;0.0496833;0.165305;0.510171;0.58809;0.16047;0.116947;0.491627;0.202614;0.524603;0.285697;0.121983;0.399752;0.180151;0.652017;0.135265;0;0;0;0;0;0
0.794384;0.792911;0.635836;0.736451;0.501099;1;0.432382;0.833868;0.181024;0.390957;0.603207;0.722654;0.33828;0.487677;0.747927;0.0635412;0.277716;0.448795;0.526355;0.428377;0.233378;0.396659;0.371155;0.583223;0.0478821;0.21136;0.331417;0.377604;0.442631;0.275557;0;0;0;0;0;0
0.779514;0.872348;0.643292;0.399058;0.328684;1;0.0801014;0.96494;0.744661;0.0950232;0.615822;0.343899;0.120787;0.330618;0.593867;0.511898;0.0761941;0.29507;0.480247;0.644121;0.0254375;0.265541;0.136373;0.755249;0.421411;0.05741;0.154387;0.157446;0.829163;0.203098;0;0;0;0;0;0
0.830449;1;0.81478;0.0265819;0.521719;0.526;0.396059;0.682781;0.200897;0.437978;0.486748;0.222185;0.426618;0.164118;0.543642;0.353861;0.331618;0.171921;0.694327;0.26974;0.225839;0.241663;0.590492;0.0439653;0.32166;0.174959;0.149934;0.381652;0.34004;0.506082;0;0;0;0;0;0
0.753833;0.794247;0.597515;0.55314;0.393194;1;0.280341;0.868306;0.341717;0.227507;0.537305;0.449384;0.169352;0.3711;0.713833;0.343169;0.104922;0.391847;0.538315;0.233904;0.0822007;0.371038;0.227104;0.51066;0.0421948;0.101842;0.305069;0.222626;0.548256;0.101435;0;0;0;0;0;0
0.874991;1;0.81011;0.293141;0.544347;0.799396;0.39366;0.801724;0.2676;0.377714;0.523183;0.27391;0.353613;0.243377;0.50374;0.105725;0.27761;0.22178;0.419547;0.115021;0.193925;0.250339;0.186919;0.312343;0.177201;0.147456;0.178986;0.0745956;0.351777;0.142586;0;0;0;0;0;0
0.838458;1;0.80546;0.00184488;0.498399;0.528993;0.37036;0.695395;0.132369;0.429407;0.52306;0.161153;0.429072;0.22065;0.505744;0.392103;0.338903;0.165053;0.698234;0.38132;0.235283;0.221238;0.6256;0.114308;0.237072;0.186175;0.13598;0.405989;0.244615;0.490901;0;0;0;0;0;0
0.79852;0.853366;0.652843;0.523462;0.44094;1;0.325279;0.884247;0.402343;0.267713;0.550265;0.424184;0.200858;0.409832;0.712655;0.260676;0.126903;0.455052;0.540887;0.245883;0.0963586;0.431991;0.185953;0.535037;0.114053;0.113631;0.350481;0.226318;0.60988;0.0312134;0;0;0;0;0;0
0.649556;0.620932;0.448198;0.731106;0.306358;1;0.234821;0.777803;0.00526361;0.204781;0.500315;0.719911;0.179934;0.356915;0.770907;0.481938;0.150667;0.287945;0.508764;0.383182;0.12396;0.20629;0.397046;0.654359;0.256665;0.108181;0.115128;0.432971;0.492203;0.283407;0;0;0;0;0;0
0.826554;0.942123;0.696134;0.339714;0.344883;1;0.0662859;0.987214;0.884507;0.121238;0.601656;0.419293;0.148858;0.297949;0.570744;0.438967;0.0952373;0.335655;0.480864;0.724711;0.031962;0.326823;0.125095;0.807527;0.667909;0.0600957;0.198805;0.206687;0.86102;0.315618;0;0;0;0;0;0
0.831618;1;0.820077;0.0630041;0.536849;0.641721;0.386696;0.756753;0.399267;0.39367;0.515579;0.236532;0.374961;0.164816;0.514249;0.00536826;0.289139;0.154683;0.586045;0.097421;0.195234;0.240328;0.419516;0.25327;0.298301;0.150948;0.171091;0.21171;0.448145;0.224889;0;0;0;0;0;0
0.792381;0.778236;0.607016;0.747179;0.458438;1;0.381355;0.82758;0.141346;0.334446;0.577926;0.66202;0.274379;0.478585;0.781628;0.163361;0.201906;0.474253;0.574641;0.468798;0.142045;0.439882;0.314766;0.654951;0.188266;0.107882;0.381165;0.288491;0.613135;0.394983;0;0;0;0;0;0
0.653739;0.622849;0.448213;0.735733;0.305603;1;0.233939;0.768726;0.00371304;0.203924;0.472029;0.714228;0.181238;0.320166;0.777148;0.509733;0.156153;0.254082;0.485321;0.36326;0.133478;0.176865;0.348139;0.66479;0.238334;0.119252;0.0913898;0.393839;0.513987;0.31098;0;0;0;0;0;0
0.842597;0.947378;0.696541;0.352398;0.332425;0.96029;0.0431772;0.948416;0.804073;0.145969;0.541534;0.440025;0.172465;0.236849;0.539643;0.162909;0.111187;0.379129;0.486819;0.630827;0.033426;0.399504;0.170525;0.752994;1;0.0547851;0.25893;0.268543;0.802599;0.533352;0;0;0;0;0;0
0.853947;0.975853;0.753961;0.237124;0.40269;0.736654;0.100121;0.740572;0.529717;0.0937257;0.372221;0.422276;0.128329;0.153545;0.495297;0.57589;0.0770528;0.427402;0.558338;0.226734;0.00296234;0.463779;0.525427;0.131303;0.783985;0.0534924;0.300903;0.542251;0.357808;1;0;0;0;0;0;0
0.837956;1;0.820089;0.0498878;0.532503;0.58782;0.382739;0.731786;0.264696;0.397122;0.523791;0.209073;0.380395;0.172641;0.51851;0.243428;0.291432;0.11086;0.650226;0.130424;0.192768;0.215009;0.522575;0.141819;0.436194;0.145725;0.152925;0.296693;0.422568;0.465688;0;0;0;0;0;0
0.794759;0.788822;0.628848;0.744549;0.491946;1;0.422458;0.829597;0.193907;0.381062;0.591552;0.727908;0.328559;0.471739;0.75904;0.0379778;0.26844;0.43386;0.53156;0.437009;0.225128;0.384131;0.358311;0.606317;0.00717558;0.204157;0.322572;0.356929;0.473697;0.28268;0;0;0;0;0;0
0.675927;0.622825;0.442074;0.802753;0.2979;1;0.229108;0.747392;0.136278;0.204374;0.455184;0.744805;0.184182;0.316343;0.745517;0.320989;0.157535;0.25732;0.43795;0.386441;0.131618;0.1821;0.346941;0.668629;0.0240623;0.116512;0.0967294;0.419118;0.46955;0.229284;0;0;0;0;0;0
0.792803;1;0.805413;0.151504;0.43589;0.433912;0.129991;0.550864;0.726726;0.138387;0.264445;0.649537;0.130828;0.185283;0.476756;0.501149;0.0187705;0.453056;0.388502;0.151595;0.113541;0.466407;0.376108;0.0479271;0.374989;0.190399;0.265572;0.477955;0.113646;0.429368;0;0;0;0;0;0
0.824187;0.828602;0.611845;0.688781;0.374247;1;0.235947;0.829581;0.0703927;0.197492;0.504318;0.362661;0.157478;0.337901;0.541408;0.0479071;0.0868285;0.365511;0.570578;0.0910349;0.0190262;0.327958;0.564177;0.198525;0.731175;0.0547287;0.199878;0.582851;0.544552;0.814307;0;0;0;0;0;0
0.899309;1;0.803512;0.405671;0.570471;0.871289;0.467449;0.801568;0.194822;0.464567;0.563405;0.383185;0.436138;0.468736;0.526937;0.186017;0.364892;0.511456;0.35592;0.155599;0.305557;0.497237;0.159487;0.374869;0.180984;0.282143;0.383669;0.1692;0.365564;0.107584;0;0;0;0;0;0
0.895145;0.995871;0.775702;0.447438;0.493774;1;0.321253;0.938065;0.546402;0.259651;0.592617;0.17401;0.196578;0.448243;0.4348;0.0146579;0.104293;0.513664;0.497468;0.154708;0.0280192;0.45162;0.601897;0.376126;0.797963;0.0628666;0.266878;0.754711;0.544986;0.909494;0;0;0;0;0;0
0.868426;0.984534;0.757139;0.375857;0.442819;1;0.214409;0.964748;0.775283;0.15228;0.567414;0.291398;0.137567;0.255219;0.397847;0.249502;0.0880831;0.344689;0.365795;0.395275;0.0292747;0.371424;0.193706;0.355361;0.373513;0.0317303;0.254399;0.250665;0.409518;0.080959;0;0;0;0;0;0
0.788807;1;0.833413;0.212092;0.499136;0.286809;0.270467;0.424173;0.420968;0.273457;0.220503;0.445507;0.242032;0.112384;0.34125;0.532724;0.110488;0.344179;0.291829;0.200979;0.0454151;0.36689;0.310765;0.0298153;0.472445;0.14359;0.210368;0.381397;0.100087;0.494867;0;0;0;0;0;0
0.847536;0.929254;0.716048;0.470054;0.449342;1;0.278068;0.924765;0.552986;0.223584;0.564557;0.337721;0.187305;0.363107;0.597417;0.113803;0.12971;0.44984;0.501315;0.223372;0.081386;0.470524;0.194809;0.491655;0.350357;0.075706;0.375443;0.128253;0.653964;0.202331;0;0;0;0;0;0
0.847265;1;0.837702;0.15633;0.592622;0.663946;0.435395;0.700857;0.321134;0.389069;0.462578;0.174441;0.34543;0.193548;0.376057;0.00815514;0.262378;0.176013;0.384726;0.0274765;0.176063;0.217861;0.288089;0.216378;0.230916;0.129174;0.154667;0.228038;0.390178;0.244853;0;0;0;0;0;0
0.88082;0.93533;0.702314;0.567622;0.406125;1;0.174141;0.846074;0.296237;0.0557021;0.419531;0.170886;0.0154983;0.0380811;0.288389;0.163731;0.0309892;0.234163;0.195048;0.316498;0.0804527;0.26058;0.396184;0.328061;0.260528;0.1078;0.163254;0.603584;0.224338;0.562645;0;0;0;0;0;0
0.934958;1;0.806765;0.571917;0.595876;0.973296;0.488887;0.860187;0.0048822;0.450385;0.547644;0.527497;0.400912;0.350875;0.650402;0.000973053;0.335552;0.365071;0.454842;0.302925;0.290024;0.356854;0.177172;0.452639;0.110595;0.26993;0.271204;0.168156;0.38826;0.293666;0;0;0;0;0;0
0.86507;1;0.783654;0.295571;0.468357;0.932855;0.231039;0.936751;0.833008;0.15697;0.569697;0.418989;0.138971;0.281414;0.403244;0.12453;0.0887515;0.365128;0.359257;0.410429;0.0294746;0.388356;0.201125;0.462916;0.550122;0.0346548;0.268759;0.258232;0.512139;0.211234;0;0;0;0;0;0
0.718479;0.723006;0.526271;0.674215;0.306106;1;0.129542;0.788514;0.0137663;0.0170209;0.425978;0.755793;0.0410802;0.124861;0.849413;0.591998;0.0594209;0.102472;0.569056;0.131347;0.0599467;0.160766;0.302662;0.489443;0.496488;0.0516295;0.140092;0.304432;0.436139;0.313129;0;0;0;0;0;0
0.724218;0.717307;0.497993;0.661886;0.271691;1;0.137529;0.777663;0.174844;0.0980585;0.345601;0.5057;0.0722921;0.0754599;0.718009;0.314061;0.0445989;0.225932;0.489604;0.224565;0.0490645;0.235978;0.123174;0.561163;0.178057;0.0617109;0.18184;0.244528;0.708045;0.116939;0;0;0;0;0;0
0.827967;1;0.840204;0.0452072;0.586567;0.597384;0.43091;0.682918;0.379356;0.396624;0.446565;0.26682;0.358269;0.136681;0.48578;0.0688023;0.27446;0.149004;0.511807;0.0538976;0.188419;0.211175;0.389353;0.317085;0.325254;0.14402;0.140681;0.29862;0.498812;0.290024;0;0;0;0;0;0
0.791025;1;0.849069;0.212336;0.53637;0.265971;0.325902;0.41082;0.27422;0.325945;0.255212;0.351628;0.298616;0.0536229;0.316209;0.56466;0.173102;0.246652;0.290403;0.232251;0.0509456;0.28285;0.316603;0.0521916;0.586193;0.1246;0.166053;0.384185;0.125222;0.664088;0;0;0;0;0;0
0.89339;1;0.818048;0.372194;0.583824;0.782101;0.464068;0.703524;0.0065279;0.457605;0.44072;0.4964;0.434579;0.237492;0.540441;0.154762;0.353939;0.230929;0.330196;0.261263;0.257322;0.233222;0.085755;0.373884;0.196196;0.192869;0.154882;0.0694678;0.226352;0.066079;0;0;0;0;0;0
0.792286;0.860799;0.654783;0.490862;0.405256;1;0.246995;0.914311;0.492035;0.198752;0.579627;0.342258;0.167253;0.380671;0.625452;0.291243;0.120191;0.424445;0.513653;0.248066;0.092813;0.432477;0.224295;0.493113;0.0481069;0.0977726;0.349052;0.118995;0.586568;0.0729984;0;0;0;0;0;0
0.796827;1;0.796593;0.0982667;0.427818;0.537468;0.105327;0.639666;0.906688;0.0673922;0.306253;0.741925;0.0713408;0.170863;0.472654;0.411033;0.0348234;0.43715;0.363757;0.0219163;0.136831;0.422356;0.448887;0.20253;0.547936;0.192395;0.188252;0.630895;0.228739;0.578466;0;0;0;0;0;0
0.84531;0.923305;0.713344;0.496719;0.452472;1;0.294202;0.932755;0.437026;0.239002;0.60889;0.207859;0.182833;0.44126;0.533461;0.0822118;0.0992756;0.47233;0.580315;0.161006;0.0287018;0.418872;0.59174;0.366672;0.716448;0.056354;0.265502;0.672705;0.543022;0.775918;0;0;0;0;0;0
0.917163;1;0.768161;0.464947;0.457091;0.923532;0.207383;0.794679;0.385449;0.0699092;0.370777;0.136208;0.00953903;0.0540068;0.231358;0.346149;0.0486521;0.282611;0.338045;0.328389;0.102189;0.301013;0.598025;0.254756;0.466768;0.129549;0.197649;0.772945;0.260185;0.764243;0;0;0;0;0;0
0.866988;1;0.819073;0.262693;0.579101;0.784879;0.458565;0.785982;0.386775;0.446606;0.576797;0.265863;0.416193;0.471529;0.4497;0.170001;0.344774;0.498524;0.323705;0.184696;0.288514;0.476247;0.121591;0.428547;0.0471959;0.27248;0.355601;0.13437;0.501255;0.0874112;0;0;0;0;0;0
0.790443;1;0.82103;0.193863;0.470601;0.331631;0.216575;0.457464;0.550698;0.219672;0.21328;0.547478;0.192161;0.18018;0.404551;0.544377;0.0665789;0.432463;0.329923;0.185363;0.0883579;0.450392;0.33214;0.0652061;0.443838;0.178526;0.268289;0.41751;0.125887;0.446611;0;0;0;0;0;0
0.824975;1;0.835887;0.0220695;0.575998;0.522568;0.443873;0.644686;0.291923;0.442707;0.421202;0.275679;0.415454;0.0817187;0.540435;0.279268;0.329359;0.171162;0.634606;0.124563;0.238078;0.245058;0.525143;0.18138;0.395485;0.185003;0.165406;0.37294;0.452386;0.454442;0;0;0;0;0;0
0.825539;0.904104;0.735781;0.532214;0.497822;1;0.273733;0.959075;0.34027;0.105878;0.692435;0.160608;0.0392426;0.37891;0.278728;0.000938852;0.0699575;0.133972;0.151283;0.201406;0.0798112;0.112451;0.0792732;0.244937;0.181923;0.0755599;0.169122;0.258431;0.188056;0.481846;0;0;0;0;0;0
0.722263;0.71453;0.494019;0.663278;0.267778;1;0.13406;0.769233;0.174277;0.095839;0.333087;0.509879;0.0721353;0.0750921;0.70667;0.349349;0.0471209;0.229043;0.463236;0.230624;0.0512293;0.235227;0.109289;0.548377;0.145764;0.0627603;0.177796;0.271261;0.684139;0.092943;0;0;0;0;0;0
0.86591;1;0.794956;0.232015;0.481986;0.729841;0.299285;0.734153;0.349344;0.335106;0.474852;0.176356;0.347489;0.228823;0.367123;0.0541033;0.257687;0.188843;0.312875;0.0658877;0.11166;0.175203;0.205602;0.0688654;0.294994;0.0765501;0.0985453;0.254728;0.165787;0.220134;0;0;0;0;0;0
0.868605;1;0.833527;0.261567;0.590758;0.716489;0.43912;0.702742;0.191275;0.409425;0.45786;0.261152;0.385272;0.234259;0.436088;0.0205137;0.311274;0.207831;0.351866;0.113007;0.215583;0.204966;0.186738;0.267358;0.107416;0.144678;0.117973;0.140582;0.339995;0.144234;0;0;0;0;0;0
0.830414;0.914653;0.696409;0.459438;0.410797;1;0.205903;0.928212;0.592603;0.145412;0.554414;0.151536;0.129119;0.261695;0.375316;0.237658;0.0851124;0.309131;0.320467;0.252371;0.03262;0.329673;0.114233;0.193534;0.244316;0.0240059;0.230355;0.170297;0.253758;0.0829133;0;0;0;0;0;0
0.901292;1;0.804976;0.424904;0.539494;0.869136;0.356958;0.797023;0.188961;0.305801;0.487705;0.263945;0.287602;0.186394;0.381518;0.0147146;0.240744;0.132883;0.248922;0.16112;0.182584;0.153661;0.0966436;0.152074;0.131149;0.143538;0.0826189;0.171019;0.0487251;0.257076;0;0;0;0;0;0
0.847781;1;0.84382;0.169831;0.589118;0.659198;0.404185;0.689608;0.324663;0.354532;0.45195;0.22122;0.33956;0.185629;0.407783;0.0614167;0.285752;0.122521;0.381216;0.0754889;0.208938;0.135401;0.269691;0.298775;0.307474;0.153116;0.0584736;0.233265;0.435465;0.252541;0;0;0;0;0;0
0.888693;1;0.761793;0.305454;0.386404;0.830558;0.069432;0.900915;0.320719;0.168449;0.606686;0.295684;0.210451;0.23103;0.747247;0.442286;0.148059;0.28023;0.990874;0.417062;0.0731309;0.368117;0.882397;0.121122;0.231609;0.0840631;0.267395;0.549563;0.35118;0.468196;0;0;0;0;0;0
0.720732;0.651357;0.459742;0.87435;0.275868;1;0.15443;0.746289;0.367769;0.101891;0.38631;0.819173;0.081735;0.0969094;0.830839;0.12234;0.0735593;0.0909507;0.542438;0.533043;0.0759393;0.119249;0.169913;0.787149;0.3109;0.077186;0.109842;0.161649;0.758138;0.469232;0;0;0;0;0;0
0.860524;0.917642;0.744343;0.564366;0.554119;1;0.431179;0.927485;0.247128;0.352718;0.675996;0.496671;0.273629;0.547509;0.781113;0.119408;0.196756;0.545959;0.653792;0.262303;0.159654;0.513919;0.351376;0.602033;0.304343;0.164858;0.441226;0.255184;0.711224;0.316141;0;0;0;0;0;0
0.82007;1;0.843136;0.0107185;0.586507;0.554544;0.436204;0.680571;0.372559;0.413675;0.466015;0.300166;0.381351;0.149928;0.524243;0.173439;0.300165;0.140394;0.57563;0.0190781;0.21708;0.210495;0.422952;0.293821;0.411159;0.171001;0.140789;0.24685;0.527584;0.419123;0;0;0;0;0;0
0.838073;1;0.835817;0.0324677;0.578952;0.545207;0.444427;0.66572;0.19243;0.43851;0.451556;0.24629;0.408773;0.116214;0.553561;0.382314;0.321517;0.149078;0.649807;0.236855;0.230465;0.233016;0.507262;0.162069;0.427279;0.18014;0.160214;0.296411;0.46938;0.571758;0;0;0;0;0;0
0.883592;1;0.766861;0.274817;0.39703;0.796376;0.105342;0.871092;0.305251;0.181895;0.579481;0.294219;0.217861;0.185694;0.728529;0.462525;0.151959;0.260539;0.959594;0.443879;0.0691168;0.36648;0.842898;0.153798;0.181146;0.0759555;0.27482;0.501525;0.313449;0.431604;0;0;0;0;0;0
0.822411;1;0.840729;0.00202543;0.583136;0.559897;0.432579;0.670725;0.358419;0.409766;0.446718;0.276571;0.376362;0.121927;0.514021;0.143987;0.293126;0.13276;0.578572;0.0147627;0.207955;0.204599;0.465065;0.269374;0.338855;0.163153;0.132955;0.333906;0.498859;0.356065;0;0;0;0;0;0
0.864622;0.959771;0.77926;0.47624;0.548915;1;0.386408;0.957301;0.435949;0.30381;0.672524;0.275455;0.24296;0.445707;0.51777;0.158321;0.176242;0.396334;0.442089;0.0872502;0.123794;0.367252;0.22292;0.246103;0.0532246;0.105737;0.275046;0.0740747;0.244671;0.0789658;0;0;0;0;0;0
0.933887;1;0.784026;0.57074;0.549789;0.992727;0.457593;0.86116;0.0249629;0.465231;0.600485;0.602021;0.443335;0.497343;0.669054;0.225098;0.379135;0.527644;0.458553;0.310432;0.328133;0.506268;0.300751;0.467154;0.367778;0.309013;0.392218;0.280116;0.280206;0.0673685;0;0;0;0;0;0
0.814745;0.817213;0.590678;0.687465;0.334463;1;0.161704;0.768327;0.0438524;0.109185;0.329803;0.549013;0.0847001;0.0691192;0.702346;0.414864;0.0374761;0.257009;0.432548;0.263794;0.0275834;0.26892;0.0409386;0.482926;0.243949;0.059133;0.164792;0.211753;0.651139;0.415867;0;0;0;0;0;0
0.887382;0.931728;0.697408;0.591765;0.408862;1;0.214972;0.858825;0.222823;0.163124;0.455087;0.283713;0.134221;0.196501;0.550104;0.325607;0.0730309;0.341421;0.533451;0.410424;0.0185384;0.365358;0.354864;0.277535;0.350912;0.0483319;0.243814;0.275371;0.405527;0.742813;0;0;0;0;0;0
0.873153;1;0.797294;0.24032;0.503836;0.718913;0.345002;0.716768;0.307958;0.35306;0.39976;0.151468;0.343511;0.0823456;0.356839;0.169682;0.27036;0.250802;0.350644;0.046306;0.183944;0.281542;0.200425;0.111683;0.517181;0.140459;0.155584;0.195198;0.22583;0.462525;0;0;0;0;0;0
0.882341;0.939663;0.715475;0.544973;0.434448;1;0.242613;0.907003;0.408647;0.173641;0.514548;0.35046;0.132729;0.281764;0.660227;0.332954;0.0729548;0.416899;0.622019;0.0540149;0.0282176;0.444992;0.319347;0.451222;0.858506;0.0489886;0.33437;0.213463;0.792268;0.901328;0;0;0;0;0;0
0.735378;0.760528;0.536385;0.581468;0.279736;1;0.0990352;0.812319;0.32642;0.0339261;0.375017;0.402859;0.0222642;0.162609;0.681954;0.336649;0.0202586;0.301113;0.52851;0.218962;0.0480713;0.28134;0.328332;0.569635;0.259451;0.0573652;0.150217;0.408564;0.792437;0.319261;0;0;0;0;0;0
0.717219;0.691293;0.482904;0.724941;0.271031;1;0.135897;0.766338;0.0898336;0.0911552;0.34938;0.461141;0.0862389;0.00912163;0.597247;0.306674;0.0838362;0.14659;0.31994;0.267123;0.0789185;0.142478;0.0877246;0.370989;0.461924;0.0693025;0.0772326;0.343118;0.391204;0.0860108;0;0;0;0;0;0
0.856284;0.884345;0.648696;0.620577;0.366076;1;0.171875;0.836117;0.203424;0.118302;0.426846;0.289785;0.0946603;0.179843;0.522451;0.291879;0.0444975;0.323381;0.471468;0.357658;0.0321185;0.336269;0.294169;0.269244;0.421269;0.0612946;0.21389;0.272216;0.453285;0.797801;0;0;0;0;0;0
0.913165;1;0.772699;0.412837;0.470663;0.832998;0.301783;0.749139;0.149972;0.302703;0.37956;0.232938;0.292262;0.0786646;0.469035;0.327323;0.224153;0.304937;0.497727;0.421423;0.14177;0.338393;0.360682;0.230651;0.26394;0.0921168;0.207671;0.237554;0.170581;0.56808;0;0;0;0;0;0
0.723247;0.705788;0.494354;0.698673;0.27747;1;0.143842;0.773253;0.151963;0.10189;0.342607;0.425849;0.0908403;0.0621447;0.598623;0.295819;0.0804648;0.202687;0.325099;0.300441;0.0717339;0.198492;0.112247;0.474425;0.504763;0.0622897;0.117778;0.403513;0.530616;0.157497;0;0;0;0;0;0
0.711454;0.72224;0.533539;0.624941;0.346011;1;0.238125;0.843783;0.256768;0.184868;0.525609;0.468667;0.133;0.366229;0.695405;0.315369;0.0722056;0.361781;0.4941;0.273517;0.0192673;0.325384;0.218895;0.560922;0.0976052;0.0235218;0.260442;0.285137;0.590192;0.0319498;0;0;0;0;0;0
0.928203;1;0.806277;0.538316;0.589533;0.960346;0.479863;0.871404;0.0279034;0.443409;0.553752;0.502078;0.395716;0.322786;0.679631;0.00181251;0.330636;0.333404;0.519879;0.262101;0.285043;0.337599;0.220176;0.464148;0.16213;0.265125;0.256321;0.121301;0.47757;0.294422;0;0;0;0;0;0
0.798694;0.842201;0.623217;0.540757;0.378626;1;0.2365;0.869286;0.405807;0.18122;0.475317;0.42936;0.123592;0.285116;0.760603;0.139517;0.0496339;0.382589;0.616518;0.235104;0.0419477;0.382416;0.202189;0.617895;0.377605;0.0805357;0.305046;0.181282;0.819976;0.263625;0;0;0;0;0;0
0.93925;1;0.789662;0.538252;0.558408;0.918489;0.455565;0.819928;0.0917583;0.438277;0.484224;0.521819;0.399974;0.190667;0.670127;0.166982;0.333378;0.249765;0.583523;0.431248;0.283738;0.301232;0.336999;0.411209;0.133229;0.263778;0.237744;0.0848607;0.443498;0.460322;0;0;0;0;0;0
0.906652;0.969213;0.741517;0.55334;0.454607;1;0.261005;0.883558;0.292766;0.202781;0.485329;0.26885;0.172691;0.21635;0.56284;0.29102;0.115201;0.349147;0.556447;0.336569;0.0526253;0.381846;0.379419;0.255036;0.363088;0.0323506;0.271975;0.27992;0.406934;0.665453;0;0;0;0;0;0
0.943076;1;0.790988;0.557137;0.563231;0.929366;0.463129;0.835766;0.139853;0.44695;0.509335;0.564958;0.409204;0.206836;0.702458;0.189714;0.343274;0.236613;0.621702;0.489924;0.294684;0.290079;0.371862;0.446686;0.106768;0.275623;0.231663;0.099672;0.459068;0.500493;0;0;0;0;0;0
0.683241;0.690446;0.505836;0.629387;0.321361;1;0.209849;0.84241;0.245977;0.153659;0.525859;0.488464;0.104319;0.338023;0.696608;0.393656;0.0495486;0.303456;0.500398;0.305767;0.0030158;0.259625;0.258692;0.551472;0.0171491;0.0290615;0.200356;0.292835;0.54092;0.108141;0;0;0;0;0;0
0.728809;0.704947;0.49672;0.723035;0.283845;1;0.152519;0.781751;0.0920383;0.107865;0.375881;0.427386;0.0882993;0.12537;0.584239;0.127319;0.0685559;0.221101;0.34682;0.183448;0.0574298;0.222175;0.0585625;0.452191;0.627622;0.0533918;0.147291;0.341968;0.545362;0.383629;0;0;0;0;0;0
0.663767;0.662291;0.477028;0.647135;0.295841;1;0.187726;0.825875;0.210733;0.134905;0.500617;0.517517;0.0899798;0.307639;0.709904;0.444874;0.0411525;0.271043;0.500201;0.286101;0.0114565;0.226301;0.268271;0.521106;0.0669025;0.0320204;0.170266;0.302682;0.497469;0.148701;0;0;0;0;0;0
0.746502;0.700956;0.51105;0.80867;0.329184;1;0.215372;0.79055;0.172698;0.159246;0.476755;0.610641;0.115919;0.28837;0.706063;0.22314;0.0706218;0.261774;0.500137;0.392731;0.0377452;0.221961;0.206621;0.614714;0.516881;0.03134;0.146036;0.232047;0.711461;0.675631;0;0;0;0;0;0
0.755853;0.762822;0.553067;0.641525;0.328735;1;0.193298;0.819859;0.267231;0.145112;0.413503;0.353849;0.113628;0.209681;0.596052;0.149392;0.0752451;0.31281;0.383007;0.29017;0.0452571;0.311737;0.0566512;0.605323;0.6828;0.0360951;0.223558;0.384174;0.744183;0.408823;0;0;0;0;0;0
0.892787;1;0.783845;0.33112;0.479823;0.787382;0.294625;0.729592;0.329718;0.286971;0.369434;0.159277;0.281766;0.147149;0.336975;0.274286;0.219888;0.345948;0.339751;0.144333;0.137075;0.368188;0.26685;0.0473587;0.534338;0.0820552;0.229925;0.292452;0.194958;0.528015;0;0;0;0;0;0
0.870346;1;0.79763;0.227846;0.508026;0.717387;0.35728;0.721162;0.326903;0.364022;0.406694;0.151599;0.347545;0.0945718;0.357924;0.118281;0.26862;0.251073;0.342313;0.0243113;0.182665;0.283296;0.181435;0.158511;0.517187;0.145576;0.160229;0.198547;0.269107;0.410366;0;0;0;0;0;0
0.859528;0.793298;0.579889;0.926578;0.369461;0.983284;0.227065;0.622039;0.634254;0.180694;0.211117;1;0.191799;0.122194;0.7588;0.295599;0.203731;0.212606;0.386487;0.933747;0.197349;0.163314;0.360398;0.9026;0.0983911;0.173972;0.0953384;0.518062;0.628119;0.889722;0;0;0;0;0;0
0.869655;0.8056;0.591472;0.92919;0.380425;0.991466;0.23823;0.626557;0.626622;0.192655;0.209296;1;0.205243;0.137407;0.77191;0.283903;0.217637;0.22501;0.415061;0.924169;0.20929;0.170053;0.389207;0.899604;0.0988857;0.182666;0.100599;0.54296;0.670878;0.901879;0;0;0;0;0;0
0.919268;0.990463;0.768642;0.525019;0.486427;1;0.294345;0.92062;0.428349;0.220465;0.5415;0.370119;0.173298;0.321198;0.665069;0.402238;0.108399;0.442713;0.63812;0.104879;0.05174;0.469822;0.36127;0.403606;0.858357;0.0508453;0.36222;0.210455;0.734633;0.905159;0;0;0;0;0;0
0.935589;1;0.797351;0.541586;0.574308;0.934444;0.469889;0.842888;0.0750394;0.445405;0.521875;0.537258;0.404797;0.246135;0.680526;0.107907;0.341111;0.265808;0.576753;0.406917;0.294866;0.30404;0.318761;0.424182;0.0848939;0.274892;0.241333;0.0688098;0.439669;0.422941;0;0;0;0;0;0
0.930942;1;0.799914;0.506572;0.577614;0.897796;0.476584;0.824978;0.0877945;0.455815;0.512521;0.50983;0.416003;0.222713;0.675396;0.175082;0.350956;0.245672;0.612979;0.436834;0.303441;0.294682;0.369849;0.404587;0.129537;0.283306;0.236199;0.0999419;0.465333;0.493737;0;0;0;0;0;0
0.807383;0.827654;0.645217;0.656883;0.44149;1;0.306853;0.895857;0.0793348;0.236997;0.638317;0.458009;0.177597;0.47844;0.631905;0.131106;0.121918;0.459987;0.520897;0.334329;0.105962;0.428767;0.334987;0.509951;0.286004;0.117734;0.347132;0.28661;0.495989;0.400077;0;0;0;0;0;0
0.678892;0.685483;0.49954;0.62837;0.31445;1;0.203402;0.837909;0.249784;0.148763;0.517202;0.49246;0.101129;0.327981;0.698769;0.415358;0.0478205;0.293678;0.496025;0.309256;0.00715219;0.249422;0.253144;0.553198;0.00303506;0.0311545;0.191444;0.29204;0.538941;0.114411;0;0;0;0;0;0
0.926761;1;0.762601;0.498446;0.461383;0.968551;0.277196;0.874028;0.354486;0.24161;0.468703;0.335275;0.213268;0.261674;0.673562;0.415809;0.151506;0.455871;0.678187;0.2822;0.103601;0.496694;0.414292;0.252284;0.581597;0.10203;0.372835;0.188486;0.577668;0.806221;0;0;0;0;0;0
0.691515;0.706765;0.520273;0.607739;0.332805;1;0.222407;0.847827;0.28824;0.168243;0.527992;0.472914;0.117975;0.349578;0.702064;0.407305;0.0598551;0.330202;0.504708;0.298179;0.00851126;0.291711;0.236673;0.561462;0.00747091;0.0264073;0.230516;0.278771;0.578927;0.095194;0;0;0;0;0;0
0.727467;0.712999;0.503781;0.692202;0.286879;1;0.154565;0.795096;0.158031;0.111177;0.38321;0.414912;0.0889957;0.130025;0.622609;0.157177;0.0622864;0.239117;0.400358;0.231472;0.0446848;0.247569;0.0391768;0.546354;0.604347;0.0407101;0.175949;0.321186;0.674217;0.365079;0;0;0;0;0;0
0.880487;1;0.799617;0.260554;0.519974;0.718394;0.376066;0.720777;0.171462;0.37888;0.416327;0.208654;0.360111;0.0602574;0.483083;0.242714;0.282494;0.224126;0.509087;0.25684;0.197203;0.27521;0.339045;0.172452;0.34566;0.152503;0.16703;0.210753;0.328093;0.543487;0;0;0;0;0;0
0.85382;1;0.801441;0.160865;0.509881;0.700748;0.361733;0.746214;0.431426;0.367824;0.448973;0.181544;0.343568;0.119798;0.34833;0.0325952;0.258118;0.236431;0.339979;0.215221;0.176973;0.286587;0.186451;0.255124;0.504641;0.14947;0.183299;0.21706;0.299098;0.209815;0;0;0;0;0;0
0.885226;1;0.826671;0.349269;0.555724;0.786446;0.32593;0.765735;0.267039;0.232434;0.483265;0.211783;0.235013;0.172516;0.449147;0.428499;0.227679;0.155321;0.528663;0.381524;0.191218;0.226297;0.522281;0.236579;0.387104;0.148725;0.198788;0.507241;0.304615;0.631798;0;0;0;0;0;0
0.850188;1;0.801999;0.151451;0.509415;0.703392;0.358412;0.75104;0.466153;0.363847;0.455407;0.181315;0.34087;0.128647;0.333196;0.0890961;0.25684;0.229601;0.32206;0.259688;0.176902;0.278702;0.167559;0.261809;0.456977;0.150508;0.177732;0.200608;0.280953;0.136974;0;0;0;0;0;0
0.812565;0.808768;0.617148;0.708589;0.428913;1;0.320439;0.836038;0.0170833;0.261837;0.532878;0.558429;0.198085;0.40444;0.800629;0.301919;0.123157;0.43721;0.64737;0.410532;0.0663934;0.421361;0.296828;0.642056;0.426469;0.0557034;0.35573;0.156989;0.809044;0.641656;0;0;0;0;0;0
0.899196;1;0.774007;0.367479;0.461401;0.834122;0.265253;0.755771;0.36791;0.254748;0.371939;0.141836;0.251816;0.166171;0.316211;0.226298;0.194059;0.371723;0.321645;0.138604;0.11509;0.392027;0.295592;0.0078256;0.490194;0.0578225;0.250631;0.353409;0.164616;0.4897;0;0;0;0;0;0
0.866049;1;0.797958;0.209433;0.505971;0.715738;0.355393;0.736398;0.351234;0.363735;0.426682;0.1687;0.345944;0.0909552;0.37908;0.0803726;0.264923;0.238186;0.369696;0.0744702;0.179293;0.281014;0.20323;0.194284;0.526641;0.143788;0.166893;0.203662;0.291826;0.357017;0;0;0;0;0;0
0.881203;1;0.796974;0.268052;0.516476;0.729321;0.374044;0.728462;0.175474;0.378072;0.427487;0.201425;0.358417;0.0743812;0.46153;0.200474;0.27934;0.208939;0.487692;0.244879;0.194349;0.264308;0.332749;0.151183;0.333087;0.152217;0.163678;0.210305;0.319929;0.556417;0;0;0;0;0;0
0.82549;0.859752;0.626292;0.577009;0.338887;1;0.134844;0.87289;0.370326;0.0826806;0.439181;0.321848;0.0686406;0.138921;0.650912;0.145515;0.0309159;0.341151;0.595701;0.0861634;0.0491876;0.379579;0.282845;0.511226;0.810641;0.0778192;0.274978;0.238306;0.816973;0.766639;0;0;0;0;0;0
0.80068;0.805338;0.568491;0.661571;0.297126;1;0.108196;0.794273;0.160567;0.0677902;0.372006;0.315123;0.0611957;0.148325;0.449557;0.149208;0.0351312;0.300314;0.322583;0.297493;0.0538747;0.299324;0.198918;0.225318;0.344682;0.0766168;0.176172;0.306217;0.339214;0.709827;0;0;0;0;0;0
0.928572;1;0.754575;0.491224;0.427786;0.921917;0.21064;0.814347;0.230489;0.192404;0.41112;0.208327;0.182456;0.115195;0.492061;0.409334;0.115463;0.339966;0.554713;0.454687;0.0330433;0.372933;0.421245;0.186669;0.352685;0.0228471;0.230993;0.285001;0.224217;0.697543;0;0;0;0;0;0
