1.16996e-06;1.54952e-06;1.17407e-06;1.51365e-06;-8.52174e-06;-8.42132e-06;-8.4589e-06;-8.4134e-06;1;0.92313;0.936988;0.921075;1.33722e-06;1.28514e-06;1.29717e-06;1.27932e-06;5.10065e-06;6.99952e-06;3.62712e-06;6.23885e-06;3.66871e-07;4.25681e-07;4.18218e-07;4.31554e-07
3.18318e-06;4.77472e-06;3.49524e-06;4.79337e-06;-2.039e-05;-2.00662e-05;-2.023e-05;-2.008e-05;1;0.849087;0.908963;0.856819;3.27211e-06;3.10965e-06;3.18037e-06;3.11791e-06;1.37115e-05;2.32317e-05;1.41462e-05;2.38682e-05;1.00422e-06;1.20931e-06;1.1484e-06;1.20346e-06
3.96468e-06;4.84942e-06;3.94602e-06;5.28873e-06;-2.0005e-05;-1.97681e-05;-1.99732e-05;-1.97212e-05;1;0.890727;0.982591;0.862946;3.13686e-06;3.02626e-06;3.12154e-06;2.9952e-06;1.5724e-05;2.02897e-05;1.59249e-05;2.31951e-05;1.08912e-06;1.20924e-06;1.11726e-06;1.25343e-06
4.01519e-06;4.96985e-06;4.19802e-06;4.81984e-06;-1.36771e-05;-1.35205e-05;-1.35805e-05;-1.35423e-05;1;0.913332;0.923364;0.933862;1.93268e-06;1.84594e-06;1.8685e-06;1.86207e-06;1.61645e-05;1.98731e-05;1.30096e-05;1.97553e-05;9.56071e-07;9.90471e-07;9.85841e-07;9.90191e-07
4.75922e-07;5.80717e-07;2.96589e-07;5.55129e-07;-7.29751e-06;-7.23929e-06;-7.32536e-06;-7.24506e-06;0.988476;0.960408;1;0.96554;1.20693e-06;1.18466e-06;1.21741e-06;1.18797e-06;1.50556e-06;1.86883e-06;5.57385e-07;1.71078e-06;1.98997e-07;2.27148e-07;1.9062e-07;2.21146e-07
1.25996e-06;1.54672e-06;1.17628e-06;1.68392e-06;-7.46828e-06;-7.3963e-06;-7.4449e-06;-7.40083e-06;1;0.956582;0.992607;0.99926;1.12091e-06;1.09038e-06;1.10953e-06;1.09575e-06;5.22926e-06;6.21159e-06;3.49733e-06;7.44933e-06;3.88446e-07;4.06485e-07;3.94578e-07;3.87096e-07
1.4022e-06;1.92434e-06;1.24167e-06;1.98621e-06;-1.37916e-05;-1.36447e-05;-1.37367e-05;-1.36072e-05;1;0.930204;0.962058;0.899892;2.24867e-06;2.18641e-06;2.21881e-06;2.16852e-06;5.95176e-06;8.38184e-06;3.47594e-06;8.37366e-06;5.30269e-07;6.00719e-07;5.79116e-07;6.25795e-07
5.27837e-06;7.14156e-06;5.26694e-06;6.74677e-06;-2.64761e-05;-2.60723e-05;-2.6283e-05;-2.60901e-05;1;0.855427;0.919494;0.859887;4.06629e-06;3.84648e-06;3.94202e-06;3.853e-06;1.98169e-05;2.83443e-05;1.48037e-05;2.46434e-05;1.70155e-06;1.92355e-06;1.86175e-06;1.92224e-06
1.40154e-06;1.71977e-06;1.17658e-06;1.77478e-06;-1.23661e-05;-1.22192e-05;-1.23121e-05;-1.22365e-05;1;0.923226;0.969592;0.93871;2.00251e-06;1.93446e-06;1.97453e-06;1.94342e-06;6.28403e-06;7.01502e-06;3.09411e-06;8.0714e-06;4.93705e-07;5.79966e-07;5.37673e-07;5.68928e-07
3.99685e-06;5.16306e-06;4.26165e-06;5.18346e-06;-1.56651e-05;-1.54368e-05;-1.55695e-05;-1.54401e-05;1;0.85829;0.922847;0.859969;2.46174e-06;2.34528e-06;2.40682e-06;2.34837e-06;1.77162e-05;2.4602e-05;1.93669e-05;2.48669e-05;7.29217e-07;8.70851e-07;8.19828e-07;8.67146e-07
1.58828e-06;2.59631e-06;1.98528e-06;2.56275e-06;-1.13188e-05;-1.11571e-05;-1.12421e-05;-1.11625e-05;1;0.889157;0.938848;0.893745;1.79e-06;1.71789e-06;1.75383e-06;1.72094e-06;6.30283e-06;1.26742e-05;8.75754e-06;1.25996e-05;4.73235e-07;5.45567e-07;5.1611e-07;5.44605e-07
8.89153e-07;1.08494e-06;9.97223e-07;1.13723e-06;-7.50347e-06;-7.43897e-06;-7.465e-06;-7.42395e-06;1;0.949963;0.967248;0.932708;1.18924e-06;1.16261e-06;1.17153e-06;1.15378e-06;3.84182e-06;4.89433e-06;4.50351e-06;5.27875e-06;2.23631e-07;2.58992e-07;2.50019e-07;2.73936e-07
4.02339e-07;5.29972e-07;4.28077e-07;4.99755e-07;-2.7919e-06;-2.75976e-06;-2.77928e-06;-2.76175e-06;1;0.882345;0.943452;0.881752;3.98806e-07;3.83206e-07;3.92362e-07;3.83873e-07;1.88185e-06;2.64419e-06;1.99582e-06;2.3829e-06;9.30842e-08;1.14563e-07;1.03979e-07;1.15015e-07
2.10061e-06;2.84091e-06;2.00424e-06;2.93665e-06;-1.50496e-05;-1.48315e-05;-1.49558e-05;-1.48197e-05;1;0.883165;0.940545;0.877523;2.42742e-06;2.32162e-06;2.37585e-06;2.31682e-06;9.04147e-06;1.20187e-05;6.54587e-06;1.28686e-05;6.31883e-07;7.61122e-07;7.11995e-07;7.67357e-07
1.39297e-06;1.76797e-06;1.11584e-06;1.70937e-06;-1.00111e-05;-9.88674e-06;-9.95586e-06;-9.89076e-06;1;0.915512;0.953866;0.919978;1.60915e-06;1.54757e-06;1.57922e-06;1.55056e-06;8.13829e-06;1.03803e-05;4.43689e-06;9.82224e-06;4.16902e-07;5.04158e-07;4.69762e-07;5.00009e-07
1.80007e-06;2.11047e-06;1.45867e-06;2.07846e-06;-1.18227e-05;-1.17455e-05;-1.18212e-05;-1.17376e-05;1;0.946793;0.991724;0.942336;1.8267e-06;1.79436e-06;1.82716e-06;1.78985e-06;7.42096e-06;9.00012e-06;3.96903e-06;8.70141e-06;5.87809e-07;6.17537e-07;5.93112e-07;6.2914e-07
1.03923e-06;1.19597e-06;1.00389e-06;1.2119e-06;-3.66863e-06;-3.63587e-06;-3.65827e-06;-3.63722e-06;1;0.903766;0.965464;0.90806;5.11302e-07;4.95221e-07;5.0595e-07;4.96109e-07;5.8152e-06;6.54669e-06;5.25485e-06;6.72448e-06;1.37905e-07;1.55411e-07;1.46043e-07;1.54123e-07
3.20285e-06;3.84535e-06;3.13399e-06;3.80804e-06;-1.71248e-05;-1.69278e-05;-1.70271e-05;-1.69322e-05;1;0.878884;0.91975;0.884632;2.59992e-06;2.49877e-06;2.53936e-06;2.50165e-06;1.08242e-05;1.3291e-05;8.81982e-06;1.30639e-05;9.83268e-07;1.10192e-06;1.07415e-06;1.0998e-06
1.34644e-07;1.69685e-07;1.40166e-07;1.7079e-07;-1.75525e-06;-1.7438e-06;-1.74695e-06;-1.74023e-06;1;0.95569;0.947548;0.913211;2.48956e-07;2.4413e-07;2.44838e-07;2.41871e-07;5.12068e-07;7.37639e-07;5.03291e-07;7.20319e-07;5.2094e-08;5.89877e-08;5.95387e-08;6.37337e-08
4.60996e-07;4.62964e-07;4.255e-07;5.46662e-07;-2.71822e-06;-2.71261e-06;-2.71711e-06;-2.69204e-06;0.9917;0.991966;1;0.888438;3.81127e-07;3.79332e-07;3.80902e-07;3.68001e-07;2.06957e-06;2.1597e-06;1.81958e-06;2.5128e-06;9.98282e-08;1.03335e-07;1.01954e-07;1.18809e-07
4.1973e-06;5.41508e-06;4.7903e-06;5.65431e-06;-1.72635e-05;-1.70535e-05;-1.71589e-05;-1.69898e-05;1;0.895945;0.949501;0.856941;2.70041e-06;2.60529e-06;2.65416e-06;2.57021e-06;1.97572e-05;2.67998e-05;2.2746e-05;2.75594e-05;8.20716e-07;9.09176e-07;8.56817e-07;9.48436e-07
2.01025e-07;2.49132e-07;2.00922e-07;2.537e-07;-2.96431e-06;-2.93966e-06;-2.95514e-06;-2.93609e-06;1;0.916818;0.95493;0.901427;4.38422e-07;4.27798e-07;4.34123e-07;4.25964e-07;6.86894e-07;8.33014e-07;6.30652e-07;8.35434e-07;7.70316e-08;9.28047e-08;8.55174e-08;9.60002e-08
1.09531e-06;1.54071e-06;9.67259e-07;1.4678e-06;-9.58529e-06;-9.47843e-06;-9.53792e-06;-9.4779e-06;1;0.943499;0.964547;0.943869;1.55965e-06;1.5129e-06;1.5338e-06;1.51149e-06;5.78066e-06;8.36045e-06;3.71131e-06;7.59722e-06;3.15008e-07;3.72656e-07;3.60191e-07;3.77524e-07
3.51795e-06;4.10377e-06;2.88216e-06;3.92367e-06;-1.37294e-05;-1.36098e-05;-1.37467e-05;-1.36391e-05;0.931333;0.897799;1;0.924482;1.86938e-06;1.81322e-06;1.90948e-06;1.8376e-06;1.32682e-05;1.65173e-05;9.01767e-06;1.61335e-05;1.09167e-06;1.1298e-06;1.07756e-06;1.11201e-06
1.05513e-05;1.24683e-05;1.02096e-05;1.17423e-05;-2.41191e-05;-2.38503e-05;-2.40561e-05;-2.38857e-05;1;0.89531;0.973633;0.907749;3.57481e-06;3.44145e-06;3.54818e-06;3.46597e-06;4.8398e-05;5.9234e-05;4.5926e-05;5.5705e-05;1.4138e-06;1.5087e-06;1.47031e-06;1.52483e-06
2.45534e-06;3.09955e-06;2.31529e-06;3.1671e-06;-1.19661e-05;-1.1801e-05;-1.187e-05;-1.17997e-05;1;0.898417;0.919525;0.894109;1.92315e-06;1.8409e-06;1.86933e-06;1.84172e-06;1.42358e-05;1.82231e-05;1.10981e-05;1.91898e-05;4.98666e-07;6.11972e-07;5.90135e-07;6.10713e-07
5.99171e-07;7.26722e-07;5.74686e-07;7.30076e-07;-3.06285e-06;-3.03703e-06;-3.05697e-06;-3.03333e-06;1;0.924473;0.979303;0.903532;4.43444e-07;4.32059e-07;4.40598e-07;4.29985e-07;3.69124e-06;4.57722e-06;3.39982e-06;4.54652e-06;9.41579e-08;1.09249e-07;1.00219e-07;1.13126e-07
2.64906e-06;3.06118e-06;2.29096e-06;3.33432e-06;-1.231e-05;-1.22118e-05;-1.22995e-05;-1.2206e-05;1;0.919352;0.967658;0.927212;1.90573e-06;1.85937e-06;1.89701e-06;1.85811e-06;1.42406e-05;1.71285e-05;1.03672e-05;1.9649e-05;5.94127e-07;6.55901e-07;6.22137e-07;6.48549e-07
2.61803e-06;3.32458e-06;2.7708e-06;3.34398e-06;-1.73257e-05;-1.70991e-05;-1.72106e-05;-1.71013e-05;1;0.911314;0.947253;0.915499;2.88417e-06;2.78058e-06;2.82373e-06;2.78123e-06;1.09397e-05;1.44095e-05;1.11663e-05;1.46322e-05;5.94822e-07;7.27943e-07;6.92809e-07;7.2499e-07
3.19537e-06;3.94522e-06;3.17737e-06;4.06765e-06;-1.22147e-05;-1.203e-05;-1.20992e-05;-1.20391e-05;1;0.807831;0.841177;0.833639;1.9073e-06;1.78981e-06;1.82365e-06;1.80119e-06;1.94855e-05;2.23785e-05;1.52106e-05;2.45159e-05;6.11898e-07;7.43252e-07;7.1138e-07;7.28399e-07
3.48246e-06;4.31074e-06;3.5359e-06;4.49123e-06;-1.99691e-05;-1.97616e-05;-1.98798e-05;-1.97402e-05;1;0.90766;0.94901;0.90141;3.1024e-06;3.00544e-06;3.05559e-06;2.99621e-06;1.18002e-05;1.59246e-05;1.0974e-05;1.70686e-05;1.09834e-06;1.20011e-06;1.16042e-06;1.20176e-06
2.41537e-06;2.96347e-06;2.50942e-06;2.84617e-06;-1.41447e-05;-1.39783e-05;-1.40636e-05;-1.39919e-05;1;0.891677;0.935005;0.890834;2.27996e-06;2.20203e-06;2.23701e-06;2.20546e-06;1.08924e-05;1.37225e-05;1.08581e-05;1.33744e-05;5.95789e-07;7.03001e-07;6.68503e-07;7.12672e-07
6.70774e-07;7.99998e-07;6.54617e-07;9.00486e-07;-5.56761e-06;-5.5162e-06;-5.55084e-06;-5.51398e-06;0.995071;0.964338;1;0.960821;8.85992e-07;8.62223e-07;8.78581e-07;8.62388e-07;3.05944e-06;3.55504e-06;2.63341e-06;4.45191e-06;1.88364e-07;2.20471e-07;1.97452e-07;2.17857e-07
1.97167e-07;2.48699e-07;1.75506e-07;2.64755e-07;-3.06899e-06;-3.04506e-06;-3.06424e-06;-3.04133e-06;1;0.925764;0.97539;0.914547;4.52636e-07;4.427e-07;4.50535e-07;4.40814e-07;6.72061e-07;8.77737e-07;4.55665e-07;9.51224e-07;8.74092e-08;1.01466e-07;9.22398e-08;1.0386e-07
2.33215e-06;3.00139e-06;2.40605e-06;2.95454e-06;-1.36231e-05;-1.34243e-05;-1.34969e-05;-1.34335e-05;1;0.895524;0.91682;0.901723;2.1651e-06;2.06517e-06;2.09541e-06;2.07067e-06;1.09188e-05;1.39453e-05;9.07349e-06;1.36748e-05;6.52724e-07;7.69223e-07;7.48099e-07;7.62921e-07
2.69331e-06;3.63144e-06;3.0554e-06;3.7352e-06;-1.76938e-05;-1.74635e-05;-1.75617e-05;-1.74388e-05;1;0.919377;0.947719;0.910485;2.92204e-06;2.82234e-06;2.85889e-06;2.80788e-06;1.06146e-05;1.5797e-05;1.21721e-05;1.62389e-05;6.57588e-07;7.63457e-07;7.38348e-07;7.81439e-07
1.24403e-06;1.55932e-06;1.29198e-06;1.6008e-06;-9.72938e-06;-9.63152e-06;-9.6958e-06;-9.6258e-06;1;0.913703;0.966922;0.911953;1.56582e-06;1.522e-06;1.54956e-06;1.52076e-06;5.34145e-06;7.32005e-06;5.6589e-06;7.41647e-06;3.29047e-07;3.94304e-07;3.57925e-07;3.91088e-07
1.36515e-06;1.74652e-06;1.0885e-06;1.73065e-06;-1.00566e-05;-9.94674e-06;-1.00216e-05;-9.98487e-06;1;0.940034;0.968892;0.9938;1.62258e-06;1.57187e-06;1.60159e-06;1.59242e-06;7.85217e-06;9.83214e-06;4.09893e-06;1.02216e-05;3.95092e-07;4.62299e-07;4.34319e-07;4.29018e-07
2.3856e-06;3.16376e-06;2.14813e-06;3.2395e-06;-1.7099e-05;-1.68934e-05;-1.70272e-05;-1.68989e-05;1;0.906087;0.962002;0.917118;2.75035e-06;2.65436e-06;2.70778e-06;2.66006e-06;1.09825e-05;1.48752e-05;7.23174e-06;1.56947e-05;7.95066e-07;9.14685e-07;8.65866e-07;9.00307e-07
2.774e-06;3.23624e-06;2.32006e-06;3.45675e-06;-1.38818e-05;-1.37541e-05;-1.38482e-05;-1.37409e-05;1;0.912133;0.947923;0.895881;2.21861e-06;2.15774e-06;2.19578e-06;2.14949e-06;1.69948e-05;2.02589e-05;1.10793e-05;2.23457e-05;6.38332e-07;7.2283e-07;6.82742e-07;7.31472e-07
6.93483e-07;7.9123e-07;6.10352e-07;7.82618e-07;-3.11186e-06;-3.09015e-06;-3.11107e-06;-3.08915e-06;1;0.93989;0.990712;0.934895;4.54967e-07;4.46271e-07;4.5509e-07;4.45653e-07;4.66743e-06;5.23328e-06;3.80191e-06;5.12305e-06;8.16622e-08;9.2121e-08;8.31861e-08;9.3445e-08
1.06353e-05;1.32139e-05;1.03115e-05;1.25525e-05;-3.41743e-05;-3.37705e-05;-3.40366e-05;-3.38167e-05;1;0.884502;0.952146;0.895219;5.04155e-06;4.82058e-06;4.9478e-06;4.84552e-06;4.39752e-05;5.98028e-05;3.68817e-05;5.44299e-05;2.53475e-06;2.72431e-06;2.65722e-06;2.71435e-06
3.25983e-06;4.12332e-06;3.42194e-06;4.00062e-06;-1.57748e-05;-1.55582e-05;-1.56411e-05;-1.5579e-05;1;0.88822;0.911697;0.897796;2.46352e-06;2.34539e-06;2.38153e-06;2.36151e-06;1.48903e-05;1.97743e-05;1.40203e-05;1.91552e-05;8.27394e-07;9.73912e-07;9.4808e-07;9.54994e-07
5.85499e-06;6.86654e-06;6.20733e-06;6.90438e-06;-1.79373e-05;-1.77514e-05;-1.78127e-05;-1.76832e-05;1;0.901554;0.917172;0.854273;2.76461e-06;2.6731e-06;2.69237e-06;2.62952e-06;3.04126e-05;3.67522e-05;3.09276e-05;3.45604e-05;9.6865e-07;1.06293e-06;1.04974e-06;1.11042e-06
2.16731e-06;2.79162e-06;2.08731e-06;3.03024e-06;-1.94241e-05;-1.91798e-05;-1.92947e-05;-1.91044e-05;1;0.887817;0.917862;0.845029;3.16225e-06;3.04946e-06;3.09416e-06;3.00908e-06;7.53015e-06;1.00768e-05;5.31269e-06;1.09602e-05;9.52156e-07;1.09675e-06;1.05694e-06;1.14748e-06
1.45302e-06;1.9471e-06;1.52352e-06;1.95312e-06;-1.16174e-05;-1.14799e-05;-1.15603e-05;-1.14827e-05;1;0.901565;0.942555;0.907238;1.83246e-06;1.77255e-06;1.80492e-06;1.77476e-06;4.643e-06;7.0367e-06;4.71546e-06;7.11383e-06;5.09053e-07;5.74087e-07;5.47073e-07;5.6893e-07
1.67355e-07;1.96037e-07;1.62325e-07;2.16216e-07;-2.85658e-06;-2.83529e-06;-2.85051e-06;-2.82954e-06;1;0.926925;0.982674;0.906741;4.20521e-07;4.11149e-07;4.18015e-07;4.08312e-07;4.78995e-07;5.50275e-07;4.12443e-07;6.51002e-07;7.64636e-08;9.17661e-08;8.11793e-08;9.63946e-08
3.46807e-06;4.19009e-06;3.2069e-06;4.0927e-06;-1.5825e-05;-1.56728e-05;-1.57995e-05;-1.5676e-05;1;0.905691;0.974881;0.911038;2.47661e-06;2.40549e-06;2.46476e-06;2.40852e-06;1.47854e-05;1.92461e-05;1.25119e-05;1.85701e-05;7.86128e-07;8.66249e-07;8.09297e-07;8.66056e-07
1.83637e-06;2.4233e-06;1.55648e-06;2.43243e-06;-1.78596e-05;-1.76652e-05;-1.77955e-05;-1.763e-05;1;0.918041;0.955751;0.895683;2.97881e-06;2.8994e-06;2.94607e-06;2.8769e-06;7.54877e-06;1.04345e-05;4.31334e-06;9.84171e-06;6.59208e-07;7.5924e-07;7.2414e-07;7.95735e-07
5.35249e-07;6.60381e-07;5.28914e-07;6.3688e-07;-2.96196e-06;-2.93249e-06;-2.95495e-06;-2.93178e-06;1;0.905646;0.956789;0.893839;4.24159e-07;4.09644e-07;4.20697e-07;4.09174e-07;2.96541e-06;3.59294e-06;2.81984e-06;3.38289e-06;1.04434e-07;1.22642e-07;1.10973e-07;1.24355e-07
2.02633e-06;3.00122e-06;2.38152e-06;2.63203e-06;-1.37302e-05;-1.35529e-05;-1.3677e-05;-1.36304e-05;1;0.879492;0.967514;0.942916;2.08382e-06;1.99133e-06;2.05639e-06;2.04207e-06;6.41783e-06;1.22063e-05;9.01477e-06;1.10385e-05;7.62329e-07;8.58524e-07;7.95753e-07;8.15012e-07
3.04349e-07;4.02404e-07;3.44786e-07;3.90359e-07;-2.83224e-06;-2.80329e-06;-2.81666e-06;-2.80423e-06;1;0.890246;0.931686;0.889503;3.97387e-07;3.83402e-07;3.89216e-07;3.83513e-07;9.4154e-07;1.32755e-06;1.06279e-06;1.26768e-06;1.06192e-07;1.23201e-07;1.17545e-07;1.24276e-07
4.25877e-06;5.05855e-06;4.01356e-06;5.14103e-06;-1.54155e-05;-1.52217e-05;-1.53243e-05;-1.52147e-05;1;0.878221;0.915599;0.874358;2.3232e-06;2.20455e-06;2.25389e-06;2.19946e-06;1.91084e-05;2.24243e-05;1.41712e-05;2.31316e-05;9.1289e-07;1.04326e-06;1.0131e-06;1.04869e-06
7.47824e-06;9.36622e-06;6.63488e-06;8.47444e-06;-2.08021e-05;-2.04952e-05;-2.07012e-05;-2.05466e-05;1;0.888061;0.941927;0.90459;3.24463e-06;3.08731e-06;3.18618e-06;3.11427e-06;4.11577e-05;5.30458e-05;2.94584e-05;4.462e-05;1.14076e-06;1.28959e-06;1.23195e-06;1.27415e-06
8.15169e-07;1.32196e-06;1.03018e-06;1.36415e-06;-7.36711e-06;-7.2844e-06;-7.3335e-06;-7.2724e-06;1;0.926215;0.968696;0.909835;1.14899e-06;1.11428e-06;1.13366e-06;1.10749e-06;2.82511e-06;5.93184e-06;4.2651e-06;6.10549e-06;2.70328e-07;3.03304e-07;2.87544e-07;3.12119e-07
5.69732e-06;6.6956e-06;5.36027e-06;6.8868e-06;-2.1088e-05;-2.08527e-05;-2.10013e-05;-2.0831e-05;1;0.902347;0.942628;0.891087;3.36723e-06;3.25069e-06;3.31439e-06;3.23539e-06;2.75138e-05;3.35451e-05;2.41357e-05;3.53047e-05;1.05301e-06;1.19705e-06;1.15655e-06;1.22922e-06
1.1644e-06;1.45244e-06;9.98223e-07;1.39604e-06;-1.29471e-05;-1.28449e-05;-1.29654e-05;-1.28402e-05;0.990551;0.935941;1;0.913613;2.08081e-06;2.04201e-06;2.09368e-06;2.03767e-06;3.13785e-06;4.47863e-06;2.30232e-06;4.06328e-06;5.62165e-07;6.07223e-07;5.44045e-07;6.18613e-07
2.66401e-06;3.21963e-06;2.29276e-06;3.29305e-06;-1.60993e-05;-1.59039e-05;-1.60139e-05;-1.59017e-05;1;0.918781;0.969519;0.938566;2.53403e-06;2.43364e-06;2.48337e-06;2.43615e-06;1.22665e-05;1.41869e-05;6.27072e-06;1.49073e-05;8.67245e-07;9.91297e-07;9.43903e-07;9.81503e-07
6.25502e-06;7.65063e-06;5.99028e-06;7.56327e-06;-2.50727e-05;-2.47324e-05;-2.49386e-05;-2.47763e-05;1;0.866396;0.939361;0.890583;3.9092e-06;3.7292e-06;3.83301e-06;3.76173e-06;2.75535e-05;3.49423e-05;2.2854e-05;3.50647e-05;1.45477e-06;1.672e-06;1.5746e-06;1.62419e-06
3.29198e-06;5.02555e-06;3.94383e-06;4.89755e-06;-1.55744e-05;-1.53373e-05;-1.5427e-05;-1.53348e-05;1;0.918245;0.924499;0.895986;2.40999e-06;2.29783e-06;2.33534e-06;2.29781e-06;1.43432e-05;2.41242e-05;1.62142e-05;2.35779e-05;8.06875e-07;8.64121e-07;8.61918e-07;8.81951e-07
3.70574e-06;4.98622e-06;3.51976e-06;4.96106e-06;-2.40022e-05;-2.36539e-05;-2.39156e-05;-2.36825e-05;1;0.863685;0.950401;0.87751;3.86576e-06;3.69084e-06;3.81132e-06;3.70818e-06;1.36995e-05;1.98717e-05;1.13389e-05;2.02219e-05;1.28157e-06;1.49248e-06;1.37594e-06;1.46318e-06
7.62488e-07;9.37206e-07;6.93974e-07;8.99169e-07;-3.86013e-06;-3.82375e-06;-3.85293e-06;-3.81611e-06;1;0.901394;0.965434;0.876673;5.59967e-07;5.4242e-07;5.56314e-07;5.38225e-07;4.4366e-06;5.43323e-06;3.76169e-06;4.97689e-06;1.32034e-07;1.55734e-07;1.41138e-07;1.62405e-07
1.5179e-06;1.87876e-06;1.17229e-06;1.86764e-06;-1.1074e-05;-1.09443e-05;-1.10469e-05;-1.09493e-05;0.994198;0.923399;1;0.932367;1.75941e-06;1.69646e-06;1.7478e-06;1.70042e-06;7.38216e-06;8.7868e-06;3.52895e-06;8.78864e-06;4.98172e-07;5.79813e-07;5.1998e-07;5.74012e-07
2.85372e-06;3.45978e-06;2.41422e-06;3.35335e-06;-1.09904e-05;-1.08759e-05;-1.09645e-05;-1.08824e-05;1;0.930816;0.982431;0.936106;1.66446e-06;1.60775e-06;1.65142e-06;1.61129e-06;1.56115e-05;1.931e-05;1.01689e-05;1.83075e-05;5.9959e-07;6.55711e-07;6.18986e-07;6.51428e-07
4.62584e-06;5.84645e-06;4.31575e-06;5.91016e-06;-1.79802e-05;-1.77979e-05;-1.78942e-05;-1.77351e-05;0.982917;1;0.928796;0.894624;2.76982e-06;2.71155e-06;2.71681e-06;2.65184e-06;2.56978e-05;3.41532e-05;2.05273e-05;3.35552e-05;1.05789e-06;1.05891e-06;1.14632e-06;1.17558e-06
4.45071e-06;5.44156e-06;4.64102e-06;5.63349e-06;-2.07303e-05;-2.04968e-05;-2.0621e-05;-2.04538e-05;1;0.889032;0.949995;0.873419;3.15592e-06;3.03961e-06;3.10482e-06;3.02159e-06;1.59009e-05;2.01863e-05;1.55387e-05;2.07902e-05;1.23455e-06;1.34622e-06;1.27942e-06;1.35053e-06
4.29815e-06;5.29444e-06;4.06253e-06;5.27989e-06;-1.90764e-05;-1.88491e-05;-1.90052e-05;-1.88573e-05;1;0.878059;0.945392;0.881223;2.82395e-06;2.70802e-06;2.78257e-06;2.70986e-06;1.54256e-05;2.0722e-05;1.31126e-05;2.08902e-05;1.26507e-06;1.38494e-06;1.33651e-06;1.38543e-06
5.94934e-07;7.15925e-07;5.29219e-07;6.80757e-07;-2.6788e-06;-2.65631e-06;-2.6775e-06;-2.65569e-06;1;0.922809;0.991454;0.915416;3.88778e-07;3.79338e-07;3.88766e-07;3.78913e-07;3.96114e-06;4.68777e-06;3.30079e-06;4.38336e-06;7.03762e-08;8.17007e-08;7.19005e-08;8.31396e-08
3.51412e-06;4.31062e-06;3.15857e-06;4.25098e-06;-1.67675e-05;-1.65722e-05;-1.67124e-05;-1.65887e-05;1;0.885121;0.954104;0.899602;2.56104e-06;2.45874e-06;2.52433e-06;2.47184e-06;1.4667e-05;1.81397e-05;1.00215e-05;1.81762e-05;9.58291e-07;1.06082e-06;1.01147e-06;1.04993e-06
8.84416e-06;1.08919e-05;8.3938e-06;1.0983e-05;-2.94042e-05;-2.90297e-05;-2.92886e-05;-2.90161e-05;1;0.882539;0.949007;0.877316;4.55308e-06;4.37214e-06;4.49735e-06;4.36715e-06;3.89827e-05;5.07194e-05;3.32365e-05;5.13837e-05;1.83233e-06;1.98773e-06;1.90331e-06;1.98703e-06
2.84895e-06;3.80015e-06;3.08476e-06;3.6403e-06;-1.5386e-05;-1.5172e-05;-1.52477e-05;-1.51508e-05;1;0.891502;0.916037;0.874191;2.49556e-06;2.39472e-06;2.42393e-06;2.37952e-06;1.41577e-05;1.98979e-05;1.45555e-05;1.80479e-05;6.02196e-07;7.3119e-07;7.10493e-07;7.59414e-07
1.23948e-06;2.08049e-06;1.51356e-06;2.08828e-06;-1.37472e-05;-1.35706e-05;-1.36629e-05;-1.35709e-05;1;0.915554;0.951489;0.913836;2.29448e-06;2.22261e-06;2.25554e-06;2.22343e-06;5.09834e-06;1.04814e-05;6.71247e-06;1.05476e-05;4.12396e-07;5.06584e-07;4.80108e-07;5.04506e-07
4.87517e-06;5.73423e-06;4.81251e-06;6.02745e-06;-1.52243e-05;-1.50244e-05;-1.51469e-05;-1.50099e-05;1;0.867265;0.926555;0.858686;2.40994e-06;2.30974e-06;2.36448e-06;2.30246e-06;2.75833e-05;3.25079e-05;2.64802e-05;3.4797e-05;6.78551e-07;8.15104e-07;7.6525e-07;8.19547e-07
2.10231e-06;2.54435e-06;2.12194e-06;2.61316e-06;-1.73263e-05;-1.70906e-05;-1.72349e-05;-1.71173e-05;1;0.864172;0.936006;0.88557;2.76649e-06;2.64205e-06;2.71247e-06;2.66222e-06;5.88207e-06;6.85201e-06;5.27444e-06;7.93895e-06;8.36718e-07;1.01629e-06;9.33008e-07;9.84359e-07
1.07822e-05;1.1817e-05;1.15922e-05;1.25537e-05;-2.31099e-05;-2.29361e-05;-2.30005e-05;-2.28565e-05;1;0.960575;0.948289;0.909973;2.86399e-06;2.77685e-06;2.72285e-06;2.70405e-06;4.20468e-05;4.81869e-05;3.61134e-05;4.95103e-05;1.91546e-06;1.97431e-06;1.94627e-06;1.98032e-06
2.19737e-07;2.6722e-07;2.12744e-07;2.56698e-07;-2.73127e-06;-2.7102e-06;-2.72586e-06;-2.71082e-06;1;0.927644;0.969205;0.927592;4.06014e-07;3.97279e-07;4.0379e-07;3.97492e-07;9.93093e-07;1.18246e-06;9.0225e-07;1.11448e-06;6.08644e-08;7.38494e-08;6.57401e-08;7.40868e-08
2.76383e-07;3.36785e-07;2.70499e-07;3.53947e-07;-2.65061e-06;-2.62721e-06;-2.64101e-06;-2.6259e-06;1;0.910046;0.954517;0.909188;3.89338e-07;3.79126e-07;3.8486e-07;3.7858e-07;1.39637e-06;1.67743e-06;1.2675e-06;1.79868e-06;6.57294e-08;8.18471e-08;7.43804e-08;8.21081e-08
2.52183e-07;3.78728e-07;3.57739e-07;3.80076e-07;-2.61274e-06;-2.57421e-06;-2.57857e-06;-2.56912e-06;1;0.839326;0.836439;0.799347;3.71992e-07;3.52687e-07;3.5417e-07;3.49662e-07;8.2602e-07;1.347e-06;1.2047e-06;1.26399e-06;8.98108e-08;1.15419e-07;1.13342e-07;1.18704e-07
1.62209e-07;2.01409e-07;1.67232e-07;2.02858e-07;-1.67836e-06;-1.66749e-06;-1.67094e-06;-1.66374e-06;1;0.951392;0.953107;0.915074;2.38365e-07;2.33607e-07;2.34794e-07;2.31589e-07;7.79595e-07;1.0443e-06;7.52006e-07;1.02329e-06;4.92309e-08;5.6227e-08;5.54716e-08;6.00709e-08
3.86173e-06;5.16143e-06;4.48094e-06;5.3679e-06;-1.8182e-05;-1.79465e-05;-1.80642e-05;-1.78779e-05;1;0.888706;0.946486;0.849067;2.87425e-06;2.76849e-06;2.82285e-06;2.7309e-06;1.68701e-05;2.40192e-05;1.97916e-05;2.44931e-05;8.54136e-07;9.4935e-07;8.93031e-07;9.95946e-07
4.18808e-07;4.80979e-07;3.49306e-07;5.06022e-07;-3.28969e-06;-3.26521e-06;-3.28966e-06;-3.262e-06;1;0.923978;0.991588;0.915913;4.84809e-07;4.74287e-07;4.84875e-07;4.7305e-07;2.00786e-06;2.27969e-06;1.49667e-06;2.4053e-06;8.89577e-08;1.04473e-07;9.28198e-08;1.04875e-07
2.34906e-06;3.0809e-06;1.90352e-06;2.77722e-06;-1.86959e-05;-1.85025e-05;-1.87108e-05;-1.85309e-05;1;0.926036;0.999151;0.935129;3.14569e-06;3.07167e-06;3.15412e-06;3.08341e-06;9.27273e-06;1.33271e-05;6.28185e-06;1.13343e-05;6.42961e-07;7.28646e-07;6.42756e-07;7.20341e-07
2.44723e-06;3.08379e-06;2.32541e-06;3.01269e-06;-1.57236e-05;-1.5517e-05;-1.56735e-05;-1.5559e-05;1;0.869309;0.958806;0.904196;2.51071e-06;2.40492e-06;2.48264e-06;2.4355e-06;1.01518e-05;1.36141e-05;9.18547e-06;1.37261e-05;7.13089e-07;8.67339e-07;7.72295e-07;8.16065e-07
1.09684e-06;1.40433e-06;1.05524e-06;1.46684e-06;-1.18388e-05;-1.16885e-05;-1.17818e-05;-1.16846e-05;1;0.897517;0.943312;0.896261;1.94891e-06;1.88388e-06;1.92069e-06;1.88265e-06;3.94054e-06;5.1821e-06;3.4759e-06;5.65627e-06;3.76123e-07;4.7343e-07;4.35133e-07;4.72808e-07
2.22879e-06;3.01404e-06;2.34051e-06;3.07925e-06;-1.30173e-05;-1.28448e-05;-1.29835e-05;-1.28359e-05;1;0.857419;0.962126;0.851489;1.95618e-06;1.86354e-06;1.93645e-06;1.85987e-06;9.59565e-06;1.48201e-05;1.09215e-05;1.4964e-05;7.13555e-07;8.27398e-07;7.49387e-07;8.28905e-07
4.98053e-06;5.54203e-06;4.54795e-06;5.50971e-06;-1.26695e-05;-1.2583e-05;-1.26737e-05;-1.25904e-05;0.973158;0.937991;1;0.941821;1.75114e-06;1.71019e-06;1.75886e-06;1.71274e-06;2.118e-05;2.38619e-05;1.65495e-05;2.39242e-05;8.63793e-07;8.76557e-07;8.56818e-07;8.78651e-07
2.40575e-06;3.27383e-06;2.78428e-06;3.56276e-06;-2.21569e-05;-2.18078e-05;-2.19407e-05;-2.17494e-05;1;0.846968;0.884399;0.823254;3.59389e-06;3.4213e-06;3.47879e-06;3.39024e-06;6.28807e-06;9.07982e-06;6.57034e-06;1.0348e-05;1.12427e-06;1.33841e-06;1.27471e-06;1.36457e-06
3.48003e-07;3.95932e-07;3.18662e-07;4.33542e-07;-4.00085e-06;-3.9743e-06;-3.99616e-06;-3.97115e-06;1;0.933671;0.98653;0.92316;5.96001e-07;5.8476e-07;5.94069e-07;5.83309e-07;1.29763e-06;1.45815e-06;9.92579e-07;1.68241e-06;1.15663e-07;1.32465e-07;1.19105e-07;1.32899e-07
1.53019e-06;1.92043e-06;1.47071e-06;2.00608e-06;-1.30967e-05;-1.30214e-05;-1.30864e-05;-1.29529e-05;1;0.966709;0.98191;0.887242;2.05257e-06;2.02429e-06;2.04219e-06;1.98257e-06;4.92496e-06;7.85691e-06;4.808e-06;7.90031e-06;6.43913e-07;6.74336e-07;6.6853e-07;7.40309e-07
6.76774e-07;8.0418e-07;6.49363e-07;7.93084e-07;-3.52066e-06;-3.49092e-06;-3.5085e-06;-3.49031e-06;1;0.92188;0.960369;0.919404;5.20396e-07;5.07705e-07;5.15109e-07;5.07518e-07;4.16328e-06;5.01837e-06;3.81017e-06;4.89703e-06;9.31053e-08;1.11222e-07;1.03259e-07;1.11657e-07
1.76227e-07;2.25696e-07;1.77445e-07;2.27926e-07;-5.6006e-06;-5.57054e-06;-5.597e-06;-5.5679e-06;1;0.977701;0.999732;0.972433;9.03239e-07;8.94826e-07;9.02989e-07;8.92929e-07;2.94765e-07;4.66518e-07;3.15489e-07;4.85638e-07;1.28164e-07;1.35869e-07;1.27798e-07;1.41048e-07
1.82736e-06;2.20154e-06;1.73862e-06;2.13452e-06;-1.14315e-05;-1.13108e-05;-1.1403e-05;-1.13232e-05;1;0.889701;0.960469;0.903556;1.74469e-06;1.68215e-06;1.72558e-06;1.68873e-06;7.50691e-06;9.31598e-06;6.70158e-06;8.98993e-06;5.70621e-07;6.56672e-07;6.09264e-07;6.50387e-07
6.07104e-06;7.42062e-06;6.03947e-06;7.758e-06;-1.55883e-05;-1.53827e-05;-1.54964e-05;-1.53788e-05;1;0.886693;0.941937;0.892256;2.27964e-06;2.16434e-06;2.22829e-06;2.16472e-06;3.11929e-05;3.85018e-05;2.714e-05;4.16577e-05;9.89271e-07;1.08473e-06;1.03669e-06;1.07438e-06
2.97394e-06;3.78422e-06;3.14979e-06;3.80273e-06;-1.83621e-05;-1.81165e-05;-1.8234e-05;-1.81194e-05;1;0.900518;0.937751;0.906285;3.04269e-06;2.93044e-06;2.97595e-06;2.93243e-06;1.24841e-05;1.66772e-05;1.28576e-05;1.69003e-05;6.91479e-07;8.35557e-07;7.99487e-07;8.29058e-07
2.42124e-07;2.84728e-07;2.16776e-07;2.97038e-07;-2.81728e-06;-2.79665e-06;-2.81589e-06;-2.79857e-06;1;0.923171;0.990178;0.940403;4.07914e-07;3.98811e-07;4.07289e-07;4.00067e-07;8.35547e-07;9.83338e-07;6.43679e-07;1.05975e-06;8.47153e-08;9.81185e-08;8.73215e-08;9.42803e-08
5.67131e-06;6.93821e-06;5.4573e-06;7.03859e-06;-2.28277e-05;-2.2608e-05;-2.26711e-05;-2.25544e-05;1;0.969429;0.935561;0.915975;3.56135e-06;3.47227e-06;3.47293e-06;3.43356e-06;2.72319e-05;3.47493e-05;2.01547e-05;3.46051e-05;1.39392e-06;1.44006e-06;1.48173e-06;1.49706e-06
5.84084e-06;7.2077e-06;5.93486e-06;7.14297e-06;-2.22089e-05;-2.19574e-05;-2.21453e-05;-2.19432e-05;1;0.896081;0.971301;0.888291;3.36734e-06;3.23888e-06;3.33054e-06;3.2283e-06;2.42347e-05;3.24296e-05;2.51822e-05;3.15712e-05;1.40862e-06;1.5367e-06;1.46453e-06;1.55266e-06
4.28306e-07;5.13051e-07;4.38242e-07;5.08954e-07;-2.371e-06;-2.35292e-06;-2.36304e-06;-2.35344e-06;1;0.918029;0.958527;0.918039;3.23991e-07;3.15098e-07;3.1978e-07;3.15155e-07;1.95334e-06;2.32941e-06;1.84771e-06;2.32935e-06;9.33809e-08;1.02307e-07;9.83917e-08;1.02932e-07
8.89559e-07;1.18062e-06;8.12198e-07;1.17453e-06;-8.67287e-06;-8.55776e-06;-8.60583e-06;-8.55425e-06;1;0.910138;0.935565;0.909492;1.38442e-06;1.32693e-06;1.34548e-06;1.32543e-06;4.01527e-06;5.06787e-06;1.977e-06;4.84327e-06;3.42364e-07;4.17289e-07;4.00374e-07;4.17638e-07
3.34918e-06;4.28783e-06;3.31192e-06;4.2283e-06;-1.83633e-05;-1.81075e-05;-1.82257e-05;-1.81139e-05;1;0.868365;0.91307;0.872969;2.92206e-06;2.79782e-06;2.84631e-06;2.80039e-06;1.3395e-05;1.7821e-05;1.08953e-05;1.7449e-05;8.8713e-07;1.03723e-06;1.00101e-06;1.03416e-06
8.8426e-06;1.08491e-05;8.87806e-06;9.92408e-06;-2.87433e-05;-2.83461e-05;-2.85897e-05;-2.84622e-05;1;0.863603;0.944102;0.90727;4.256e-06;4.04892e-06;4.17183e-06;4.1143e-06;3.19197e-05;4.01677e-05;2.77414e-05;3.55131e-05;1.9192e-06;2.08316e-06;2.00316e-06;2.04068e-06
2.87721e-06;3.72953e-06;3.14188e-06;3.7098e-06;-1.48265e-05;-1.45929e-05;-1.47106e-05;-1.4603e-05;1;0.84992;0.908972;0.860471;2.39742e-06;2.2823e-06;2.3331e-06;2.28968e-06;1.36322e-05;1.81814e-05;1.51176e-05;1.82249e-05;5.92775e-07;7.45716e-07;6.97464e-07;7.38578e-07
9.48962e-06;1.21276e-05;9.2343e-06;1.17966e-05;-2.40585e-05;-2.36882e-05;-2.39305e-05;-2.37118e-05;1;0.862718;0.934114;0.871551;3.67305e-06;3.48114e-06;3.60729e-06;3.49336e-06;4.96244e-05;6.61359e-05;4.46246e-05;6.38147e-05;1.41274e-06;1.57048e-06;1.5041e-06;1.56478e-06
5.30704e-06;6.9298e-06;5.34007e-06;6.80333e-06;-2.0179e-05;-1.99925e-05;-2.01979e-05;-1.99816e-05;0.963877;0.901234;1;0.887259;3.00703e-06;2.92859e-06;3.03067e-06;2.92003e-06;2.13554e-05;3.22789e-05;2.09987e-05;3.10583e-05;1.30824e-06;1.34471e-06;1.25967e-06;1.36337e-06
1.86228e-07;2.74218e-07;2.29959e-07;2.72144e-07;-2.86735e-06;-2.83909e-06;-2.85262e-06;-2.84332e-06;1;0.916925;0.95665;0.937914;4.23669e-07;4.12045e-07;4.17559e-07;4.14485e-07;6.06769e-07;9.42748e-07;7.35703e-07;9.76362e-07;6.99142e-08;8.31324e-08;7.65891e-08;7.93293e-08
3.1658e-06;3.86847e-06;2.89942e-06;3.85471e-06;-1.52196e-05;-1.50303e-05;-1.51552e-05;-1.50098e-05;1;0.916171;0.957055;0.897022;2.44009e-06;2.35518e-06;2.40528e-06;2.34047e-06;1.53975e-05;1.90518e-05;1.25285e-05;1.85789e-05;6.69181e-07;7.56183e-07;7.29742e-07;7.84174e-07
5.26543e-07;6.37112e-07;4.34921e-07;6.24275e-07;-3.3727e-06;-3.34642e-06;-3.36259e-06;-3.34759e-06;1;0.970441;0.983172;0.97198;5.09494e-07;4.9758e-07;5.0437e-07;4.98154e-07;3.07651e-06;3.68197e-06;1.71236e-06;3.54074e-06;1.18123e-07;1.28951e-07;1.24786e-07;1.28578e-07
7.13871e-06;8.6985e-06;6.62838e-06;8.80343e-06;-1.9154e-05;-1.89232e-05;-1.90823e-05;-1.89206e-05;1;0.887683;0.942351;0.890797;2.95876e-06;2.84031e-06;2.91611e-06;2.83978e-06;4.12926e-05;5.23533e-05;3.47407e-05;5.31881e-05;1.02882e-06;1.14964e-06;1.10256e-06;1.14486e-06
1.33826e-06;1.64502e-06;1.3721e-06;1.6731e-06;-8.33086e-06;-8.23928e-06;-8.28871e-06;-8.23978e-06;1;0.879641;0.926068;0.883098;1.25578e-06;1.20998e-06;1.23222e-06;1.21172e-06;5.19542e-06;6.82157e-06;5.2645e-06;7.09108e-06;3.64225e-07;4.25124e-07;4.02997e-07;4.21339e-07
9.33725e-06;1.08735e-05;9.00814e-06;1.18786e-05;-2.50916e-05;-2.48347e-05;-2.49809e-05;-2.47547e-05;1;0.886038;0.925525;0.851831;3.78774e-06;3.64891e-06;3.70757e-06;3.59256e-06;5.14784e-05;6.27898e-05;4.62896e-05;7.14381e-05;1.6111e-06;1.77227e-06;1.744e-06;1.8296e-06
2.55884e-06;2.86842e-06;2.61302e-06;2.79886e-06;-4.72431e-06;-4.68704e-06;-4.70887e-06;-4.68877e-06;1;0.894554;0.950772;0.897045;5.84857e-07;5.64134e-07;5.76803e-07;5.63684e-07;1.32696e-05;1.48507e-05;1.32619e-05;1.42557e-05;2.45919e-07;2.58784e-07;2.50981e-07;2.61533e-07
7.58542e-07;9.57744e-07;8.16072e-07;1.00192e-06;-3.61571e-06;-3.58125e-06;-3.59372e-06;-3.56653e-06;1;0.900046;0.920624;0.839743;4.9984e-07;4.82859e-07;4.87925e-07;4.73303e-07;3.80153e-06;5.20378e-06;4.04035e-06;5.34684e-06;1.57633e-07;1.77002e-07;1.74315e-07;1.90082e-07
2.01727e-06;2.52463e-06;1.96972e-06;2.55211e-06;-1.5117e-05;-1.49275e-05;-1.50304e-05;-1.49214e-05;1;0.882004;0.925829;0.872486;2.38314e-06;2.29194e-06;2.33427e-06;2.28791e-06;6.22853e-06;8.03415e-06;4.91918e-06;8.14035e-06;7.39107e-07;8.5731e-07;8.19647e-07;8.60664e-07
4.84497e-06;6.27548e-06;4.2459e-06;5.92893e-06;-2.13192e-05;-2.1012e-05;-2.1214e-05;-2.10604e-05;1;0.865604;0.936231;0.889275;3.3661e-06;3.20765e-06;3.30274e-06;3.23921e-06;2.52244e-05;3.27746e-05;1.63942e-05;3.07065e-05;1.1204e-06;1.30532e-06;1.22469e-06;1.26913e-06
9.32224e-07;1.15424e-06;6.87621e-07;1.11515e-06;-6.73935e-06;-6.66444e-06;-6.72e-06;-6.67448e-06;1;0.947159;0.985249;0.953157;1.07071e-06;1.03406e-06;1.06166e-06;1.04062e-06;5.68583e-06;6.93937e-06;2.83519e-06;6.74505e-06;2.77154e-07;3.27364e-07;2.94673e-07;3.18183e-07
8.97791e-06;1.04298e-05;8.51258e-06;1.01906e-05;-1.93081e-05;-1.90836e-05;-1.92508e-05;-1.91216e-05;1;0.874492;0.948979;0.903394;2.76445e-06;2.64254e-06;2.72671e-06;2.6674e-06;4.20136e-05;4.91052e-05;3.66542e-05;4.79196e-05;1.20454e-06;1.289e-06;1.25733e-06;1.26717e-06
2.76611e-06;3.39991e-06;2.46572e-06;3.52222e-06;-1.78372e-05;-1.76352e-05;-1.77437e-05;-1.75975e-05;1;0.896865;0.930715;0.873406;2.88724e-06;2.79636e-06;2.83766e-06;2.77471e-06;1.1461e-05;1.46808e-05;7.69094e-06;1.51229e-05;7.6269e-07;8.84022e-07;8.56891e-07;9.13117e-07
3.18818e-06;4.06551e-06;3.44326e-06;4.18598e-06;-1.70012e-05;-1.6847e-05;-1.70093e-05;-1.68372e-05;0.96907;0.898733;1;0.896352;2.65976e-06;2.59447e-06;2.68073e-06;2.59114e-06;1.36668e-05;1.91616e-05;1.53317e-05;1.9866e-05;8.47307e-07;9.08753e-07;7.85058e-07;9.07362e-07
3.64865e-06;5.22239e-06;4.51215e-06;5.0042e-06;-1.75673e-05;-1.72655e-05;-1.73947e-05;-1.73022e-05;1;0.841434;0.902912;0.863658;2.80369e-06;2.65293e-06;2.71447e-06;2.67541e-06;1.84059e-05;2.76452e-05;2.29011e-05;2.63389e-05;8.32461e-07;1.01322e-06;9.42193e-07;9.85167e-07
3.04278e-06;3.74403e-06;2.90023e-06;3.75409e-06;-1.23297e-05;-1.21737e-05;-1.22866e-05;-1.21799e-05;1;0.863059;0.944243;0.869185;1.8493e-06;1.76598e-06;1.82376e-06;1.76978e-06;1.45136e-05;1.87715e-05;1.29387e-05;1.90452e-05;6.24509e-07;7.28302e-07;6.73784e-07;7.2409e-07
1.99146e-06;2.4157e-06;2.10418e-06;2.19912e-06;-1.98345e-05;-1.96468e-05;-1.97524e-05;-1.96547e-05;1;0.930054;0.96808;0.928565;3.22925e-06;3.14219e-06;3.1913e-06;3.14191e-06;5.54004e-06;7.55212e-06;5.56178e-06;5.46765e-06;9.73302e-07;1.09206e-06;1.02801e-06;1.10543e-06
4.15423e-07;5.21646e-07;3.79849e-07;4.9676e-07;-3.49114e-06;-3.45677e-06;-3.48397e-06;-3.45864e-06;1;0.897354;0.970598;0.903761;5.17337e-07;5.0216e-07;5.1389e-07;5.03074e-07;2.03677e-06;2.60493e-06;1.76013e-06;2.42193e-06;9.51329e-08;1.18103e-07;1.03718e-07;1.17042e-07
1.88596e-06;2.77441e-06;1.83162e-06;2.63123e-06;-1.59468e-05;-1.56825e-05;-1.57981e-05;-1.56875e-05;1;0.867562;0.906801;0.869603;2.60977e-06;2.48664e-06;2.53616e-06;2.48995e-06;8.74921e-06;1.27421e-05;5.01379e-06;1.10782e-05;6.46405e-07;7.98168e-07;7.52524e-07;7.91301e-07
5.99673e-06;6.75447e-06;5.65104e-06;7.02632e-06;-2.22307e-05;-2.20413e-05;-2.22074e-05;-2.20187e-05;1;0.917352;0.984461;0.90901;3.41426e-06;3.3269e-06;3.40372e-06;3.31526e-06;2.24674e-05;2.66201e-05;1.99163e-05;2.81521e-05;1.23317e-06;1.33314e-06;1.26502e-06;1.33692e-06
3.47182e-07;4.16399e-07;3.80455e-07;4.51596e-07;-2.66775e-06;-2.64393e-06;-2.65417e-06;-2.64048e-06;1;0.912427;0.950149;0.904013;3.85382e-07;3.75182e-07;3.79656e-07;3.73436e-07;1.60878e-06;1.88e-06;1.68731e-06;2.10792e-06;7.73e-08;9.00884e-08;8.39024e-08;9.16144e-08
1.97374e-06;2.6485e-06;1.88024e-06;2.5953e-06;-1.86292e-05;-1.84109e-05;-1.85886e-05;-1.84277e-05;1;0.903299;0.974668;0.909747;3.0257e-06;2.92725e-06;3.00367e-06;2.93679e-06;6.4039e-06;9.99185e-06;5.7595e-06;9.73857e-06;8.79376e-07;1.01344e-06;9.26641e-07;9.9659e-07
6.57341e-06;8.92405e-06;7.01815e-06;8.56065e-06;-2.70388e-05;-2.65805e-05;-2.68591e-05;-2.66399e-05;1;0.850364;0.92215;0.869846;4.32242e-06;4.09399e-06;4.22583e-06;4.12662e-06;2.7326e-05;4.08495e-05;2.96217e-05;3.92432e-05;1.51867e-06;1.75268e-06;1.65855e-06;1.72814e-06
2.36421e-06;3.04893e-06;2.18356e-06;2.99795e-06;-9.52549e-06;-9.40186e-06;-9.46999e-06;-9.41004e-06;1;0.931294;0.957574;0.936917;1.48393e-06;1.42283e-06;1.45481e-06;1.42695e-06;1.36567e-05;1.77352e-05;9.84108e-06;1.74986e-05;4.20412e-07;4.78112e-07;4.58902e-07;4.75076e-07
3.82511e-06;4.65112e-06;3.59711e-06;4.81859e-06;-1.88509e-05;-1.86221e-05;-1.87607e-05;-1.8588e-05;1;0.880509;0.949988;0.861588;2.81413e-06;2.69294e-06;2.76312e-06;2.67277e-06;1.40689e-05;1.7087e-05;1.00193e-05;1.77374e-05;1.20177e-06;1.32847e-06;1.27486e-06;1.34938e-06
3.1603e-06;4.00088e-06;2.80563e-06;3.87871e-06;-1.46364e-05;-1.44983e-05;-1.465e-05;-1.44883e-05;0.990889;0.919888;1;0.909035;2.33564e-06;2.27705e-06;2.34239e-06;2.27211e-06;1.55274e-05;2.1838e-05;1.34772e-05;2.04196e-05;6.49726e-07;7.1652e-07;6.54406e-07;7.22319e-07
2.9855e-06;3.68194e-06;2.73827e-06;3.81226e-06;-1.42751e-05;-1.40929e-05;-1.42514e-05;-1.40709e-05;1;0.876375;0.96743;0.856588;2.20089e-06;2.10594e-06;2.18492e-06;2.09147e-06;1.36396e-05;1.70398e-05;1.1681e-05;1.77147e-05;7.74788e-07;8.91778e-07;8.11917e-07;9.10558e-07
5.08048e-06;5.90547e-06;5.12031e-06;5.46986e-06;-1.56698e-05;-1.55356e-05;-1.55848e-05;-1.55563e-05;1;0.939849;0.929379;0.995144;2.16667e-06;2.09604e-06;2.09561e-06;2.12191e-06;2.30201e-05;2.74824e-05;1.66352e-05;2.56431e-05;1.13224e-06;1.17346e-06;1.16721e-06;1.17359e-06
1.77388e-06;2.50863e-06;1.81372e-06;2.57772e-06;-1.5872e-05;-1.56541e-05;-1.57731e-05;-1.5639e-05;1;0.884675;0.929095;0.874951;2.56407e-06;2.4596e-06;2.50511e-06;2.44956e-06;6.61577e-06;1.01686e-05;5.63178e-06;1.06225e-05;7.25272e-07;8.49666e-07;8.10786e-07;8.63434e-07
1.62044e-06;1.8539e-06;1.52977e-06;2.15293e-06;-1.0848e-05;-1.07955e-05;-1.07943e-05;-1.07138e-05;0.922018;1;0.898723;0.862508;1.65939e-06;1.6578e-06;1.63145e-06;1.59348e-06;6.42894e-06;7.59369e-06;4.45599e-06;8.84747e-06;6.04237e-07;5.69121e-07;6.39483e-07;6.73066e-07
2.92664e-07;3.42747e-07;2.73478e-07;3.52229e-07;-3.02838e-06;-3.00632e-06;-3.02357e-06;-3.00391e-06;1;0.928639;0.981166;0.922255;4.4787e-07;4.38685e-07;4.46107e-07;4.37522e-07;1.26775e-06;1.45169e-06;1.08507e-06;1.48297e-06;7.81958e-08;9.14763e-08;8.21579e-08;9.26478e-08
1.22337e-06;1.52917e-06;1.13503e-06;1.57678e-06;-1.38349e-05;-1.37042e-05;-1.38287e-05;-1.37002e-05;1;0.916508;0.982517;0.915716;2.19383e-06;2.1357e-06;2.1885e-06;2.134e-06;2.93078e-06;4.07451e-06;2.517e-06;4.32017e-06;6.30709e-07;7.06579e-07;6.49087e-07;7.07184e-07
6.2891e-06;8.29246e-06;6.24717e-06;8.09931e-06;-2.10202e-05;-2.06858e-05;-2.09176e-05;-2.07216e-05;1;0.829521;0.933269;0.861147;3.16549e-06;2.97508e-06;3.0976e-06;3.00404e-06;3.13968e-05;4.29679e-05;2.9293e-05;4.23952e-05;1.32461e-06;1.50496e-06;1.41894e-06;1.47681e-06
5.96072e-06;7.25268e-06;6.08776e-06;7.43189e-06;-2.44962e-05;-2.4164e-05;-2.43369e-05;-2.41332e-05;1;0.870631;0.934689;0.85724;3.8767e-06;3.70543e-06;3.78703e-06;3.68658e-06;2.56838e-05;3.28891e-05;2.50274e-05;3.35311e-05;1.33546e-06;1.56165e-06;1.47823e-06;1.57846e-06
3.93945e-06;5.29104e-06;4.10518e-06;5.44726e-06;-1.86708e-05;-1.84159e-05;-1.85401e-05;-1.83923e-05;1;0.907774;0.935158;0.896166;3.0601e-06;2.94464e-06;2.99239e-06;2.93008e-06;1.87527e-05;2.74917e-05;1.83779e-05;2.87959e-05;7.59544e-07;8.8572e-07;8.58978e-07;9.09747e-07
6.674e-06;8.14091e-06;6.99455e-06;7.54064e-06;-2.46569e-05;-2.43673e-05;-2.45135e-05;-2.44674e-05;1;0.895929;0.93999;0.944423;3.82492e-06;3.67663e-06;3.74467e-06;3.73761e-06;3.02723e-05;3.82493e-05;3.08742e-05;3.58813e-05;1.45107e-06;1.6022e-06;1.55058e-06;1.5304e-06
6.55941e-06;7.85058e-06;6.47548e-06;7.62285e-06;-2.07152e-05;-2.04324e-05;-2.06032e-05;-2.04598e-05;1;0.854953;0.923777;0.866064;3.1748e-06;3.02215e-06;3.10481e-06;3.03827e-06;3.50081e-05;4.22247e-05;3.28251e-05;4.0866e-05;1.20489e-06;1.38076e-06;1.31012e-06;1.36767e-06
1.65002e-07;2.04303e-07;1.6879e-07;2.11022e-07;-2.19125e-06;-2.17559e-06;-2.18726e-06;-2.17648e-06;1;0.930396;0.985608;0.944603;3.17216e-07;3.10648e-07;3.15724e-07;3.11398e-07;5.14798e-07;6.7692e-07;5.07088e-07;7.05524e-07;5.6864e-08;6.60634e-08;5.87472e-08;6.35229e-08
6.02501e-06;8.28351e-06;6.50614e-06;8.00544e-06;-2.76392e-05;-2.71468e-05;-2.74372e-05;-2.72063e-05;1;0.844178;0.92012;0.864838;4.46012e-06;4.21959e-06;4.35993e-06;4.25407e-06;2.31314e-05;3.45852e-05;2.48201e-05;3.36888e-05;1.48668e-06;1.73157e-06;1.62202e-06;1.70104e-06
4.97387e-06;6.74695e-06;5.41763e-06;6.60299e-06;-1.46163e-05;-1.43978e-05;-1.45289e-05;-1.44085e-05;1;0.875988;0.940236;0.878683;2.26543e-06;2.15618e-06;2.21706e-06;2.16307e-06;2.66137e-05;3.78284e-05;2.83939e-05;3.71151e-05;6.93698e-07;7.82963e-07;7.40367e-07;7.84355e-07
2.65967e-07;3.48006e-07;2.95282e-07;3.44938e-07;-2.83494e-06;-2.80864e-06;-2.82342e-06;-2.81154e-06;1;0.915284;0.957499;0.929182;4.21681e-07;4.10632e-07;4.16682e-07;4.12156e-07;1.20248e-06;1.60804e-06;1.34134e-06;1.61109e-06;6.35825e-08;7.99988e-08;7.1969e-08;7.6948e-08
7.29354e-06;8.49358e-06;7.29169e-06;8.87508e-06;-2.13285e-05;-2.10878e-05;-2.1227e-05;-2.10477e-05;1;0.905017;0.959381;0.896512;3.32198e-06;3.20284e-06;3.276e-06;3.18676e-06;3.81136e-05;4.45662e-05;3.49306e-05;4.66554e-05;1.2054e-06;1.32576e-06;1.24354e-06;1.32068e-06
4.79544e-06;5.52886e-06;4.29606e-06;5.37902e-06;-1.84558e-05;-1.82771e-05;-1.84965e-05;-1.83447e-05;0.969481;0.883101;1;0.92929;2.88687e-06;2.80369e-06;2.91506e-06;2.8477e-06;2.30047e-05;2.71207e-05;1.97191e-05;2.66513e-05;9.75707e-07;1.07847e-06;9.47823e-07;1.00428e-06
2.99061e-06;3.57991e-06;2.65622e-06;3.64101e-06;-1.58094e-05;-1.56816e-05;-1.58689e-05;-1.56771e-05;0.954508;0.88868;1;0.888533;2.41182e-06;2.35892e-06;2.45259e-06;2.35496e-06;9.9162e-06;1.35477e-05;9.09555e-06;1.39541e-05;9.08282e-07;9.6408e-07;8.70357e-07;9.637e-07
5.38183e-07;9.31721e-07;7.3026e-07;8.64186e-07;-6.97733e-06;-6.88863e-06;-6.95236e-06;-6.91913e-06;1;0.91505;0.992824;0.964775;1.09917e-06;1.06079e-06;1.08983e-06;1.08004e-06;1.39632e-06;3.46924e-06;2.63634e-06;3.3155e-06;2.44372e-07;2.88364e-07;2.51288e-07;2.58024e-07
6.4567e-06;7.89587e-06;6.75012e-06;8.45486e-06;-1.7764e-05;-1.7559e-05;-1.76564e-05;-1.74962e-05;1;0.914206;0.939942;0.884162;2.62328e-06;2.51771e-06;2.5689e-06;2.48362e-06;3.04611e-05;3.90965e-05;3.07383e-05;4.19633e-05;1.10846e-06;1.18154e-06;1.15352e-06;1.19571e-06
2.07896e-06;2.28512e-06;1.38333e-06;2.52554e-06;-1.11018e-05;-1.10239e-05;-1.10962e-05;-1.10149e-05;1;0.948257;0.979661;0.946461;1.75819e-06;1.72425e-06;1.7523e-06;1.71895e-06;1.42555e-05;1.5586e-05;5.55898e-06;1.80509e-05;4.65058e-07;5.15121e-07;4.91025e-07;5.16118e-07
3.01718e-06;3.96563e-06;2.6036e-06;4.22791e-06;-2.32997e-05;-2.29513e-05;-2.32409e-05;-2.29472e-05;1;0.868752;0.957703;0.869469;3.82407e-06;3.65361e-06;3.78489e-06;3.65481e-06;1.0568e-05;1.39263e-05;6.96969e-06;1.64127e-05;1.12453e-06;1.33449e-06;1.21281e-06;1.33564e-06
1.3609e-07;2.04355e-07;1.54025e-07;1.77205e-07;-2.49032e-06;-2.46741e-06;-2.48317e-06;-2.47237e-06;1;0.927832;0.982185;0.943667;3.71947e-07;3.63186e-07;3.69253e-07;3.6499e-07;4.75405e-07;7.91628e-07;5.32202e-07;6.39866e-07;5.29508e-08;6.43038e-08;5.63274e-08;6.258e-08
8.25427e-06;1.06719e-05;8.99371e-06;1.04545e-05;-1.97494e-05;-1.94853e-05;-1.96192e-05;-1.94924e-05;1;0.883259;0.933516;0.882728;2.93385e-06;2.79535e-06;2.86041e-06;2.79546e-06;4.19752e-05;5.84318e-05;4.38126e-05;5.65587e-05;1.21617e-06;1.31239e-06;1.26869e-06;1.32161e-06
7.82333e-06;9.27032e-06;8.14778e-06;9.59868e-06;-1.34799e-05;-1.33156e-05;-1.33832e-05;-1.33054e-05;1;0.887494;0.923073;0.883786;1.93658e-06;1.85506e-06;1.88698e-06;1.84896e-06;4.5863e-05;5.55314e-05;4.4465e-05;5.84731e-05;7.58264e-07;8.17442e-07;7.96694e-07;8.18474e-07
2.12958e-06;2.67945e-06;2.25157e-06;2.80425e-06;-1.36593e-05;-1.35282e-05;-1.36206e-05;-1.35197e-05;1;0.923448;0.968258;0.923037;2.20387e-06;2.14799e-06;2.18429e-06;2.14628e-06;8.11251e-06;1.21422e-05;9.48988e-06;1.28085e-05;5.36233e-07;6.10676e-07;5.75113e-07;6.03119e-07
2.07358e-06;2.4491e-06;1.79021e-06;2.24482e-06;-1.34182e-05;-1.32757e-05;-1.33573e-05;-1.33337e-05;1;0.925616;0.961655;0.996241;2.05275e-06;1.98219e-06;2.01379e-06;2.02409e-06;8.36413e-06;9.57048e-06;4.1055e-06;9.39163e-06;7.47714e-07;8.33322e-07;8.07478e-07;8.0186e-07
9.2902e-07;1.17755e-06;7.26881e-07;1.1586e-06;-6.37096e-06;-6.30419e-06;-6.34186e-06;-6.30427e-06;1;0.958849;0.972364;0.958543;1.03556e-06;1.0057e-06;1.0206e-06;1.00575e-06;6.61076e-06;8.38377e-06;3.88435e-06;8.17388e-06;1.99017e-07;2.38844e-07;2.27309e-07;2.39333e-07
9.5663e-06;1.14347e-05;9.37488e-06;1.13567e-05;-2.45793e-05;-2.42733e-05;-2.4502e-05;-2.42765e-05;1;0.87982;0.952611;0.883115;3.84656e-06;3.69968e-06;3.79906e-06;3.69347e-06;5.35896e-05;6.53654e-05;5.09813e-05;6.49032e-05;1.36863e-06;1.50593e-06;1.4459e-06;1.53022e-06
4.68211e-06;5.57749e-06;4.44068e-06;5.62437e-06;-1.51242e-05;-1.49461e-05;-1.50895e-05;-1.49412e-05;1;0.866495;0.960998;0.863563;2.23147e-06;2.13001e-06;2.20553e-06;2.12841e-06;2.20152e-05;2.784e-05;2.00517e-05;2.80067e-05;8.17125e-07;9.4247e-07;8.73222e-07;9.4172e-07
8.5487e-06;8.73936e-06;8.92237e-06;1.09205e-05;-2.33587e-05;-2.3229e-05;-2.32642e-05;-2.30456e-05;1;0.958355;0.965169;0.88026;3.30995e-06;3.271e-06;3.25671e-06;3.13434e-06;2.93735e-05;3.07758e-05;2.99015e-05;3.96248e-05;1.47089e-06;1.52894e-06;1.50361e-06;1.54357e-06
3.66567e-06;4.21759e-06;3.40205e-06;4.12594e-06;-1.0434e-05;-1.02945e-05;-1.03859e-05;-1.03101e-05;1;0.856001;0.933305;0.874383;1.58182e-06;1.50819e-06;1.55335e-06;1.51755e-06;2.22315e-05;2.49102e-05;1.91133e-05;2.43822e-05;4.71478e-07;5.64745e-07;5.23044e-07;5.54656e-07
1.82392e-06;2.21145e-06;1.52568e-06;2.27579e-06;-1.0972e-05;-1.08783e-05;-1.09566e-05;-1.08614e-05;1;0.929393;0.980283;0.913808;1.74371e-06;1.70255e-06;1.73893e-06;1.69415e-06;9.631e-06;1.23618e-05;6.52302e-06;1.26155e-05;4.62002e-07;5.20968e-07;4.76349e-07;5.29574e-07
5.90211e-07;6.5909e-07;5.19918e-07;6.66517e-07;-3.19964e-06;-3.1769e-06;-3.19184e-06;-3.173e-06;1;0.929824;0.963975;0.915271;4.61535e-07;4.51688e-07;4.57689e-07;4.49696e-07;3.41661e-06;3.74761e-06;2.70994e-06;3.71914e-06;9.79067e-08;1.11463e-07;1.0701e-07;1.14228e-07
2.43697e-06;2.96841e-06;2.05362e-06;3.10495e-06;-1.8319e-05;-1.81485e-05;-1.83266e-05;-1.81217e-05;1;0.917552;0.997749;0.902329;2.93425e-06;2.85752e-06;2.93689e-06;2.84382e-06;8.92713e-06;1.17103e-05;6.31308e-06;1.23802e-05;9.04273e-07;1.00847e-06;9.14378e-07;1.02226e-06
5.27114e-06;6.48018e-06;5.2772e-06;6.51809e-06;-2.43372e-05;-2.39941e-05;-2.41732e-05;-2.40163e-05;1;0.85953;0.920567;0.872118;3.80088e-06;3.62239e-06;3.70397e-06;3.63751e-06;2.03977e-05;2.51828e-05;1.77818e-05;2.59259e-05;1.40792e-06;1.61267e-06;1.54605e-06;1.58841e-06
2.25401e-06;2.52983e-06;1.80323e-06;2.72369e-06;-1.03584e-05;-1.02676e-05;-1.03378e-05;-1.02615e-05;1;0.950422;0.979238;0.934265;1.57004e-06;1.52685e-06;1.56037e-06;1.52191e-06;1.27466e-05;1.35385e-05;6.97493e-06;1.59296e-05;5.65236e-07;6.06592e-07;5.82683e-07;6.16773e-07
2.26939e-07;2.80274e-07;2.12745e-07;2.82172e-07;-2.76862e-06;-2.74879e-06;-2.76354e-06;-2.74706e-06;1;0.933147;0.974763;0.926028;4.05488e-07;3.97521e-07;4.03195e-07;3.96629e-07;7.52104e-07;9.79359e-07;6.40853e-07;9.67783e-07;7.5189e-08;8.5831e-08;8.03459e-08;8.69536e-08
2.12346e-06;2.63182e-06;2.22702e-06;2.54601e-06;-4.98464e-06;-4.92977e-06;-4.95577e-06;-4.92101e-06;1;0.88565;0.928556;0.86132;6.88685e-07;6.60213e-07;6.73729e-07;6.55172e-07;1.39631e-05;1.73481e-05;1.41047e-05;1.62814e-05;2.13983e-07;2.3946e-07;2.29867e-07;2.45951e-07
6.87652e-07;8.57091e-07;6.51815e-07;7.82137e-07;-3.87337e-06;-3.843e-06;-3.87335e-06;-3.85184e-06;0.998162;0.920636;1;0.945847;5.47743e-07;5.33686e-07;5.48212e-07;5.38543e-07;2.96518e-06;3.88139e-06;2.71067e-06;3.45175e-06;1.49286e-07;1.62581e-07;1.49608e-07;1.58496e-07
7.60461e-06;9.103e-06;7.72825e-06;9.08161e-06;-1.96951e-05;-1.9418e-05;-1.9584e-05;-1.94393e-05;1;0.865512;0.935068;0.880228;3.09109e-06;2.94856e-06;3.027e-06;2.96411e-06;4.15799e-05;4.99386e-05;4.12864e-05;5.01673e-05;9.38851e-07;1.10607e-06;1.04396e-06;1.07711e-06
4.80052e-06;5.73405e-06;4.42308e-06;5.65598e-06;-1.96251e-05;-1.94443e-05;-1.96491e-05;-1.94594e-05;0.990799;0.919482;1;0.928889;3.17131e-06;3.09603e-06;3.18805e-06;3.10599e-06;2.27859e-05;2.89419e-05;2.08522e-05;2.83144e-05;8.72403e-07;9.53754e-07;8.59363e-07;9.35213e-07
1.04278e-06;1.29641e-06;9.90786e-07;1.32225e-06;-1.13422e-05;-1.12315e-05;-1.13391e-05;-1.12303e-05;1;0.918411;0.98996;0.917177;1.76824e-06;1.71875e-06;1.76741e-06;1.71752e-06;2.26994e-06;3.09988e-06;2.0586e-06;3.21992e-06;5.29513e-07;5.91293e-07;5.35052e-07;5.90975e-07
7.23558e-07;8.90368e-07;7.7662e-07;8.10699e-07;-3.15452e-06;-3.12155e-06;-3.14224e-06;-3.13303e-06;1;0.88713;0.960483;0.936769;4.5016e-07;4.34092e-07;4.44504e-07;4.40909e-07;3.95998e-06;4.88257e-06;4.22364e-06;4.38631e-06;1.00492e-07;1.21361e-07;1.07823e-07;1.11762e-07
4.21239e-06;4.99985e-06;4.02513e-06;4.77155e-06;-1.87218e-05;-1.85336e-05;-1.86489e-05;-1.85251e-05;1;0.932491;0.958347;0.917639;2.79983e-06;2.70461e-06;2.75613e-06;2.7013e-06;1.42892e-05;1.74335e-05;1.13619e-05;1.61092e-05;1.1779e-06;1.25375e-06;1.23845e-06;1.28114e-06
9.9107e-07;1.31719e-06;9.87879e-07;1.39322e-06;-1.08247e-05;-1.07457e-05;-1.08302e-05;-1.07088e-05;0.991236;0.947779;1;0.920783;1.77414e-06;1.74749e-06;1.77739e-06;1.73046e-06;4.07879e-06;6.228e-06;4.53851e-06;6.49286e-06;3.20522e-07;3.4879e-07;3.18447e-07;3.74642e-07
9.41383e-06;1.13684e-05;9.31997e-06;1.11412e-05;-2.86754e-05;-2.83457e-05;-2.85525e-05;-2.83468e-05;1;0.895733;0.949119;0.890907;4.35563e-06;4.18231e-06;4.28499e-06;4.18782e-06;3.95571e-05;4.92129e-05;3.51089e-05;4.80989e-05;1.80032e-06;1.93769e-06;1.88186e-06;1.95643e-06
1.50749e-06;1.88394e-06;1.20797e-06;1.91793e-06;-1.26429e-05;-1.24892e-05;-1.25938e-05;-1.2498e-05;1;0.925433;0.979155;0.933042;2.05991e-06;1.98679e-06;2.03084e-06;1.99104e-06;7.45033e-06;8.61017e-06;3.39362e-06;9.25936e-06;4.97725e-07;5.90731e-07;5.46822e-07;5.88697e-07
7.62003e-06;9.6964e-06;8.33735e-06;1.01588e-05;-1.85956e-05;-1.83335e-05;-1.84339e-05;-1.82901e-05;1;0.852525;0.89315;0.824041;2.65051e-06;2.50739e-06;2.5567e-06;2.48364e-06;3.64768e-05;4.84179e-05;3.68632e-05;5.12554e-05;1.23326e-06;1.3221e-06;1.29552e-06;1.33324e-06
5.46348e-07;6.31704e-07;4.98972e-07;6.34986e-07;-3.25333e-06;-3.22863e-06;-3.24723e-06;-3.22542e-06;1;0.928596;0.974308;0.917986;4.72346e-07;4.61767e-07;4.69525e-07;4.60288e-07;3.3091e-06;3.73764e-06;2.7623e-06;3.69544e-06;9.93751e-08;1.13297e-07;1.05767e-07;1.15025e-07
8.65769e-06;1.07747e-05;8.69439e-06;1.08858e-05;-2.85754e-05;-2.81632e-05;-2.84591e-05;-2.8161e-05;1;0.855718;0.944059;0.863309;4.44505e-06;4.22177e-06;4.37728e-06;4.23014e-06;3.51671e-05;4.67309e-05;3.4307e-05;4.69391e-05;1.73617e-06;1.96678e-06;1.83666e-06;1.93466e-06
4.04301e-07;5.27466e-07;3.35811e-07;5.0563e-07;-9.09565e-06;-9.03564e-06;-9.11178e-06;-9.01668e-06;0.985812;0.953599;1;0.932139;1.49704e-06;1.47864e-06;1.50395e-06;1.46886e-06;8.37338e-07;1.32189e-06;5.96425e-07;1.07346e-06;2.32843e-07;2.50706e-07;2.24807e-07;2.6979e-07
1.20978e-06;1.49903e-06;1.19172e-06;1.49604e-06;-6.67535e-06;-6.60404e-06;-6.64189e-06;-6.60259e-06;1;0.962972;0.974767;0.961565;1.05927e-06;1.02349e-06;1.03866e-06;1.02244e-06;6.51058e-06;8.2444e-06;5.98117e-06;8.19672e-06;2.45977e-07;2.90315e-07;2.80722e-07;2.92159e-07
8.08133e-07;1.00848e-06;8.0182e-07;1.01866e-06;-8.83513e-06;-8.75867e-06;-8.80642e-06;-8.75298e-06;1;0.919415;0.956054;0.910688;1.36703e-06;1.33266e-06;1.35126e-06;1.32914e-06;2.23431e-06;3.18093e-06;2.08646e-06;3.18e-06;3.67006e-07;4.15957e-07;3.96818e-07;4.21737e-07
3.45445e-07;4.55167e-07;4.04068e-07;4.76527e-07;-2.98479e-06;-2.95168e-06;-2.96308e-06;-2.94125e-06;1;0.885395;0.911472;0.837117;4.26352e-07;4.10457e-07;4.14997e-07;4.03929e-07;1.2871e-06;1.80568e-06;1.54434e-06;1.77903e-06;1.05786e-07;1.27437e-07;1.23465e-07;1.36614e-07
3.90433e-06;5.62825e-06;4.08682e-06;5.4726e-06;-2.236e-05;-2.20101e-05;-2.22321e-05;-2.2049e-05;1;0.855505;0.942194;0.869414;3.46687e-06;3.28913e-06;3.39576e-06;3.31131e-06;1.53303e-05;2.40498e-05;1.40603e-05;2.39354e-05;1.35794e-06;1.53673e-06;1.44772e-06;1.52111e-06
9.20726e-07;1.46845e-06;1.09975e-06;1.45844e-06;-1.01763e-05;-1.00481e-05;-1.01339e-05;-1.00833e-05;1;0.904323;0.97384;0.953263;1.64781e-06;1.59254e-06;1.62783e-06;1.6143e-06;3.41485e-06;6.41116e-06;4.22234e-06;6.80733e-06;3.46663e-07;4.13838e-07;3.7283e-07;3.75533e-07
6.79083e-06;8.31494e-06;6.45196e-06;8.41425e-06;-2.67291e-05;-2.63909e-05;-2.66342e-05;-2.63522e-05;1;0.877249;0.946127;0.869847;4.25862e-06;4.08511e-06;4.20185e-06;4.07272e-06;2.8342e-05;3.71748e-05;2.46247e-05;3.63572e-05;1.4766e-06;1.67178e-06;1.57986e-06;1.66493e-06
1.11385e-05;1.46828e-05;1.08815e-05;1.46338e-05;-3.13601e-05;-3.08932e-05;-3.12344e-05;-3.09118e-05;1;0.883608;0.958351;0.88525;4.90421e-06;4.67673e-06;4.8366e-06;4.68787e-06;5.4414e-05;7.50864e-05;4.79263e-05;7.60047e-05;1.87559e-06;1.9996e-06;1.93198e-06;2.00604e-06
8.73718e-06;1.03076e-05;8.3398e-06;1.0449e-05;-2.43632e-05;-2.40676e-05;-2.42789e-05;-2.40462e-05;1;0.887585;0.951409;0.880158;3.83649e-06;3.69801e-06;3.78515e-06;3.67615e-06;4.74523e-05;5.61194e-05;4.20954e-05;5.7089e-05;1.32499e-06;1.44827e-06;1.40008e-06;1.48749e-06
6.94277e-07;8.45177e-07;7.3929e-07;8.2865e-07;-2.72207e-06;-2.69092e-06;-2.70238e-06;-2.69096e-06;1;0.877641;0.913124;0.875472;3.94091e-07;3.79344e-07;3.84195e-07;3.79009e-07;4.84773e-06;5.82434e-06;4.93734e-06;5.62897e-06;7.126e-08;9.29317e-08;8.75021e-08;9.38403e-08
1.08206e-07;1.29694e-07;9.49601e-08;1.27809e-07;-2.44737e-06;-2.43146e-06;-2.45045e-06;-2.43417e-06;0.984355;0.923267;1;0.938017;3.5801e-07;3.51369e-07;3.59607e-07;3.52739e-07;2.77601e-07;3.22977e-07;2.09621e-07;3.27682e-07;6.60082e-08;7.65976e-08;6.3707e-08;7.39903e-08
1.96881e-06;2.31276e-06;1.89287e-06;2.21501e-06;-9.10338e-06;-9.00355e-06;-9.07471e-06;-9.02807e-06;1;0.899959;0.962807;0.92623;1.43704e-06;1.39334e-06;1.42446e-06;1.40653e-06;1.04591e-05;1.22775e-05;9.90574e-06;1.2065e-05;2.66836e-07;3.29229e-07;2.97573e-07;3.12703e-07
2.18575e-06;3.00824e-06;2.23184e-06;3.103e-06;-1.76826e-05;-1.7493e-05;-1.76815e-05;-1.74938e-05;1;0.923098;0.997526;0.920269;2.9203e-06;2.84532e-06;2.92244e-06;2.84436e-06;8.30673e-06;1.33127e-05;9.89316e-06;1.4805e-05;7.01665e-07;7.80323e-07;7.03742e-07;7.8996e-07
1.07116e-05;1.2907e-05;1.00686e-05;1.30413e-05;-2.33574e-05;-2.30597e-05;-2.32517e-05;-2.30651e-05;1;0.888419;0.939122;0.894652;3.5578e-06;3.40106e-06;3.49554e-06;3.40573e-06;6.31878e-05;7.85549e-05;5.32121e-05;7.98946e-05;1.36921e-06;1.50607e-06;1.45728e-06;1.49463e-06
8.30559e-06;1.01853e-05;8.26469e-06;1.021e-05;-2.66824e-05;-2.63536e-05;-2.65855e-05;-2.63417e-05;1;0.879378;0.949703;0.880661;4.163e-06;3.99438e-06;4.10852e-06;3.99265e-06;3.71332e-05;4.98477e-05;3.63084e-05;4.89546e-05;1.57413e-06;1.75165e-06;1.66104e-06;1.74045e-06
3.71142e-07;4.43738e-07;3.67931e-07;4.66233e-07;-8.62339e-06;-8.56417e-06;-8.61629e-06;-8.54269e-06;1;0.953229;0.995995;0.937901;1.41046e-06;1.38967e-06;1.40934e-06;1.37965e-06;9.34749e-07;1.17584e-06;8.99849e-07;1.11948e-06;2.32725e-07;2.63e-07;2.33541e-07;2.78629e-07
2.07434e-07;2.57706e-07;1.86404e-07;2.43804e-07;-2.28599e-06;-2.27104e-06;-2.28462e-06;-2.26807e-06;1;0.945721;0.987039;0.925234;3.3401e-07;3.28197e-07;3.33167e-07;3.2661e-07;9.44783e-07;1.21498e-06;8.00029e-07;1.08594e-06;5.38443e-08;6.17848e-08;5.71328e-08;6.54418e-08
4.6519e-06;5.8574e-06;4.32669e-06;5.87501e-06;-1.9878e-05;-1.9662e-05;-1.98123e-05;-1.96389e-05;1;0.903614;0.955733;0.885839;3.12095e-06;3.02003e-06;3.0842e-06;3.00183e-06;2.40685e-05;3.25889e-05;1.98772e-05;3.23502e-05;1.06776e-06;1.17486e-06;1.12842e-06;1.20606e-06
4.65005e-07;5.97774e-07;4.69939e-07;5.91753e-07;-3.64458e-06;-3.60841e-06;-3.6327e-06;-3.60989e-06;1;0.899337;0.963951;0.901174;5.21714e-07;5.04404e-07;5.15687e-07;5.05311e-07;1.8051e-06;2.33055e-06;1.66343e-06;2.32083e-06;1.29081e-07;1.49063e-07;1.37591e-07;1.48463e-07
5.3008e-07;6.13186e-07;5.07984e-07;6.13572e-07;-3.8965e-06;-3.87026e-06;-3.89093e-06;-3.87237e-06;1;0.940606;0.987821;0.944528;5.65416e-07;5.53962e-07;5.62911e-07;5.55351e-07;2.09565e-06;2.49001e-06;1.84269e-06;2.47257e-06;1.28568e-07;1.436e-07;1.33262e-07;1.40558e-07
3.40394e-07;4.18507e-07;3.00551e-07;4.08364e-07;-2.99957e-06;-2.97864e-06;-2.99701e-06;-2.97659e-06;1;0.931754;0.975448;0.918528;4.29807e-07;4.20822e-07;4.28064e-07;4.19358e-07;1.22143e-06;1.59132e-06;9.67754e-07;1.50008e-06;1.00418e-07;1.11312e-07;1.06692e-07;1.14563e-07
2.21671e-06;2.72977e-06;2.32567e-06;2.86419e-06;-1.30126e-05;-1.28621e-05;-1.29466e-05;-1.28317e-05;1;0.903796;0.945776;0.88079;2.10316e-06;2.03802e-06;2.07079e-06;2.02e-06;9.73593e-06;1.26517e-05;1.05493e-05;1.33127e-05;4.85973e-07;5.72019e-07;5.44645e-07;5.98896e-07
3.87332e-06;5.10487e-06;3.94421e-06;4.9525e-06;-1.65394e-05;-1.63033e-05;-1.64498e-05;-1.62959e-05;1;0.868446;0.932276;0.85359;2.62697e-06;2.51493e-06;2.57821e-06;2.50581e-06;1.7309e-05;2.49196e-05;1.75942e-05;2.34876e-05;7.30844e-07;8.59368e-07;8.16879e-07;8.80331e-07
4.91333e-06;5.6013e-06;5.18395e-06;5.92498e-06;-1.71586e-05;-1.69874e-05;-1.70478e-05;-1.69182e-05;1;0.896719;0.917672;0.854079;2.65233e-06;2.56676e-06;2.58631e-06;2.52194e-06;2.28858e-05;2.65461e-05;2.33101e-05;2.72249e-05;8.77364e-07;9.72928e-07;9.60522e-07;1.01959e-06
2.364e-07;2.72405e-07;2.27857e-07;2.85575e-07;-2.62043e-06;-2.6002e-06;-2.61476e-06;-2.59713e-06;1;0.928095;0.978153;0.918361;3.88196e-07;3.7961e-07;3.85755e-07;3.7838e-07;1.12884e-06;1.23301e-06;1.02585e-06;1.29307e-06;5.80055e-08;7.17378e-08;6.30145e-08;7.31337e-08
3.83643e-06;4.8753e-06;4.04506e-06;5.03725e-06;-1.93977e-05;-1.91885e-05;-1.92984e-05;-1.91532e-05;1;0.896127;0.934532;0.874804;2.9743e-06;2.87554e-06;2.91871e-06;2.85486e-06;1.33289e-05;1.96439e-05;1.41025e-05;2.02651e-05;1.10846e-06;1.21177e-06;1.18504e-06;1.23192e-06
1.10291e-05;1.36063e-05;1.11147e-05;1.37672e-05;-3.08372e-05;-3.04173e-05;-3.07104e-05;-3.03984e-05;1;0.860463;0.93879;0.859063;4.71281e-06;4.47936e-06;4.62949e-06;4.4726e-06;4.7094e-05;6.34614e-05;4.69216e-05;6.35429e-05;1.9882e-06;2.22472e-06;2.11732e-06;2.2098e-06
3.1591e-06;3.71907e-06;3.09078e-06;3.86641e-06;-2.14191e-05;-2.1213e-05;-2.13703e-05;-2.11713e-05;1;0.924631;0.98743;0.911625;3.34503e-06;3.24231e-06;3.31802e-06;3.2185e-06;8.53071e-06;1.03919e-05;7.82368e-06;1.08248e-05;1.24521e-06;1.36595e-06;1.29642e-06;1.39239e-06
4.06321e-06;4.93148e-06;4.03572e-06;4.90565e-06;-1.59972e-05;-1.57844e-05;-1.59067e-05;-1.58196e-05;1;0.856114;0.916603;0.89027;2.46975e-06;2.35594e-06;2.41319e-06;2.38076e-06;1.88907e-05;2.29942e-05;1.72397e-05;2.35739e-05;8.05311e-07;9.30702e-07;8.87011e-07;9.00546e-07
2.11612e-06;2.79219e-06;2.34961e-06;3.16939e-06;-1.30275e-05;-1.29093e-05;-1.29476e-05;-1.28209e-05;1;0.931687;0.93039;0.854477;2.05089e-06;2.00412e-06;2.00814e-06;1.95007e-06;8.5108e-06;1.34503e-05;9.56865e-06;1.46331e-05;5.72984e-07;6.25467e-07;6.25964e-07;6.75327e-07
