0;5.75489e-05;0.0030699;0.0423544;0.120141;0.164207;0.104167;0.0832138;0.04409;0.0243171;0.014397;0.0094701;0.0080971;0.0093528;0.0109931;0.0128139;0.0159175;0.0207057;0.0263716;0.031833;0.0353863;0.0374266;0.0386886;0.0339589;0.0259467;0.0175137;0.0128142;0.0102613;0.00945312;0.0192261;0.0110692;0.00268562
0.00472436;0.00658448;0.0154888;0.013513;0.0173958;0.0213494;0.0235925;0.0260259;0.0266021;0.0239265;0.0238363;0.0275436;0.0373845;0.0420123;0.0422727;0.042522;0.0454781;0.0499254;0.0499981;0.0484675;0.0504867;0.0524327;0.0540309;0.0508044;0.0439089;0.034507;0.0265194;0.0154118;0.0183358;0.0505981;0.0140794;0.000241831
0;5.04764e-06;0.00168086;0.00243102;0.00890909;0.0138717;0.0193208;0.0399925;0.0544217;0.0634722;0.0697289;0.0697681;0.0689221;0.0723048;0.0703529;0.0661851;0.0561127;0.0527374;0.0477658;0.0412241;0.0341244;0.0315668;0.0260734;0.0196505;0.0141353;0.0158616;0.0123034;0.00670909;0.0187376;0.000761417;0.000455064;0.000414683
1.38369e-05;0.00089248;0.0101465;0.0380178;0.103554;0.153596;0.0900549;0.0795037;0.0712849;0.0544104;0.0382716;0.0268266;0.0192525;0.015775;0.0155366;0.0166851;0.0177659;0.0194135;0.0214157;0.0233051;0.0247728;0.0254844;0.02379;0.020516;0.017326;0.0145294;0.0103258;0.00810056;0.0060376;0.0049665;0.0074628;0.0209667
0.000549028;0.0346839;0.228478;0.126393;0.0135436;0.00812826;0.010496;0.0133386;0.0158232;0.0143264;0.0195876;0.0249718;0.0526819;0.0488767;0.0472626;0.0468879;0.0531773;0.0459867;0.037045;0.0360771;0.0326559;0.0284831;0.0196074;0.0120246;0.0108253;0.0129185;0.00281348;0.00213399;0.000104059;6.25131e-05;3.22273e-05;2.52382e-05
3.33343e-05;0.0017642;0.0311459;0.0609176;0.128849;0.229292;0.15933;0.0396911;0.0241375;0.0226258;0.0233189;0.0249291;0.0245463;0.0249124;0.0232111;0.0202179;0.0175345;0.0162455;0.0145853;0.0121538;0.0107899;0.0102274;0.00906285;0.00848673;0.00755086;0.00666938;0.00556495;0.00492342;0.00680712;0.0124048;0.0162165;0.00185603
0.0182405;0.0319374;0.0322805;0.0417811;0.0642145;0.0461781;0.0609993;0.0628475;0.0680536;0.0703952;0.075095;0.0620673;0.055557;0.0433677;0.0335284;0.0273848;0.0270974;0.0279527;0.0245492;0.0183647;0.0136102;0.00911663;0.00643636;0.00522815;0.00849743;0.010356;0.00723261;0.0147882;0.0311044;0.00173747;6.2895e-07;0
4.4341e-05;0.0376527;0.00698354;0.0196201;0.0320035;0.0404069;0.0299908;0.0184493;0.0151294;0.0141894;0.0166716;0.020244;0.0265955;0.0308575;0.0328928;0.0343381;0.0370709;0.0406484;0.0464596;0.0487383;0.0462854;0.0431636;0.0429029;0.0436258;0.0396216;0.0371499;0.0387087;0.0429126;0.030039;0.0189094;0.0143029;0.0533915
9.43425e-07;0.000734613;0.002568;0.0290914;0.0642183;0.0736991;0.0847224;0.0849567;0.100096;0.08176;0.0295915;0.00968017;0.00940217;0.0110315;0.0126221;0.0134083;0.0169052;0.020139;0.0241237;0.0278672;0.0313802;0.033163;0.0348935;0.033196;0.0278735;0.0239441;0.020067;0.0173782;0.0192201;0.0177766;0.0118123;0.0326771
0;0.000432932;0.00278319;0.00529575;0.00755477;0.00804905;0.0130082;0.0238117;0.0386525;0.0397312;0.0447571;0.0580906;0.0856134;0.110677;0.109952;0.0864281;0.0636395;0.0471454;0.0433375;0.036609;0.0284435;0.0263728;0.0245253;0.0208145;0.0150734;0.010006;0.0109087;0.0175627;0.0116558;0.00730044;0.00116018;0.000607658
0.00183339;0.00794206;0.00998426;0.0186377;0.0273219;0.0340268;0.05743;0.0725663;0.0949966;0.100639;0.101375;0.0860598;0.0712455;0.0528076;0.0377235;0.0296279;0.0247813;0.0219629;0.0198028;0.0197531;0.0181996;0.014107;0.0122356;0.0134995;0.0144753;0.0144495;0.0192235;0.00224346;0.000486493;0.00031133;0.000180194;7.13858e-05
4.37539e-07;1.02822e-05;3.34717e-05;0.00022402;0.00239531;0.00396323;0.00592493;0.00803343;0.011255;0.0166252;0.0182292;0.0229559;0.0292637;0.04124;0.0478024;0.0477073;0.0555795;0.0466563;0.0475933;0.0395518;0.0352628;0.0349642;0.0422673;0.0542128;0.057693;0.0593561;0.0856287;0.138221;0.0439663;0.00129271;0.0010035;0.0010875
0.000102126;6.01433e-05;0.000683275;0.00234441;0.000844522;0.00341457;0.00595781;0.00768985;0.0131326;0.0302885;0.0329118;0.0360698;0.043435;0.0528986;0.0646602;0.0722354;0.0841605;0.0955928;0.110529;0.118305;0.0626919;0.0378352;0.0303003;0.0246245;0.0196511;0.0131167;0.0149503;0.00845544;0.00348124;0.0026239;0.00241218;0.00454125
0.00111953;0.0284729;0.0399672;0.0943176;0.0734478;0.0173716;0.0166452;0.0193695;0.0210947;0.0267659;0.033524;0.0397131;0.0452517;0.0511761;0.060016;0.0687876;0.0665684;0.0621428;0.0524607;0.0349882;0.0231299;0.0182914;0.0142476;0.0101456;0.00767193;0.00730682;0.0192157;0.0265146;0.0189625;0.000388691;0.000316362;0.000608509
2.18103e-05;0.000100093;0.00110609;0.0153365;0.0606364;0.191931;0.248104;0.00860103;0.00958405;0.0122348;0.0152014;0.0201542;0.0267717;0.0338651;0.0384885;0.0383728;0.0353938;0.0329662;0.0312249;0.0268457;0.0249653;0.0225358;0.0188402;0.0146919;0.0116623;0.0110971;0.0102683;0.0115065;0.00648933;0.00462299;0.0145747;0.0018048
1.16484e-06;0.000868194;0.0106362;0.0286349;0.00339279;0.000767242;0.000615424;0.000893821;0.00169096;0.00276067;0.00577256;0.00919913;0.0126762;0.0155025;0.0132838;0.0168653;0.02551;0.0418364;0.0747513;0.093659;0.121399;0.1646;0.135539;0.0520948;0.0229707;0.013584;0.0121574;0.0355746;0.0257907;0.0536502;0.00316604;0.000157253
2.67304e-06;1.87113e-05;4.34762e-05;0.000305984;0.00259788;0.0197469;0.029422;0.0332262;0.0397226;0.0493094;0.0584835;0.0703853;0.0831826;0.0895358;0.0839097;0.0782252;0.0689649;0.0544784;0.0411502;0.0326395;0.025728;0.0173706;0.01167;0.00885137;0.00854043;0.013972;0.0355613;0.0227821;0.0106823;0.00310921;0.00209605;0.00428566
0;0;0;0;0;1.16484e-06;2.71796e-06;9.707e-06;0.000140946;0.00257352;0.00694711;0.0122106;0.0248037;0.0358895;0.0432944;0.049868;0.054664;0.064835;0.0782338;0.0858682;0.0988433;0.103983;0.0818133;0.0537667;0.0323189;0.0203684;0.0143105;0.0107464;0.0144293;0.0362452;0.0679549;0.0058774
3.89949e-05;3.74225e-05;4.22969e-05;0.000196311;0.000435391;0.000120837;0.000234913;0.00071488;0.00124823;0.00153959;0.00255621;0.00475117;0.00755133;0.0121235;0.0162572;0.0200418;0.0283805;0.0435251;0.0692843;0.116756;0.164791;0.175482;0.155951;0.0524225;0.0307428;0.0245927;0.0202863;0.0147778;0.00900554;0.00925421;0.00640137;0.0104561
3.46709e-05;0.00235439;0.00831275;0.000909776;0.00120074;0.00253506;0.00340985;0.00396081;0.00543806;0.010172;0.0149302;0.0216623;0.0270154;0.0296;0.036955;0.0470587;0.0686416;0.100658;0.128159;0.140757;0.108065;0.0629661;0.0466436;0.0371989;0.025486;0.0162073;0.0148149;0.0121964;0.00736178;0.00342998;0.00237554;0.00948952
1.57237e-06;0.0023746;0.0089704;0.0166911;0.0261288;0.038109;0.044791;0.0546787;0.0441347;0.0408487;0.0408789;0.0493443;0.0629176;0.0674797;0.0725871;0.0642504;0.0619;0.0566354;0.0471929;0.0379779;0.0303918;0.0282147;0.0241416;0.017893;0.0147828;0.0112154;0.0171162;0.0109808;0.00476838;0.00095506;0.000647189;0.00100034
0;1.02204e-06;8.89178e-05;0.00355648;0.00865812;0.0218278;0.029061;0.046575;0.0645855;0.0531727;0.0551091;0.061914;0.0901678;0.0896984;0.0849631;0.0772648;0.0635663;0.0467227;0.0383696;0.0285911;0.0161551;0.00761242;0.00763349;0.0190976;0.0254564;0.0311645;0.0255255;0.00178449;0.00042973;0.000319271;0.00035803;0.000569986
0.0214343;0.0933343;0.170621;0.0702807;0.00899493;0.0115044;0.0177436;0.0247105;0.0280301;0.0328897;0.0398666;0.0455372;0.0476241;0.0488974;0.056997;0.0551208;0.0462162;0.0405688;0.0351212;0.026603;0.0150404;0.00965281;0.0076669;0.007026;0.0033652;0.00687914;0.017521;0.010216;0.000266989;8.27069e-05;7.4845e-05;0.000112582
0.0129504;0.111189;0.161556;0.139348;0.102224;0.0628585;0.032629;0.0152976;0.00854806;0.00631969;0.00597314;0.00609421;0.00657661;0.00672347;0.00743482;0.00887228;0.0107815;0.0131296;0.015563;0.0184767;0.0213365;0.0257605;0.0311912;0.0332696;0.034018;0.033552;0.0259954;0.0139844;0.00789615;0.00545551;0.00606308;0.00893235
0.0149286;0.0426561;0.00935536;0.00957302;0.0143786;0.0219323;0.0334681;0.0470904;0.0608422;0.06616;0.0782614;0.0754607;0.0694775;0.0675752;0.0625012;0.0585833;0.0517228;0.0380822;0.0260163;0.0199745;0.0172737;0.0151697;0.0140069;0.0125211;0.00948213;0.00768978;0.0207367;0.0200081;0.00966312;0.00221948;0.00140385;0.00178534
0.0332865;0.144844;0.129133;0.0553146;0.0200528;0.0158753;0.0183465;0.0213572;0.0238328;0.020566;0.0218541;0.0250218;0.0281631;0.0310497;0.0334655;0.0315934;0.029354;0.0310679;0.0327683;0.030394;0.0286144;0.0259005;0.0290235;0.0300874;0.0232029;0.0143397;0.00906851;0.00749457;0.00822666;0.0108855;0.015569;0.0202462
5.22815e-05;6.83197e-05;0.000182395;0.00269505;0.00802619;0.0142143;0.0189825;0.0263484;0.0348735;0.0417726;0.0555585;0.0706106;0.0716405;0.0745318;0.0848223;0.0949772;0.100741;0.0673583;0.0531233;0.0359731;0.0268102;0.0254681;0.0212031;0.012791;0.00710871;0.00764017;0.00886112;0.00818193;0.00794018;0.00579334;0.0048904;0.00675948
0.0991417;0.00583225;0.00429699;0.00465769;0.0045558;0.00499732;0.00595961;0.00578351;0.00668762;0.0101509;0.0171826;0.0284266;0.0382839;0.038715;0.0570976;0.0994288;0.121167;0.0972803;0.0832667;0.0619783;0.0403015;0.0273587;0.0230271;0.0269933;0.0226233;0.0151942;0.0137941;0.0116692;0.018855;0.0033479;0.00129312;0.00065285
0;3.43937e-06;1.52315e-05;4.47118e-05;0.000239282;0.000584202;0.000761084;0.00179781;0.0032679;0.00524652;0.008538;0.0151057;0.022068;0.0280815;0.0309126;0.0382665;0.0474432;0.0575766;0.0699662;0.0660109;0.0586442;0.0628791;0.0541308;0.0397449;0.0506541;0.0563802;0.0627582;0.0495107;0.0913193;0.0733559;0.00341481;0.00127846
0.000672033;0.024596;0.0966774;0.14881;0.0501179;0.0318296;0.0224098;0.0192415;0.0225853;0.0300534;0.0384373;0.0455319;0.0465976;0.0454901;0.0417478;0.0350573;0.0298971;0.0293043;0.0300795;0.0296377;0.0283952;0.031205;0.0300732;0.02379;0.0177049;0.0123821;0.00753042;0.00438913;0.0116293;0.00903361;0.0023334;0.00276046
0;0;1.51429e-05;2.60148e-05;0.000142887;0.00177211;0.0140402;0.0276246;0.0256067;0.0235441;0.0266962;0.0396364;0.0635879;0.0703284;0.0636539;0.0617362;0.0606327;0.0684487;0.0704181;0.0628074;0.0534868;0.0442395;0.0342677;0.0233892;0.0176256;0.0141167;0.00860351;0.0156201;0.0420104;0.0573517;0.00830997;0.000261313
5.59123e-05;0.0249699;0.00198062;0.00164864;0.00295481;0.00652893;0.0164274;0.0281092;0.0387616;0.049225;0.0578767;0.0706359;0.0931418;0.107106;0.0974676;0.0856154;0.0685528;0.0496074;0.0364331;0.0236699;0.0203665;0.0221704;0.0211085;0.0138884;0.00550504;0.00802963;0.0223378;0.0121652;0.012835;0.000314119;0.000256265;0.000254323
0.000116041;0.0185546;0.150598;0.244684;0.0269335;0.008638;0.0125947;0.0204321;0.0282565;0.0308242;0.0335023;0.0376055;0.0424051;0.043529;0.0416969;0.0341064;0.0304352;0.0301682;0.0299427;0.0279295;0.0226381;0.0179899;0.015103;0.0167213;0.0143306;0.00980376;0.00802131;0.00125853;0.000492468;0.000272964;0.000211013;0.000205352
4.16679e-06;0.000122881;0.00794961;0.0103072;0.015125;0.0194831;0.0369912;0.0649972;0.0670755;0.0831612;0.0681641;0.0776263;0.0812087;0.0754798;0.071978;0.0559813;0.0454875;0.0431951;0.0310212;0.0172327;0.00957152;0.00528263;0.0042333;0.0082688;0.00384878;0.0088906;0.0199239;0.0451429;0.0208933;0.00109689;0.000154093;0.000101733
0.00233246;0.0286713;0.0575473;0.0607798;0.14607;0.0501075;0.0174534;0.0147369;0.0148382;0.0158709;0.0186443;0.0230435;0.0243577;0.0251599;0.0255045;0.0250743;0.0255404;0.0273873;0.0284924;0.0325321;0.0402855;0.0440123;0.0438026;0.0406635;0.0374106;0.0338435;0.0262071;0.0170496;0.0117626;0.00931852;0.0156121;0.0158882
0;0;2.94803e-06;5.40473e-06;3.78331e-05;0.000158702;0.00123179;0.00166269;0.00122098;0.003517;0.00871291;0.0138282;0.0186655;0.0258076;0.0296105;0.0371379;0.0397783;0.0489595;0.0576783;0.0562932;0.0519404;0.0540502;0.0513321;0.0609255;0.0670717;0.0687742;0.0761217;0.0485831;0.0662531;0.0985537;0.0100926;0.00199238
0;0;3.49452e-06;8.38685e-05;0.00151585;0.00338114;0.00433592;0.00890404;0.0135036;0.0199646;0.0260722;0.0323798;0.04796;0.0811742;0.128716;0.143547;0.135848;0.0953966;0.0618453;0.0435907;0.0311649;0.0253298;0.0260287;0.0313556;0.00889666;0.015751;0.00936532;0.00242986;0.000434874;0.000310624;0.000261701;0.000448852
0;0.00774269;0.0797461;0.12827;0.135087;0.0821525;0.0463712;0.0220494;0.0163401;0.0159115;0.0167599;0.0192704;0.0247916;0.0273631;0.0287402;0.0312075;0.0326504;0.0345598;0.035102;0.0331711;0.0291219;0.0243589;0.0205796;0.018337;0.0130331;0.00768891;0.00600081;0.00663951;0.00595961;0.0172817;0.0194251;0.0142875
0;0.00262838;0.00506745;0.0244866;0.0534774;0.0622104;0.0660539;0.0185046;0.00862951;0.00752004;0.0109214;0.0143441;0.0206094;0.0226837;0.0260844;0.02842;0.0317057;0.0362882;0.0439108;0.0491672;0.0531975;0.0580712;0.0629418;0.0647689;0.0566379;0.0502782;0.0427959;0.0245542;0.0134482;0.0110267;0.0175955;0.0119705
0.116303;0.0791675;0.0576477;0.0255766;0.0143822;0.0120497;0.0122802;0.0125453;0.0142564;0.0162118;0.0197207;0.0228054;0.0240526;0.0312657;0.0427205;0.051172;0.049271;0.0447158;0.0469583;0.0462464;0.0430252;0.0402456;0.0386763;0.0320878;0.0204704;0.0138438;0.0138391;0.0270033;0.0219761;0.00631025;0.00199;0.00118368
0;1.41514e-05;0.000103855;0.000468253;0.00554797;0.0117868;0.0219144;0.0445693;0.0735537;0.0819765;0.0630261;0.0676004;0.069528;0.080399;0.081884;0.0689119;0.0577012;0.0488276;0.0357484;0.0219358;0.0145521;0.0233461;0.0144106;0.00750801;0.00534867;0.0290804;0.038581;0.0239497;0.00255692;0.00124092;0.0016105;0.00231784
1.39781e-05;0.00190024;0.0103912;0.0170424;0.0276483;0.0286791;0.0221611;0.019124;0.0164448;0.0152361;0.0173111;0.0195984;0.0232417;0.0282027;0.0365344;0.0435837;0.0503751;0.0515908;0.0519779;0.0545188;0.0584738;0.0606684;0.0619101;0.0564117;0.0501433;0.045221;0.0366331;0.0261437;0.0177797;0.0139113;0.00782889;0.0292992
0.011612;0.0588867;0.089431;0.0961501;0.0297405;0.0127023;0.0105579;0.0118997;0.0141891;0.0173392;0.0196223;0.0209503;0.0225387;0.0218538;0.0229372;0.0244426;0.0240828;0.0262432;0.0291389;0.0351202;0.0380568;0.0409148;0.047319;0.0530346;0.05698;0.0473282;0.033279;0.020728;0.0128799;0.00929556;0.0144344;0.0263112
4.91339e-07;2.45669e-06;2.6041e-05;0.000806287;0.00177177;0.00202923;0.00695097;0.0215177;0.0411786;0.0599763;0.0622251;0.0791331;0.0891353;0.106151;0.125279;0.0984933;0.0781858;0.0602765;0.0404657;0.0234678;0.013389;0.0115666;0.0114683;0.00640706;0.00419947;0.0267922;0.021246;0.00602922;0.000647585;0.000454489;0.000329688;0.000397493
7.46835e-05;0.00951773;0.0266119;0.0398063;0.0695869;0.0911655;0.0938212;0.0746619;0.063509;0.0548138;0.0515862;0.0518313;0.0536365;0.0553194;0.0566022;0.0496129;0.0326981;0.0162019;0.00823828;0.00522195;0.00903621;0.019234;0.027771;0.0211821;0.0148345;0.00341923;3.43937e-06;4.91339e-07;1.47402e-06;0;0;0
0;3.8828e-07;5.66889e-05;0.000991668;0.00507482;0.00987901;0.0177968;0.0179797;0.033794;0.0640752;0.0964154;0.123039;0.127915;0.105408;0.0780125;0.0544015;0.0416702;0.0375564;0.0347212;0.0320684;0.0278894;0.0218672;0.0131149;0.00998307;0.0199102;0.0228678;0.00331747;0.00011959;4.38757e-05;2.05788e-05;7.37732e-06;2.32968e-06
0;0;0;2.04409e-06;0.000702065;0.00149132;0.00144493;0.00152906;0.00209786;0.00275983;0.00489024;0.0106258;0.0195603;0.0255343;0.0295617;0.0348516;0.038497;0.0495807;0.0614029;0.0791046;0.0977169;0.0798162;0.0938724;0.0773196;0.0696245;0.0591456;0.0447646;0.0386075;0.0336499;0.0255414;0.00996988;0.00633525
0.00125453;0.000180939;0.000139781;0.000540874;0.00314701;0.00957809;0.0132955;0.0110392;0.0119412;0.0105383;0.0100433;0.0125473;0.0144087;0.0196019;0.0285467;0.0379323;0.0431006;0.0583368;0.0806539;0.10673;0.107064;0.0923559;0.080115;0.0684041;0.0462772;0.0249761;0.0170599;0.0285467;0.0307137;0.0259934;0.00401132;0.000926436
0.0558705;0.0231485;0.0098964;0.0175499;0.0194575;0.0239368;0.035349;0.0626355;0.0629639;0.0478614;0.0557205;0.0551788;0.0529514;0.0491973;0.0501589;0.0558627;0.050904;0.0433487;0.0353548;0.0269824;0.0215096;0.0202921;0.0183958;0.0150378;0.0103198;0.00549229;0.00265579;0.00535169;0.0323127;0.033964;0.000332996;7.01044e-06
7.83043e-05;0.00740431;0.0739014;0.13898;0.111522;0.0751922;0.0540516;0.0452294;0.0459645;0.0471334;0.0486794;0.0457629;0.0399311;0.0377634;0.0365039;0.0227966;0.0175823;0.0113838;0.00754732;0.00653668;0.00669093;0.00517924;0.004897;0.0106989;0.00766037;0.00555748;0.00822328;0.0194313;0.0119353;0.0234607;0.0207938;0.00152733
3.67936e-05;0.00732098;0.0164492;0.0240617;0.0111085;0.0160989;0.0282578;0.0460665;0.0697288;0.101467;0.100166;0.0827619;0.086813;0.0845356;0.0694301;0.0525997;0.0399779;0.0292301;0.0210069;0.0155256;0.0115664;0.00715713;0.00333909;0.0033174;0.00498128;0.0103698;0.0200415;0.0311283;0.00545488;9.43425e-07;0;3.14475e-07
7.86187e-08;7.86187e-08;2.43718e-06;1.47803e-05;0.000142772;0.00149989;0.00518734;0.00907064;0.0104947;0.0138375;0.0283035;0.0561611;0.0897727;0.0987277;0.101654;0.104977;0.0984341;0.0794818;0.0746716;0.0595302;0.0386214;0.0213889;0.0143066;0.017485;0.0342828;0.0262201;0.0080934;0.00605757;0.000760636;0.000337353;0.000251423;0.00023106
0.0132451;0.059827;0.100291;0.126924;0.0638148;0.0297367;0.0196201;0.015536;0.0127262;0.0115296;0.0120447;0.0133004;0.0159734;0.0195037;0.0243488;0.0298603;0.0345853;0.0385986;0.0407987;0.0411503;0.0390745;0.0366643;0.033517;0.030805;0.0293352;0.024336;0.0172933;0.0124356;0.00808892;0.00560457;0.00702851;0.0324026
0.000155247;0.0483495;0.101204;0.0680257;0.0326915;0.0344788;0.0351037;0.0355924;0.0323896;0.0322242;0.0333484;0.0348661;0.0372455;0.0414524;0.0451077;0.0455699;0.0452953;0.0411552;0.0386455;0.0338008;0.0280918;0.0244712;0.0203002;0.016526;0.0134811;0.0111267;0.00903356;0.0108392;0.00673255;0.0225501;0.0168548;0.00329099
0;0.000151577;0.00449385;0.00690335;0.0210714;0.0531535;0.0920286;0.135746;0.151389;0.139326;0.107499;0.0535139;0.0343388;0.0260256;0.0225749;0.0190499;0.0155184;0.0117548;0.0104173;0.0104053;0.0114525;0.0108151;0.012173;0.0138253;0.0172543;0.019055;5.00015e-05;9.11977e-06;2.83027e-06;9.43425e-07;3.14475e-07;0
0;0.0281713;0.0987148;0.0492102;0.0391386;0.0225144;0.0248216;0.0297962;0.0335668;0.0378981;0.0345569;0.0314612;0.0332531;0.0352997;0.036044;0.0388129;0.0472855;0.055665;0.0609375;0.0574841;0.0447497;0.0344327;0.0322346;0.0254611;0.021025;0.0184002;0.0142743;0.00554775;0.00285153;0.00214059;0.00180822;0.00244228
0.0142677;0.00273815;0.000828202;0.000905081;0.00138189;0.00304878;0.00716493;0.011886;0.0186996;0.0229101;0.0301041;0.0435984;0.059646;0.080779;0.100652;0.0832224;0.0959813;0.103634;0.0836324;0.0668801;0.0272868;0.0122145;0.00777337;0.00683994;0.00662056;0.0108808;0.019461;0.0505618;0.0257282;0.000518354;0.000139004;1.55312e-05
0.00127645;0.0380203;0.0960013;0.114557;0.0673064;0.0354391;0.02095;0.0146379;0.0120412;0.0121796;0.0157511;0.0185179;0.0209965;0.0231092;0.0239976;0.0266455;0.0286216;0.0298952;0.0312487;0.0350479;0.0399525;0.0416431;0.0357093;0.0333104;0.0303475;0.0229947;0.025419;0.0251083;0.0190459;0.0163345;0.0157134;0.0281807
0;0.000313522;0.0115758;0.0341568;0.0321838;0.0227387;0.0119212;0.013564;0.0196596;0.0260539;0.0303864;0.0314247;0.0317051;0.0396962;0.0495502;0.0570513;0.0642896;0.0713421;0.0717448;0.069253;0.0600907;0.0471179;0.0407116;0.0385021;0.0291926;0.0207077;0.0150253;0.0096931;0.012692;0.016873;0.0125401;0.00824311
0.000681467;0.0261942;0.0802575;0.0923317;0.0522129;0.043918;0.0285958;0.0329224;0.0366961;0.0434935;0.0484911;0.0495833;0.0513755;0.0481379;0.0489175;0.053567;0.0521079;0.0420683;0.0314327;0.0234944;0.0189587;0.0158294;0.0123403;0.00917386;0.00890782;0.0100481;0.0098808;0.0112076;0.0144385;0.00251454;0.000103462;0.000117928
0.000124638;0.00864234;0.0218683;0.0345616;0.0326881;0.035867;0.0216167;0.0303243;0.0402188;0.0392147;0.0406273;0.0379264;0.0396077;0.0424899;0.0449217;0.0508457;0.0620608;0.0590415;0.0588497;0.0532744;0.0451251;0.0394846;0.0312822;0.0210285;0.0160014;0.0123112;0.00742353;0.0105333;0.0243669;0.0345243;0.00245626;0.000691139
0;8.60089e-05;0.00598996;0.0263857;0.0509311;0.0580223;0.063174;0.0564098;0.0503616;0.0481058;0.0525539;0.0601256;0.0628745;0.0638742;0.0629954;0.05988;0.0535254;0.0397858;0.0265262;0.017599;0.0134197;0.0119185;0.00939643;0.00719141;0.00763812;0.00767327;0.00689934;0.0109555;0.029894;0.0176541;0.0115204;0.00663298
0.00509764;0.00830591;0.0476857;0.108475;0.155418;0.106508;0.0651196;0.0273002;0.0153049;0.0128768;0.0130413;0.0148388;0.016498;0.0185534;0.0215535;0.0235749;0.0288223;0.0319714;0.0349391;0.0363281;0.0333683;0.0331865;0.0244583;0.0187984;0.0169467;0.0181735;0.0116922;0.0113063;0.0115853;0.0160678;0.0115736;0.000631466
0.000473285;0.0187619;0.10284;0.154839;0.101088;0.0613522;0.0550888;0.0553328;0.0512515;0.0435249;0.0358832;0.0299883;0.0271735;0.0257794;0.0253615;0.026648;0.0222066;0.0206428;0.0202626;0.0194732;0.0174534;0.014347;0.0112956;0.00918267;0.00787948;0.00522626;0.00499669;0.00361112;0.00261329;0.00556935;0.00686782;0.0129859
0.00797697;0.133116;0.122858;0.030439;0.0140985;0.015031;0.0163184;0.0195632;0.0215079;0.0252646;0.0286021;0.0340517;0.0361253;0.0375367;0.0408736;0.0449275;0.0483971;0.0420774;0.0348982;0.0340243;0.0332488;0.0343366;0.0321101;0.0274511;0.0185952;0.0103239;0.00770023;0.0138495;0.01308;0.00933676;0.00651183;0.00576936
0;0;8.49082e-06;0.00504229;0.0188757;0.0176229;0.0483493;0.0253039;0.0117447;0.0125513;0.0224702;0.0389285;0.0487977;0.051845;0.0514509;0.0480603;0.0450705;0.0456435;0.0481949;0.0525145;0.059159;0.0647623;0.0632724;0.0534422;0.045474;0.0338878;0.0172719;0.012363;0.0102544;0.012096;0.0119466;0.023596
0;0;1.9414e-06;6.40662e-05;0.000542816;0.00142887;0.00328097;0.00506783;0.00425283;0.00543903;0.0117292;0.0215558;0.0374042;0.058122;0.0699809;0.0841523;0.0939688;0.0965175;0.084753;0.075472;0.0668389;0.0523984;0.0371969;0.0257558;0.0188957;0.0133359;0.00946355;0.00745226;0.00991085;0.0275858;0.0457938;0.0316382
4.71712e-07;5.58193e-06;0.00406836;0.00844507;0.0140287;0.0165437;0.0281967;0.0383402;0.0497458;0.0773148;0.0912513;0.0965352;0.0991394;0.10029;0.0838912;0.0692621;0.0516667;0.0375842;0.0250325;0.017749;0.0116823;0.00891324;0.00890978;0.0138285;0.0143648;0.00715328;0.0111978;0.00270747;0.00129642;0.00128188;0.00221996;0.007354
0.000552911;0.0128101;0.00815544;0.00682053;0.0108035;0.0328489;0.0606587;0.0754708;0.0940682;0.0859858;0.0892536;0.0946965;0.080777;0.0651324;0.051399;0.0394698;0.028405;0.0199246;0.0135308;0.00917001;0.00662639;0.00543825;0.00501774;0.00711912;0.0116173;0.024561;0.0346047;0.0209865;0.00367041;0.000324602;7.0667e-05;2.95093e-05
0.0152133;0.0668201;0.0754638;0.0561389;0.0484504;0.041414;0.0420616;0.0499166;0.0580881;0.0629675;0.0584998;0.0536974;0.0507951;0.0469862;0.0456518;0.0420154;0.0372848;0.0291236;0.0215015;0.0156708;0.0116334;0.0107834;0.0138101;0.0133693;0.0153494;0.015286;0.00151578;0.000307578;0.000103181;3.48851e-05;2.26016e-05;2.35843e-05
0.0570357;0.0762948;0.0474687;0.0257461;0.01483;0.018816;0.0264021;0.0323963;0.0407789;0.0465574;0.0542057;0.0508685;0.0455835;0.0466546;0.0487798;0.0536944;0.0518097;0.0427007;0.0392965;0.0337167;0.0298412;0.0217242;0.0151744;0.00983709;0.00868831;0.0210167;0.0205475;0.0164272;0.00181232;0.000435233;0.000362904;0.000497185
3.14475e-06;0.0520431;0.0778395;0.0159458;0.0115022;0.0136473;0.0154722;0.0172269;0.0185521;0.0177839;0.0192056;0.022189;0.0257014;0.0291855;0.034902;0.0437189;0.0557803;0.0585131;0.0595641;0.0593203;0.0820852;0.0869721;0.0429736;0.0237256;0.0211535;0.0186531;0.00950721;0.0147942;0.0213183;0.0307138;7.23292e-06;0
0;1.1702e-06;1.20921e-05;4.83683e-05;0.000329996;0.00213288;0.00693929;0.0145475;0.0225357;0.0360605;0.0523029;0.080454;0.0905903;0.093098;0.0994631;0.0830456;0.0680304;0.0533416;0.0464355;0.0430208;0.0352207;0.0215664;0.0140381;0.0108411;0.0125375;0.0152719;0.0179029;0.0294625;0.0270324;0.017991;0.00261774;0.00312795
0;0;2.32968e-06;0.000420119;0.00148284;0.00188665;0.00206487;0.00732646;0.0128393;0.0188786;0.0248072;0.0263013;0.033401;0.0592092;0.087485;0.0755725;0.0675561;0.0605061;0.0520008;0.05261;0.0543091;0.0607554;0.067004;0.0676656;0.0546982;0.0375933;0.0209881;0.0121392;0.00929154;0.00622064;0.00469314;0.0202915
0.00264865;0.0383105;0.097907;0.126784;0.122559;0.100046;0.0772736;0.0577002;0.0400959;0.0269741;0.0174818;0.01154;0.00813429;0.00666735;0.00612186;0.00603352;0.00693273;0.00819182;0.00940811;0.0109459;0.013322;0.0162011;0.0198045;0.0231612;0.0262092;0.0267276;0.0254271;0.0218481;0.0156009;0.00760525;0.00500385;0.0173332
3.14475e-07;9.51287e-06;1.5252e-05;0.00116159;0.0116224;0.0241506;0.0463486;0.0735268;0.0738536;0.0827545;0.0934575;0.0760033;0.081526;0.073959;0.0662299;0.0506566;0.036416;0.0271146;0.0174891;0.0178749;0.0163062;0.0106503;0.00643219;0.00488152;0.00516832;0.0428127;0.0509992;0.00657103;0.000455438;0.000420689;0.000447026;0.000685319
4.00956e-06;7.46878e-06;0.00037792;0.00359484;0.0142024;0.0475361;0.0654027;0.0880707;0.0592222;0.0585426;0.0723203;0.0787726;0.0816646;0.0877863;0.0834815;0.0690264;0.049965;0.0357028;0.0268376;0.018148;0.0113779;0.00748647;0.00695831;0.00735557;0.011966;0.00804678;0.00169062;0.000909147;0.000724943;0.000611811;0.00108675;0.00111969
3.06613e-06;0.00350553;0.000524151;0.000158495;0.000290024;0.000896804;0.00142599;0.00173016;0.00320536;0.00706256;0.00789678;0.00934549;0.0119436;0.0177255;0.0239639;0.0336747;0.0473573;0.068643;0.11007;0.128244;0.11094;0.104281;0.0725888;0.0549064;0.0436543;0.0419425;0.0356008;0.0264741;0.0164458;0.00542257;0.00230958;0.00776714
0.000168559;0.000214236;0.00148346;0.000400877;0.00114264;0.00340262;0.00454864;0.0073062;0.0134168;0.0192145;0.0244707;0.0315544;0.0473233;0.0705732;0.113988;0.167157;0.163893;0.157089;0.0556205;0.0285387;0.0216721;0.0165799;0.0131336;0.00828689;0.00481469;0.00520613;0.00544726;0.00365003;0.00337557;0.00178284;0.00107629;0.00346866
0.00222491;0.00994495;0.0122957;0.01812;0.0222082;0.0308226;0.0353193;0.0413591;0.0501911;0.040561;0.0401122;0.0387779;0.0497735;0.0593634;0.0627667;0.0748752;0.0664599;0.0562614;0.050065;0.0436101;0.0350108;0.0290009;0.0291987;0.0257228;0.0170634;0.0150498;0.0103038;0.017827;0.00986288;0.00401553;0.000689958;0.00114217
0;0.0028092;0.0150803;0.0215407;0.0212446;0.0201502;0.0222157;0.0312603;0.0353894;0.0441109;0.0537945;0.0678918;0.0720753;0.0715271;0.0785068;0.0840148;0.0835367;0.0674286;0.0465954;0.0331137;0.0262024;0.0185516;0.0158803;0.0202066;0.0192149;0.010619;0.0105421;0.0020205;0.00103156;0.000799946;0.000792791;0.00185241
5.40473e-06;0.00215894;0.0191779;0.0278245;0.0308418;0.0450528;0.0691108;0.0790078;0.0846837;0.0748579;0.0673822;0.062088;0.0560524;0.0387765;0.0341569;0.0352934;0.0417943;0.0435823;0.0455648;0.0335501;0.0304704;0.0326667;0.0199631;0.0200265;0.00582679;7.61575e-05;6.38741e-06;4.91339e-07;9.82678e-07;0;0;0
1.55312e-06;1.74726e-05;0.000112213;0.000667842;0.00389251;0.0123799;0.0225723;0.0278358;0.0332519;0.0369185;0.0456066;0.0623593;0.0769;0.0953228;0.0963183;0.0739588;0.0727909;0.0663155;0.0604987;0.0547374;0.0426304;0.0307852;0.0201964;0.0115234;0.0118542;0.0135972;0.00620511;0.0134671;0.00485855;0.00102351;0.000753652;0.000646875
0;0;5.43592e-06;0.00027995;0.0044726;0.00658057;0.0178384;0.0314282;0.0427271;0.045562;0.0660903;0.0721595;0.0793765;0.133975;0.0630928;0.0659226;0.0688378;0.0718116;0.065643;0.0521286;0.0301228;0.0169414;0.00973651;0.0093824;0.00635149;0.00584167;0.0105868;0.00774269;0.00773881;0.00715794;0.000257041;0.000208895
1.96892e-05;0.000159045;0.00146094;0.00227367;0.0051238;0.00899383;0.0179918;0.0312779;0.0405393;0.0457399;0.0521441;0.061575;0.0603983;0.0562944;0.0563552;0.0569916;0.0542382;0.0529789;0.0507436;0.0510643;0.0519809;0.0514659;0.0496882;0.0437567;0.0283739;0.0187162;0.0116587;0.00674116;0.00789057;0.0123097;0.00658474;0.0044699
0.00032631;0.00405119;0.0127039;0.0367033;0.0688744;0.116206;0.161616;0.130881;0.0743771;0.0459328;0.0275546;0.0176396;0.0136115;0.0123223;0.0120982;0.0123421;0.0129791;0.0139593;0.0151014;0.0163165;0.0181629;0.0205542;0.0230436;0.0247087;0.025573;0.0237001;0.0174012;0.00984335;0.00563942;0.00407431;0.00413716;0.017566
0;0.000218646;0.0211875;0.0469288;0.0608366;0.0688828;0.0726165;0.0708638;0.0610135;0.0568828;0.0554098;0.0530862;0.0531693;0.0542148;0.0530297;0.0564347;0.0587479;0.0436732;0.0228006;0.0121238;0.0113283;0.011062;0.00805992;0.0122098;0.0184178;0.0160982;0.000657411;2.30929e-05;8.35276e-06;7.37008e-06;4.42205e-06;2.45669e-06
7.07569e-07;0.000187113;0.00397646;0.0193366;0.0276883;0.0224092;0.0462307;0.0375022;0.0131998;0.0142085;0.0165738;0.0211636;0.0239463;0.0298371;0.0422438;0.0554558;0.0625382;0.0717009;0.0625675;0.0623315;0.068705;0.0630834;0.0429523;0.0327596;0.0288528;0.028694;0.0287429;0.0322323;0.0328605;0.00617692;0.00102582;0.00081622
0;1.55312e-05;0.00306392;0.00637129;0.00591079;0.00274087;0.00129919;0.00243685;0.00348443;0.00781569;0.0191946;0.0402837;0.076848;0.09829;0.0991726;0.101017;0.0967485;0.0946134;0.0766364;0.0550729;0.0402095;0.0318568;0.0267389;0.0245816;0.0170863;0.00769455;0.0120014;0.0349736;0.0136585;0.000152982;2.25202e-05;7.7656e-06
4.67781e-05;4.28472e-05;8.81316e-05;0.00250118;0.0117746;0.0274295;0.0437165;0.0571249;0.0633971;0.0658637;0.0641831;0.0697435;0.0436891;0.032688;0.032866;0.0370999;0.0420704;0.0573501;0.0643511;0.0567208;0.0505778;0.0462401;0.0368792;0.022512;0.0113267;0.011386;0.0166484;0.0121644;0.00948566;0.00252059;0.00302698;0.00448504
0.00386647;0.0413777;0.0359762;0.0671322;0.141047;0.233121;0.105898;0.0585766;0.0487062;0.0384163;0.0379672;0.0339189;0.0346127;0.0279993;0.0321494;0.032601;0.0259423;0.000685241;3.14475e-06;0;1.88685e-06;6.2895e-07;6.2895e-07;6.2895e-07;0;0;0;0;0;0;0;0
8.17635e-06;0.00065568;0.00251045;0.00954368;0.0340293;0.0763853;0.0986967;0.113294;0.109979;0.0931236;0.0866674;0.0766715;0.0563589;0.0401952;0.0335872;0.0296106;0.0265439;0.0245092;0.0264813;0.019254;0.00768262;0.00299978;0.0035391;0.0077364;0.00633164;0.0122966;0.000743733;0.000236485;0.000112896;7.57885e-05;5.72344e-05;8.20779e-05
0.0188628;0.0871067;0.146527;0.0827358;0.0524808;0.0433123;0.0367401;0.0337227;0.034808;0.0340721;0.0320164;0.0295317;0.0277559;0.0262527;0.0253828;0.0253932;0.0255259;0.0267401;0.0280653;0.0293138;0.0259825;0.0228079;0.0183899;0.0148841;0.0115837;0.00852636;0.00594232;0.00437749;0.00376772;0.00418912;0.0101396;0.0230626
9.82678e-07;7.37008e-06;2.8989e-05;0.000112025;0.000440731;0.000639232;0.00149809;0.00293084;0.0052647;0.00903965;0.0141624;0.0172121;0.0209767;0.0246259;0.0302326;0.039481;0.0544114;0.0626231;0.0700728;0.0808302;0.0826216;0.059029;0.0553945;0.0473267;0.0328652;0.0347863;0.0476446;0.0449531;0.0982177;0.0547715;0.00635301;0.00144601
5.81779e-06;0.000154171;0.00656561;0.00596229;0.00817163;0.0252797;0.0578107;0.0653836;0.0729435;0.0874533;0.0856895;0.0925651;0.0901676;0.0773696;0.0708282;0.0598618;0.038764;0.0221301;0.0108611;0.00609838;0.00874657;0.00619461;0.0067506;0.0210013;0.0331542;0.0319362;0.00750282;0.000352212;0.000123274;7.16217e-05;4.85864e-05;5.23601e-05
1.47402e-05;0.00013561;0.0087478;0.0324077;0.036848;0.0420503;0.0405699;0.0360903;0.0344831;0.0359842;0.0356579;0.0449752;0.0620989;0.0730832;0.0883088;0.115543;0.116511;0.0505598;0.0172018;0.0101997;0.00981351;0.00967741;0.00995109;0.00991522;0.0104174;0.0150502;0.0111441;0.0118408;0.0208809;0.00783391;0.0016735;0.000330671
4.27108e-06;0.00113339;0.00665279;0.00252343;0.00131394;0.00171581;0.0032534;0.0047145;0.00780132;0.0106109;0.0154846;0.0199716;0.0235554;0.0256882;0.0288655;0.0328229;0.0446728;0.0480411;0.0533081;0.060972;0.0724247;0.0894314;0.0933418;0.0743059;0.0584191;0.0489687;0.037869;0.0245047;0.0167896;0.019588;0.0387399;0.0325111
4.71712e-07;4.16679e-06;2.60228e-05;0.000744519;0.00536313;0.00819915;0.00728347;0.0108056;0.0254183;0.0440884;0.0767846;0.114272;0.1539;0.147822;0.114882;0.0742136;0.0444893;0.0234142;0.0122901;0.00939855;0.0142756;0.0116099;0.0122489;0.0189884;0.0174993;0.0340556;0.0150028;0.000938079;0.000520063;0.000431695;0.00034262;0.000687757
0;0;0.00106733;0.0280968;0.0911446;0.163608;0.120051;0.0931333;0.0780307;0.0411336;0.0163451;0.00785212;0.00635302;0.00749897;0.00902512;0.0115928;0.0140272;0.0170675;0.0199405;0.0223082;0.0243674;0.025591;0.0283471;0.0296455;0.0290279;0.0252099;0.019361;0.0161646;0.0107981;0.00888989;0.0224107;0.0119101
0;0.00224542;0.0465886;0.0069972;0.00288026;0.00506977;0.00546194;0.00566462;0.00584789;0.0086932;0.015386;0.0227058;0.0399863;0.0537908;0.0620278;0.0612201;0.0702395;0.0692812;0.0762734;0.0817838;0.0706223;0.05334;0.0416186;0.0299531;0.021442;0.0145287;0.0119315;0.0199386;0.0334426;0.0420577;0.016392;0.00258944
0;0;0.00901276;0.00763786;0.0102751;0.0141256;0.0306283;0.0165128;0.0136139;0.0204608;0.0285592;0.0318467;0.0403753;0.0467676;0.0537706;0.0613207;0.0692144;0.0735426;0.0682826;0.0552763;0.0456594;0.0396966;0.0353964;0.0307673;0.0248406;0.0224414;0.0208227;0.018971;0.0174885;0.0164184;0.0172657;0.0590089
0;0.000493116;0.00181948;0.000640662;0.00524411;0.0125842;0.0188394;0.0233737;0.03399;0.0469939;0.0605243;0.0862906;0.0931457;0.0890866;0.0863108;0.0778707;0.0739876;0.0604257;0.0412645;0.0309211;0.0248515;0.0252091;0.0195476;0.013153;0.0137137;0.0209695;0.0110932;0.0117913;0.0133339;0.00087596;0.000625908;0.00102933
0.000211026;0.0234329;0.0466645;0.0681579;0.057511;0.0492358;0.0451292;0.0446938;0.0452224;0.0454315;0.0468045;0.0496945;0.0504696;0.0498302;0.0494285;0.0492299;0.0458855;0.0397154;0.0330894;0.0262402;0.0216343;0.0173786;0.0135864;0.0110997;0.00935692;0.00914628;0.0110194;0.00758602;0.00910494;0.0181884;0.00328748;0.00253387
0;0;9.82349e-05;0.000517966;0.00124017;0.00422255;0.00475177;0.0056157;0.00661862;0.00735053;0.012482;0.0275924;0.0479402;0.0612023;0.0751124;0.098535;0.0940003;0.0728802;0.0600386;0.0514343;0.0468091;0.0421932;0.0354263;0.0264038;0.017869;0.0119839;0.0142658;0.029776;0.0464193;0.0522819;0.0358138;0.00912458
1.65099e-06;0.00162442;0.0590415;0.0657851;0.00965973;0.0157218;0.038014;0.0429407;0.0493959;0.0568773;0.0781898;0.0900609;0.096235;0.0874363;0.0606719;0.0407773;0.0254813;0.0170012;0.019939;0.0219857;0.0220113;0.0414004;0.0498257;0.00922323;0.000268011;0.0001423;9.33204e-05;6.21874e-05;4.5363e-05;3.53784e-05;2.44504e-05;2.80669e-05
1.96536e-06;0.000404372;0.00160324;0.00372091;0.00921752;0.0168456;0.0264802;0.0390059;0.0423077;0.0463053;0.0584895;0.063166;0.0686877;0.0875679;0.13236;0.113552;0.0578763;0.0694955;0.0784147;0.0356255;0.0111018;0.00726494;0.00492616;0.00445792;0.003517;0.0044987;0.00809235;0.00209114;0.000631371;0.000572901;0.000571919;0.00114531
1.34669e-06;3.26573e-05;0.00118879;0.00677824;0.0256703;0.104565;0.23407;0.342092;0.0382989;0.0182201;0.0159704;0.0167273;0.0188951;0.020365;0.0224723;0.022649;0.0215555;0.019521;0.0160267;0.0112863;0.00750815;0.00444173;0.00313241;0.0020766;0.00206515;0.00197459;0.0014009;0.0015359;0.00266207;0.00438685;0.00337784;0.00905179
0.000158807;0.0377148;0.0690813;0.056124;0.0812814;0.0748146;0.0769769;0.0645784;0.0525417;0.0471294;0.0422779;0.0386731;0.0360289;0.0339563;0.0350675;0.0343391;0.0346517;0.0345732;0.0302575;0.0262213;0.0186316;0.0122297;0.0081764;0.006235;0.00864079;0.00876271;0.0150703;0.0110788;0.00171037;0.00110582;0.000801799;0.00110893
2.18769e-07;2.40646e-06;6.56308e-06;8.66327e-05;0.00206015;0.00442702;0.00303827;0.00670856;0.00922638;0.0142349;0.0317043;0.0458659;0.0564053;0.0624842;0.0722652;0.0969949;0.114203;0.101765;0.0852511;0.0675345;0.0515237;0.033746;0.0188157;0.0105731;0.00912815;0.0148997;0.0277461;0.0343394;0.0168245;0.00729158;0.000471229;0.000376502
0.00141608;0.0277313;0.0488464;0.0677851;0.0643743;0.0408163;0.0385543;0.0360561;0.0339667;0.0353498;0.0351253;0.0375285;0.0404358;0.0441755;0.0434365;0.0385477;0.0342947;0.0315503;0.0295012;0.0266109;0.0236158;0.0213598;0.0211739;0.0237017;0.0317676;0.0311824;0.0276408;0.0198783;0.0129375;0.00783546;0.00636937;0.0164345
5.73917e-06;3.10544e-05;7.52381e-05;0.000235778;0.00465887;0.00768254;0.013542;0.0273261;0.0314765;0.0445784;0.068605;0.0834617;0.0851833;0.0834247;0.0870333;0.0850551;0.0811665;0.0712567;0.0555249;0.0434544;0.0329809;0.024778;0.017107;0.0113602;0.00823846;0.00633054;0.00521942;0.00416758;0.00348139;0.00319758;0.00320458;0.00615648
0.000221076;0.000148354;0.000209126;0.000599546;0.00286243;0.00228387;0.00431633;0.00862652;0.0159726;0.0274305;0.037661;0.0447657;0.051103;0.0574939;0.073808;0.0850212;0.0936379;0.0947316;0.081933;0.071942;0.0606883;0.0492869;0.0379771;0.0246156;0.0150933;0.010261;0.0115351;0.0148544;0.0103704;0.00263215;0.00238576;0.00553248
0;0.00246636;0.0018917;0.00170804;0.00202294;0.00265079;0.00280144;0.00424623;0.00721463;0.00977534;0.00852003;0.0134892;0.0150928;0.0203164;0.0311738;0.0475267;0.061622;0.0816204;0.0976187;0.102717;0.100637;0.0909601;0.0646347;0.0383535;0.0238501;0.0182814;0.015259;0.0118006;0.0130214;0.0643194;0.041273;0.00313536
0.00836409;0.0457486;0.0471187;0.0448312;0.0341539;0.0248083;0.0212176;0.0262835;0.0293323;0.0311135;0.0324768;0.0321884;0.0348498;0.0398804;0.045307;0.0499811;0.0530724;0.0514305;0.0498392;0.0465508;0.0433944;0.0377898;0.031195;0.0251108;0.0185235;0.0132155;0.00961287;0.00719739;0.015175;0.0436277;0.00517751;0.00143243
7.753e-05;0.000105973;0.00314983;0.0219814;0.131477;0.331489;0.121791;0.0123236;0.0153913;0.0219075;0.0263281;0.031312;0.0329058;0.0348303;0.0323355;0.0286554;0.0221323;0.0194867;0.0166346;0.0155234;0.0129494;0.0126952;0.00983622;0.00875447;0.00671529;0.0060923;0.00345949;0.00223186;0.00228461;0.00787825;0.00606982;0.00119506
3.89469e-07;8.95778e-06;4.16732e-05;0.000870463;0.00417238;0.0073668;0.00894298;0.012107;0.0199521;0.0456855;0.0785212;0.114121;0.105789;0.0881446;0.078002;0.0691774;0.0581722;0.0466587;0.0344964;0.0266774;0.0214301;0.0171826;0.0133385;0.0106056;0.0116369;0.0330036;0.050252;0.0290816;0.00686906;0.00286298;0.00218414;0.00264488
0.0308806;0.0286781;0.00774614;0.0133191;0.00910812;0.00916809;0.0209628;0.0394181;0.0527158;0.0618878;0.0707158;0.0629798;0.0594836;0.0672893;0.0704958;0.0558031;0.0490415;0.050243;0.0491708;0.0388121;0.0285418;0.0219633;0.0158728;0.0107505;0.00646713;0.0039165;0.00262736;0.00295685;0.00926507;0.0464901;0.00292919;0.000299891
5.97502e-06;7.23292e-05;0.00290135;0.0118029;0.0124799;0.0251838;0.0382986;0.0460482;0.0592719;0.0539758;0.0536802;0.0591996;0.0614968;0.0565593;0.0517038;0.0500348;0.0473027;0.0480156;0.0529255;0.0442627;0.0393635;0.0423343;0.0532692;0.0380958;0.010216;0.00724833;0.0171675;0.0132825;0.00234158;0.000815433;0.000450643;0.000193402
1.1702e-06;0.00195306;0.0065539;0.00793279;0.00608348;0.014539;0.0285775;0.0378622;0.0465966;0.0513605;0.055141;0.0586333;0.0641792;0.0714165;0.0739087;0.0783309;0.076849;0.0669085;0.0543968;0.0489698;0.0444828;0.0328549;0.0190657;0.0122598;0.0110128;0.00892473;0.0129003;0.00647706;0.000871799;0.000394748;0.000278118;0.000283579
9.18831e-06;7.11e-05;0.000756723;0.0152861;0.0326883;0.0558166;0.0692547;0.0711434;0.0655735;0.0556333;0.0501323;0.046832;0.0464456;0.0479496;0.0510435;0.050196;0.0518109;0.048021;0.0469302;0.0430133;0.0369935;0.0281985;0.0201053;0.0107792;0.00631806;0.00498969;0.00839265;0.00808528;0.00922857;0.00751188;0.00618614;0.004604
0;0.00441863;0.0419444;0.0466429;0.0864397;0.0658473;0.0623508;0.0488744;0.0254125;0.017386;0.0151045;0.0149406;0.0182208;0.0209244;0.0245556;0.0280179;0.0313206;0.0379955;0.0428964;0.0415033;0.0408657;0.04454;0.0502671;0.0551567;0.0444297;0.0287987;0.0171247;0.00996094;0.00587196;0.00447299;0.00463451;0.0190805
1.57237e-06;3.7737e-06;9.27701e-06;0.00156656;0.0102143;0.0118257;0.0174615;0.030924;0.0473514;0.0522471;0.0598792;0.0673365;0.0710438;0.0707738;0.0768239;0.0742692;0.0576328;0.0493874;0.0451326;0.0389248;0.0326559;0.0282067;0.0266245;0.0208628;0.0203225;0.0238897;0.0325643;0.0183539;0.00865553;0.0020345;0.00152623;0.00149438
0.000433032;0.0416802;0.0352259;0.0667835;0.1059;0.0427025;0.0153093;0.0178317;0.0234362;0.0271842;0.0343617;0.0364146;0.0405072;0.0427415;0.0429302;0.0367577;0.0325645;0.0332019;0.0362351;0.0365451;0.0346646;0.031811;0.02652;0.0222202;0.0175364;0.0118349;0.00810339;0.00674926;0.00984495;0.0122592;0.0679109;0.00179911
0;0;3.8828e-07;1.9414e-06;8.93044e-06;0.000118037;0.00303053;0.0222364;0.0329778;0.0337905;0.0523037;0.0728134;0.0859179;0.0675452;0.0534068;0.0433406;0.0363997;0.039775;0.0481786;0.049246;0.0457289;0.0385888;0.0285242;0.022926;0.0217367;0.0202352;0.0183462;0.0203307;0.0353747;0.0404976;0.0494083;0.0172113
7.86187e-08;2.5158e-06;1.63527e-05;4.15107e-05;0.000121466;0.00215887;0.0081302;0.00960469;0.0154198;0.0265514;0.0502628;0.0803901;0.0993719;0.089986;0.0898673;0.0942979;0.0856824;0.0710229;0.0536666;0.0357324;0.0230245;0.0173999;0.0136535;0.00990219;0.00674682;0.00535944;0.00479503;0.0101101;0.0430563;0.0390686;0.0112616;0.00329491
0.00946549;0.0137226;0.0334896;0.0571168;0.0265584;0.0132233;0.0149267;0.0162643;0.0217643;0.0279554;0.031062;0.0407407;0.052775;0.0584975;0.0703482;0.0771839;0.0765079;0.0701921;0.058852;0.0468778;0.0439638;0.04474;0.0304582;0.0191181;0.0164425;0.0107853;0.0061488;0.0100413;0.000620472;9.47404e-05;3.49452e-05;2.79562e-05
0;0.000130205;0.0067903;0.0337781;0.0541008;0.0669435;0.0561242;0.0524337;0.0467308;0.0446298;0.0472403;0.0528808;0.0497648;0.0447099;0.0447384;0.0471843;0.0487914;0.0506467;0.0463372;0.0409669;0.0341495;0.0269426;0.0211708;0.0171011;0.0143849;0.0137821;0.0111809;0.00683846;0.00486278;0.00884214;0.00480284;0.00102002
0.0674457;0.139179;0.142419;0.0823814;0.0306632;0.0305931;0.0292254;0.0284461;0.0278581;0.0261929;0.0251825;0.0262835;0.0253266;0.0269269;0.0289754;0.0320849;0.0325346;0.0316516;0.0292028;0.026486;0.0224412;0.0161646;0.0114419;0.00939399;0.0101896;0.00827258;0.00717349;0.00570552;0.00647441;0.00715902;0.00357243;0.00295229
2.5158e-06;1.79251e-05;0.00010472;0.00247397;0.00793986;0.0109544;0.00730242;0.0120239;0.0142089;0.0176688;0.0212598;0.0236057;0.0293308;0.0395131;0.0504704;0.0579014;0.060582;0.0644799;0.0728711;0.0825188;0.0790071;0.0694052;0.063668;0.0486203;0.0313041;0.020766;0.0147225;0.0112208;0.00953739;0.0116066;0.0266282;0.0382832
0;3.5106e-06;0.000664284;0.00314979;0.00262398;0.00833846;0.0053014;0.0195154;0.054536;0.0847397;0.0864953;0.08988;0.103546;0.0868846;0.0709563;0.0677675;0.0427716;0.0335067;0.0314991;0.0302727;0.017372;0.0190672;0.0218032;0.0212348;0.0179696;0.0200783;0.014782;0.0123511;0.013877;0.0149875;0.00231934;0.00170615
0;0;2.71796e-06;9.707e-06;0.000639497;0.00565219;0.0100367;0.0144029;0.0203047;0.0352873;0.0573521;0.0771315;0.0938504;0.107891;0.116941;0.106696;0.0756754;0.0598635;0.0517772;0.0340755;0.0219561;0.0128206;0.00984873;0.0089087;0.0112096;0.00538079;0.00467722;0.0118736;0.0137319;0.0196753;0.00961925;0.00270981
0.0161848;0.0874756;0.153365;0.131354;0.0854089;0.0562281;0.0400113;0.0291248;0.0209484;0.0152539;0.0114101;0.00874303;0.00720682;0.0068109;0.00747507;0.00825371;0.00980281;0.0124299;0.0153014;0.0174251;0.0212274;0.0257225;0.0309141;0.0343671;0.0356982;0.0345042;0.0263385;0.0168816;0.00846315;0.00513097;0.00566967;0.0148684
9.74583e-05;0.0124603;0.0743211;0.0358484;0.0183365;0.00608319;0.00620045;0.00681315;0.00729462;0.00863186;0.0112217;0.0140495;0.0191795;0.0253372;0.0338914;0.0600079;0.0738944;0.075425;0.0869522;0.0926968;0.0822436;0.0667989;0.0489338;0.0311591;0.0169267;0.0135071;0.00636042;0.0180779;0.0380705;0.00892811;0.000186763;6.44545e-05
0;0.00201264;0.0347177;0.107204;0.147193;0.12439;0.0465612;0.0187512;0.0122806;0.0130878;0.0162631;0.0202352;0.028154;0.0329793;0.0351265;0.0368455;0.0369782;0.0389996;0.039304;0.0389638;0.0348762;0.0299493;0.0218582;0.013647;0.00744079;0.0039649;0.0029611;0.00531903;0.0180235;0.0278996;0.003285;0.000728324
0;0.00178213;0.0112719;0.0151448;0.0272367;0.0237291;0.0243436;0.0279347;0.0303828;0.0393597;0.0487368;0.0631193;0.077356;0.0732712;0.0802137;0.0895336;0.0857746;0.0688587;0.0524583;0.0442738;0.0303156;0.0155448;0.00929376;0.00641427;0.00816117;0.0206657;0.0115044;0.00600333;0.00442435;0.000587046;0.000564325;0.00173983
0;0;0;1.16484e-06;5.8242e-06;7.7656e-05;0.00210953;0.00655728;0.0186324;0.0337679;0.0408079;0.0495154;0.0640744;0.0750914;0.0780552;0.0802004;0.0947749;0.113546;0.0938217;0.0596247;0.0334061;0.0225602;0.0112718;0.00712533;0.003757;0.0169053;0.0576639;0.0326711;0.00391697;2.9121e-05;1.9414e-05;9.707e-06
3.8828e-06;3.02859e-05;0.000173561;0.00119668;0.00503677;0.00946239;0.0177328;0.0288543;0.0394683;0.0493186;0.0651286;0.0804528;0.0932466;0.0928312;0.084138;0.0746007;0.059613;0.0477926;0.0376845;0.0305914;0.026094;0.0230961;0.0211714;0.0201416;0.0177654;0.0291272;0.0206289;0.0118033;0.00663027;0.00361528;0.000971865;0.00159777
4.77585e-05;0.00109534;0.00542854;0.0164495;0.0261685;0.0214206;0.0138212;0.00886599;0.00895219;0.012722;0.0173018;0.0230138;0.0276401;0.0345725;0.0420585;0.0469136;0.0526811;0.060077;0.0663225;0.0656807;0.061139;0.0554452;0.0485991;0.0426825;0.0386875;0.0351164;0.0349176;0.035238;0.0268538;0.0149822;0.0144398;0.0406657
0.0176114;0.138261;0.017285;0.0138639;0.0183942;0.0192444;0.0241646;0.0303832;0.0383553;0.0484924;0.0514776;0.0453443;0.0368099;0.0393157;0.0382676;0.0375923;0.0375845;0.0446471;0.0368488;0.036582;0.0386341;0.037546;0.0278346;0.0200608;0.0138931;0.0133962;0.0141311;0.0169773;0.0110668;0.00879148;0.0186587;0.00848419
0.00110932;0.0763405;0.0559197;0.0532573;0.0397145;0.0277038;0.0184802;0.015961;0.0188762;0.0218621;0.023324;0.025277;0.0316491;0.0439603;0.0488635;0.0532511;0.0588178;0.0602782;0.0610924;0.0580017;0.0541484;0.0438947;0.0288939;0.0179211;0.0113696;0.00740916;0.00556638;0.00817912;0.0102347;0.0132928;0.00333067;0.00201983
1.28132e-05;9.31872e-05;0.000544757;0.00203459;0.00535982;0.0141544;0.0291664;0.039099;0.0491299;0.0552356;0.0634737;0.076372;0.0756319;0.0705858;0.0628428;0.0670703;0.0674303;0.059985;0.0508395;0.0414598;0.0386812;0.0358942;0.0246484;0.0166308;0.0172482;0.0142697;0.0108563;0.00608319;0.00302043;0.00100953;0.000579314;0.000557182
1.57237e-07;2.35856e-06;7.62602e-06;0.000191122;0.00251997;0.00502232;0.00476249;0.00586331;0.00813389;0.0201998;0.0348639;0.0442403;0.0574371;0.0785701;0.0952654;0.115135;0.128701;0.120101;0.0850714;0.052788;0.0298341;0.0149215;0.00889649;0.0121395;0.0307771;0.0245544;0.014265;0.00475242;0.000458033;0.000231454;0.000169423;0.000123903
0;0.000720794;0.00871439;0.0222979;0.0461244;0.0594117;0.0529531;0.0461318;0.0465848;0.0441114;0.0418798;0.0496793;0.052987;0.0521581;0.0448376;0.0433194;0.0450027;0.0495358;0.0495235;0.0448224;0.0401065;0.0335226;0.0258798;0.0182641;0.0165817;0.0142763;0.0122845;0.0114978;0.00775333;0.00498021;0.00704433;0.00701288
0.00226872;0.00859575;0.0215278;0.0672101;0.094128;0.0995946;0.0798257;0.0769202;0.0751617;0.0765421;0.0704709;0.0474525;0.0334263;0.0303468;0.0254622;0.0239336;0.0222411;0.0206208;0.0198524;0.0171713;0.0138779;0.0103892;0.00784986;0.00652388;0.01051;0.0153561;0.0156248;0.0049032;0.000882173;0.000592127;0.000406141;0.00033198
2.58656e-05;0.00091465;0.00535732;0.0178606;0.0353363;0.0589478;0.0551917;0.0549161;0.076987;0.0718257;0.0527778;0.0467862;0.0493055;0.0598085;0.0716251;0.0883548;0.0795102;0.0547217;0.0323046;0.0233908;0.013811;0.00712341;0.00558665;0.00545708;0.00433543;0.00526345;0.00643133;0.00942466;0.00273389;0.000942796;0.00132708;0.00161514
5.25733e-05;0.00648617;0.0692498;0.10958;0.0778792;0.0451187;0.0359026;0.0377555;0.0536237;0.0666806;0.0814429;0.0843447;0.063564;0.0496621;0.0405261;0.0305284;0.0224237;0.0192507;0.0168195;0.0148655;0.0118079;0.0106753;0.00868245;0.00589754;0.011544;0.014521;0.00548727;0.00173885;0.00125046;0.000950249;0.00075961;0.000928631
0.000921483;0.00503466;0.000500078;0.0012241;0.00121865;0.00305227;0.00443293;0.00809978;0.0116295;0.0170981;0.0259199;0.0350327;0.0541595;0.0644602;0.0598613;0.0666159;0.0777173;0.0802905;0.0823528;0.0703875;0.0606987;0.0504962;0.0392398;0.0332789;0.0264644;0.0177641;0.0209316;0.03525;0.0348446;0.00690294;0.00219544;0.00192398
0;0;4.65936e-06;5.16413e-05;0.000238404;0.00108718;0.00395192;0.00760524;0.0125946;0.0198629;0.0286527;0.0481875;0.0851856;0.106114;0.0979658;0.0863908;0.0796332;0.067235;0.0589417;0.0490099;0.0394733;0.0314864;0.0246348;0.0169873;0.0113063;0.0176671;0.0210025;0.015664;0.025225;0.0413429;0.00235647;0.000140946
0.00603257;0.000824868;0.000995628;0.00276549;0.00465674;0.00466052;0.00411616;0.00499103;0.0068392;0.00908141;0.016358;0.0293119;0.0504965;0.115011;0.194967;0.144977;0.101757;0.0736415;0.0444708;0.0339495;0.0267115;0.0170345;0.0108799;0.012007;0.0186487;0.0342359;0.0304811;8.01911e-05;1.63527e-05;9.43425e-07;0;0
0.000287116;0.0308632;0.0755139;0.104275;0.0523296;0.0476197;0.0426557;0.0407364;0.0414843;0.0416708;0.0389087;0.0368857;0.0360351;0.037793;0.0408176;0.0443517;0.0445507;0.0423582;0.0379276;0.0285697;0.0198849;0.0157888;0.0121428;0.00791596;0.00582879;0.00433661;0.00398786;0.00623415;0.00681216;0.0102446;0.017648;0.0235416
0.176425;0.0131674;0.00556841;0.00566338;0.00581244;0.00677473;0.00808641;0.0100572;0.0115623;0.0140073;0.018182;0.0186808;0.0207013;0.0275977;0.0369999;0.0523182;0.0656903;0.0903037;0.0795794;0.0703833;0.0655586;0.0452174;0.0285704;0.0246737;0.0162341;0.0132498;0.00970187;0.00654768;0.0213821;0.0258272;0.00424698;0.00122897
1.16484e-05;0.0226977;0.0531711;0.0425132;0.0376729;0.0438834;0.0452603;0.0435887;0.0388509;0.0372671;0.0393961;0.0399816;0.0401121;0.0374582;0.0385749;0.037238;0.0282051;0.0256812;0.0246014;0.0231629;0.0225777;0.024582;0.0344688;0.0427217;0.0471166;0.0464457;0.0381982;0.0264314;0.0120627;0.0036708;0.00108253;0.00131355
4.95298e-06;0.000123431;0.013174;0.0266715;0.0104054;0.00949714;0.00897975;0.0114183;0.0141012;0.0228174;0.0281374;0.0410193;0.054306;0.0695428;0.0866795;0.116595;0.119735;0.0930977;0.065787;0.0500823;0.0360418;0.0157677;0.00800221;0.0164485;0.0231137;0.0339042;0.0199416;0.0044613;8.16849e-05;2.83027e-05;2.35856e-05;9.98458e-06
5.04764e-06;4.42639e-05;0.00260419;0.0350986;0.09833;0.111833;0.0946829;0.0641214;0.0513761;0.0448933;0.0407446;0.0368171;0.0331735;0.0305852;0.0305437;0.026238;0.0260431;0.0308811;0.0364416;0.0381512;0.033707;0.0233535;0.0162189;0.00968021;0.00934707;0.0116352;0.0081302;0.00573179;0.00759709;0.0115731;0.0170758;0.0133425
0.0112283;0.0802902;0.120169;0.105942;0.0762834;0.0645938;0.0573954;0.0507824;0.046425;0.0420981;0.0374514;0.0326227;0.0285163;0.0254957;0.0234271;0.0227799;0.0196622;0.0163926;0.014191;0.0125013;0.0105101;0.00860026;0.00730305;0.00616937;0.00550363;0.00501933;0.0046863;0.00479889;0.00561338;0.0074845;0.00873234;0.037331
0;9.707e-06;0.00446561;0.0108447;0.00797605;0.00550465;0.00463878;0.00427652;0.00396162;0.00365682;0.00390493;0.00553299;0.00715989;0.0109705;0.0171585;0.0262272;0.0420892;0.0658185;0.06051;0.055865;0.0712024;0.0748301;0.081321;0.0903233;0.0901691;0.0927003;0.0523347;0.0232646;0.0351452;0.0356849;0.0120375;0.000415848
0;5.34607e-06;0.000282398;0.00387559;0.0194022;0.0718563;0.1294;0.124904;0.0748004;0.0445542;0.0326488;0.0223192;0.0137646;0.0100349;0.00943456;0.0106777;0.0114503;0.0125793;0.0140702;0.0175493;0.0195066;0.0228762;0.028387;0.0346347;0.0387254;0.0422252;0.044846;0.0439793;0.0390056;0.0200591;0.0145816;0.0275644
1.63078e-05;0.00010833;0.000176279;0.00173095;0.0213158;0.0392411;0.320483;0.0775714;0.0121679;0.0145124;0.0155751;0.01728;0.0196823;0.0227893;0.0247602;0.025988;0.0239852;0.0258125;0.0299826;0.0323841;0.0329891;0.0401862;0.0590368;0.0497954;0.0325084;0.0159933;0.00725579;0.0036774;0.00602883;0.0176042;0.00685082;0.0025114
9.82678e-06;4.66772e-05;0.00524308;0.0254907;0.0569629;0.0837649;0.0980428;0.0816704;0.0708604;0.0627627;0.0526941;0.0511646;0.0463372;0.0428133;0.0400142;0.0398142;0.0442549;0.0410022;0.0299908;0.0174302;0.0150826;0.0171413;0.0149352;0.0164589;0.0189819;0.0111372;0.00882445;0.00549808;0.000500674;0.000394054;0.000298734;0.000376857
4.8348e-05;0.00022752;0.0180371;0.0142797;0.00844143;0.00959501;0.0161229;0.0257583;0.0330757;0.0392625;0.0451958;0.0512879;0.0511848;0.051427;0.0543075;0.0512458;0.058269;0.0622926;0.0533484;0.0525092;0.0541443;0.0614665;0.0494397;0.0429543;0.0275669;0.0163699;0.0123067;0.0056751;0.00623777;0.0112666;0.00983915;0.00681642
0;0;0;7.7656e-07;1.55312e-06;4.27108e-06;7.7656e-06;2.44616e-05;0.000115707;0.000371972;0.00133025;0.00391076;0.0118732;0.0272429;0.0410734;0.0547867;0.0596647;0.0582797;0.0581799;0.0512475;0.0512611;0.0580949;0.0643233;0.0613382;0.0541888;0.0483914;0.0432824;0.0389352;0.0340821;0.0305953;0.0302016;0.11719
8.17635e-06;0.000844365;0.00318752;0.00944714;0.0131944;0.0270508;0.0549391;0.0887615;0.105779;0.117469;0.106866;0.0986476;0.0897524;0.0661797;0.0433513;0.0290996;0.0212723;0.0164058;0.0129976;0.0108749;0.00994558;0.00774709;0.00598572;0.0145935;0.0204478;0.015231;0.00402528;0.00124375;0.00111513;0.00100192;0.000885247;0.00165036
1.55312e-06;1.00953e-05;0.000482244;0.00777764;0.0135751;0.00824241;0.00523868;0.00825639;0.0129344;0.0171608;0.0299069;0.0436295;0.0592131;0.0887197;0.121591;0.137066;0.125254;0.0842086;0.0583771;0.0425982;0.0328369;0.0242027;0.0168743;0.0096309;0.0062086;0.00458637;0.00709116;0.00562501;0.0050558;0.0185031;0.00312566;0.00201634
7.86187e-08;2.90889e-06;6.40743e-05;0.000582958;0.00625278;0.0217004;0.0281663;0.042813;0.0571045;0.062474;0.0759881;0.0760055;0.0838038;0.0728839;0.0682561;0.0640445;0.0633253;0.0592828;0.0505042;0.0401596;0.0262034;0.0159055;0.00998757;0.00674863;0.00906725;0.0278787;0.0188125;0.00692104;0.00174604;0.00092322;0.00093289;0.00145838
0;3.49452e-06;1.04836e-05;8.61982e-05;0.00547514;0.0216583;0.0453267;0.0622941;0.0609157;0.0527187;0.042578;0.038536;0.0434489;0.0535512;0.0621473;0.068031;0.0734665;0.074045;0.0703265;0.0539383;0.035954;0.0232339;0.014887;0.00955247;0.0158228;0.0266908;0.0163272;0.0193787;0.00930203;0.000178221;7.80443e-05;3.72749e-05
0.0145349;0.00281775;0.00379311;0.00658484;0.00628198;0.00634644;0.00749148;0.00956218;0.011716;0.0173115;0.0253912;0.0322187;0.0382701;0.0420123;0.0448091;0.0524069;0.057323;0.0610664;0.061172;0.0605818;0.0620266;0.062303;0.0599307;0.0441746;0.0341799;0.0275446;0.0221708;0.0175289;0.0140988;0.0181047;0.0210102;0.0552356
0.00279254;0.0515075;0.120228;0.151729;0.11434;0.0587936;0.0537897;0.0490119;0.0445023;0.0386782;0.0329922;0.0287735;0.0260099;0.0253756;0.0263888;0.0284836;0.0287053;0.0259156;0.0201258;0.01324;0.00968551;0.00702631;0.00491115;0.00293154;0.0020422;0.00176515;0.00136671;0.00131859;0.00486398;0.0056725;0.013135;0.00389855
0;1.41514e-06;0.0014333;0.00389092;0.0186807;0.0186804;0.0271508;0.0215231;0.0210567;0.0289583;0.048182;0.0712749;0.0899269;0.0926239;0.0981444;0.0973103;0.0834342;0.0648912;0.0442145;0.0285364;0.0183724;0.0157007;0.0243308;0.0121068;0.0215129;0.0328248;0.013746;0.000698292;0.00030449;0.000192773;0.000154407;0.000141278
6.68259e-05;7.86187e-05;0.00478096;0.0241146;0.0578851;0.0595613;0.0540774;0.0524954;0.045508;0.0406881;0.0441546;0.0509166;0.055131;0.0608945;0.0613667;0.05439;0.0475596;0.0387607;0.0288252;0.0202817;0.0138734;0.0102961;0.00981846;0.00963189;0.00889422;0.0090568;0.00956279;0.00924305;0.0253808;0.0523951;0.0256146;0.014696
1.78465e-05;0.00244111;0.0218568;0.020685;0.0304567;0.041461;0.0513484;0.0644111;0.0807634;0.08634;0.0844321;0.0710553;0.0585579;0.0490908;0.0448584;0.0452708;0.0416325;0.0357846;0.0261927;0.0169416;0.0108843;0.00828225;0.00727129;0.0114698;0.0184831;0.0088189;0.0100788;0.00839711;0.0380631;0.00257382;0.000870073;0.00120931
0.0113327;0.0167857;0.00136092;0.00390338;0.00650796;0.00698283;0.0114787;0.0185019;0.0243584;0.0351467;0.0524768;0.066915;0.0679273;0.0704332;0.0731217;0.0811622;0.0757651;0.0652194;0.0535788;0.0426223;0.031976;0.0253302;0.022203;0.0201055;0.0179933;0.013728;0.0105038;0.00821018;0.0148172;0.0448786;0.00249742;0.00217553
2.9121e-05;0.0081698;0.0016036;0.00111203;0.00220543;0.00377991;0.00619501;0.00732296;0.0113797;0.0185885;0.0233686;0.0257931;0.0300603;0.0382805;0.0536448;0.0605271;0.0794118;0.0762411;0.0600281;0.048285;0.0416609;0.044672;0.0458854;0.0439778;0.0461005;0.0459646;0.0449795;0.0330469;0.0261639;0.0234871;0.0336872;0.0143477
0;0;0;0.000108718;0.00311129;0.00515753;0.0120922;0.0279931;0.0432859;0.0682919;0.0854577;0.124641;0.163047;0.118238;0.0779896;0.0534083;0.0356208;0.0209419;0.0118352;0.0183171;0.0164394;0.00989493;0.0333385;0.0392633;0.0268764;0.00455103;4.46522e-05;2.32968e-05;1.74726e-05;8.15388e-06;3.8828e-06;2.32968e-06
1.25004e-05;2.42932e-05;0.000274065;0.00345655;0.00978276;0.0228276;0.0340397;0.0472576;0.0588285;0.0712761;0.0801199;0.0787889;0.0866786;0.0932067;0.0796936;0.0562125;0.0496504;0.0502808;0.0473583;0.0339881;0.0195371;0.0113782;0.00734857;0.00680626;0.0122188;0.00648597;0.00596661;0.00604374;0.00824254;0.00242547;0.00384571;0.00594358
7.86142e-06;0.00041469;0.000968429;0.00227637;0.00650434;0.0115283;0.0177594;0.0222596;0.0271249;0.0353361;0.0507303;0.0658679;0.0639168;0.0724818;0.102831;0.145591;0.142221;0.0774001;0.0429941;0.0289256;0.0217919;0.0170367;0.0126996;0.00707528;0.00373368;0.00237857;0.00208524;0.00272103;0.00479301;0.00787371;0.000458419;0.000213732
2.20132e-06;0.00132834;0.0137514;0.0161071;0.0208575;0.0251209;0.0393223;0.0585643;0.0838154;0.079525;0.0962322;0.0928871;0.0518459;0.040639;0.0384785;0.061883;0.0545268;0.043785;0.0504154;0.0203258;0.0196833;0.0273254;0.0408217;0.0175052;0.00393062;0.000980847;0.000129564;8.86819e-05;5.12594e-05;2.89317e-05;1.82395e-05;2.32711e-05
1.6696e-05;0.00560521;0.0353393;0.0496956;0.0468037;0.0444592;0.0320646;0.0349918;0.0389593;0.0413243;0.0439673;0.0514044;0.054414;0.0492669;0.0434753;0.0414279;0.0416427;0.0441032;0.0461292;0.0427807;0.038701;0.0312523;0.0238062;0.0179246;0.0133297;0.0101108;0.00752409;0.00763786;0.0160002;0.0175864;0.0248891;0.00336639
0.0105248;0.0047275;0.0290213;0.0886105;0.130774;0.0754306;0.0771652;0.0329472;0.0158061;0.0124019;0.0110406;0.0109522;0.0118472;0.013908;0.0169505;0.0198861;0.0229623;0.027204;0.0288326;0.029099;0.0318264;0.03627;0.0422356;0.0453995;0.0410861;0.0285351;0.020572;0.0166565;0.00872605;0.0110425;0.0256096;0.0219488
0.00178402;0.00147363;0.00775055;0.0300641;0.0639192;0.0816003;0.0778046;0.0750409;0.0703606;0.0647623;0.06186;0.0598213;0.0563567;0.0521261;0.0447139;0.0350401;0.0273741;0.0220016;0.0176898;0.013913;0.0103984;0.00784049;0.00614012;0.00523538;0.00673228;0.01409;0.0175348;0.0181408;0.018499;0.0134171;0.0110409;0.00547375
3.14475e-07;1.72961e-06;3.78156e-05;0.000110381;0.000239158;0.00221029;0.0118832;0.0294522;0.037687;0.0434762;0.0561493;0.0733478;0.0973158;0.0867238;0.0751936;0.0658992;0.0586783;0.0500492;0.0423104;0.0425109;0.0418914;0.0362782;0.0260234;0.0148415;0.0210983;0.0362259;0.0372977;0.00881984;0.00108549;0.000678873;0.00102621;0.00145649
0;2.01449e-05;0.00198403;0.0155071;0.0278196;0.0500915;0.0676697;0.0766901;0.0694385;0.0558417;0.0487924;0.0483767;0.0453211;0.0415009;0.0378503;0.0364878;0.0429686;0.049923;0.0523148;0.0503917;0.0454125;0.0360481;0.0213693;0.0116521;0.0116816;0.0107849;0.0108532;0.0100646;0.00605575;0.0112374;0.00397542;0.00187544
0;0.00010755;0.00212648;0.00381112;0.0130048;0.0558077;0.0669696;0.0876328;0.133672;0.0880193;0.049871;0.0421852;0.0380084;0.0383257;0.0322642;0.0440262;0.0742268;0.0657589;0.0516116;0.0246152;0.0223177;0.0233186;0.0102868;0.013291;0.0155467;0.00315607;1.50948e-05;7.5474e-06;6.2895e-06;2.83027e-06;3.7737e-06;3.45922e-06
1.31134e-06;0.000611083;0.00280298;0.339782;0.00826471;0.00609411;0.00836666;0.0120168;0.0180702;0.0256599;0.0327061;0.0350937;0.0323478;0.0320101;0.032634;0.0326949;0.0347039;0.0378531;0.0399709;0.0414491;0.0446343;0.0447183;0.0354369;0.0279263;0.0177017;0.00950195;0.00529223;0.00458411;0.00506701;0.0066734;0.0163422;0.00898824
0;0;4.08817e-06;0.000257555;0.00319444;0.00657032;0.0111484;0.0174876;0.0345152;0.0644413;0.104567;0.11941;0.110212;0.103929;0.100198;0.0959941;0.0825852;0.0401956;0.0147533;0.0108846;0.021895;0.0316852;0.0161297;0.00909084;0.00074845;7.17003e-05;1.94974e-05;5.66055e-06;4.40265e-06;1.57237e-06;6.2895e-07;3.14475e-07
8.64806e-07;4.00956e-06;3.1133e-05;0.000506305;0.00521918;0.0105517;0.00975462;0.0127465;0.0174127;0.0212937;0.0280261;0.0363973;0.0500064;0.0588284;0.0637989;0.0738683;0.0871812;0.0899001;0.105579;0.108123;0.0717074;0.0413501;0.0281721;0.0174177;0.0113296;0.00905664;0.0071977;0.00837997;0.0147181;0.00626237;0.002197;0.00298217
0.00605521;0.0119878;0.0159914;0.0167703;0.0195317;0.017309;0.0129998;0.0150303;0.0178402;0.0203531;0.0247143;0.028649;0.0334303;0.0380967;0.0435457;0.0482559;0.0525525;0.0550218;0.0551375;0.0547384;0.0530991;0.052745;0.0590892;0.0619632;0.0473266;0.0294289;0.0182817;0.0128205;0.00948299;0.0217186;0.0432799;0.00275354
1.13211e-05;0.0244904;0.0263571;0.00217365;0.00361552;0.00468316;0.0034152;0.00324475;0.00395892;0.0041583;0.00481838;0.00941255;0.00802037;0.0101402;0.0109585;0.0157612;0.0226387;0.0350344;0.0654155;0.0872945;0.109153;0.114523;0.0822443;0.074245;0.0594159;0.0525554;0.0456048;0.0294103;0.024419;0.0529271;0.00989149;7.5474e-06
0;9.33544e-06;3.58677e-05;0.00497677;0.0236933;0.0370037;0.050997;0.0639473;0.0693299;0.067649;0.0628393;0.0612302;0.0554923;0.050431;0.0574139;0.0433872;0.040109;0.0380124;0.0339795;0.0383863;0.0401959;0.0391322;0.0322422;0.0186345;0.0108139;0.00805354;0.00794151;0.0126078;0.0107382;0.00611275;0.00929024;0.00531383
0.00526568;0.0597729;0.0620718;0.0505602;0.0500748;0.0666826;0.0462296;0.050291;0.0365035;0.0346242;0.0354639;0.0388472;0.0433543;0.0487506;0.0479478;0.0429995;0.0419058;0.0379009;0.0331226;0.028479;0.0242805;0.0207183;0.0167512;0.0134018;0.0203611;0.0249227;0.0116388;0.0050657;0.00116447;0.000438766;0.000183269;0.000225525
2.94803e-06;3.0463e-05;0.00147942;0.0210603;0.064589;0.086201;0.0907641;0.0792594;0.0699023;0.0607752;0.0489536;0.04411;0.0399016;0.040164;0.0396569;0.0418783;0.0438427;0.0417844;0.0323419;0.0201179;0.0180297;0.0127861;0.00767619;0.00785602;0.0177644;0.0283306;0.021556;0.0174489;0.000567988;0.000403389;0.000345903;0.000419603
5.25959e-05;7.50023e-05;0.00275087;0.00539663;0.00942623;0.0244114;0.056735;0.0909455;0.106025;0.078323;0.0763029;0.0826627;0.0811841;0.0768297;0.0612525;0.0474133;0.0392526;0.0375463;0.0315286;0.022614;0.0165931;0.0111216;0.00493993;0.00639241;0.00953826;0.00639414;0.00413637;0.00229205;0.00135358;0.00118596;0.0017528;0.00357212
0;4.08817e-06;8.96253e-06;0.000624075;0.00145775;0.00460077;0.0164822;0.0139757;0.0139897;0.0402768;0.0783764;0.105579;0.105361;0.0974989;0.0965225;0.0875223;0.0730623;0.0576011;0.0430277;0.0310002;0.0166386;0.00853493;0.00455014;0.0297838;0.0460162;0.0223436;0.00466429;0.000126576;8.86819e-05;7.20934e-05;8.45151e-05;0.000124296
0;0.00322925;0.0109159;0.0309283;0.050385;0.0528549;0.0419657;0.0374903;0.0449523;0.0560852;0.0613821;0.0650679;0.0693099;0.0667034;0.0637105;0.0635733;0.0661968;0.0575232;0.0414028;0.0283068;0.0178781;0.010411;0.00604788;0.0092196;0.00994219;0.0195617;0.00875756;0.00171931;0.00121811;0.00102428;0.000894329;0.00134259
7.7656e-07;0.000389057;0.0321865;0.0363337;0.0167632;0.0126874;0.021242;0.0359179;0.0489885;0.0433969;0.0386463;0.0464177;0.0593296;0.0695654;0.0902316;0.0721894;0.0544773;0.0523817;0.0442569;0.0411965;0.040981;0.0279053;0.0166953;0.0152792;0.0112147;0.0116744;0.0166102;0.0280851;0.00930125;0.00560482;2.83445e-05;2.17437e-05
3.61101e-05;0.0191333;0.0681113;0.0589071;0.0433045;0.0674563;0.0581721;0.058376;0.0537003;0.0470429;0.0408525;0.0363636;0.0327254;0.0307405;0.0300824;0.0299286;0.0277349;0.0289009;0.0283573;0.0285514;0.0294763;0.0307797;0.0305627;0.025717;0.0186611;0.0129732;0.00964022;0.00876387;0.00896345;0.0268041;0.00554425;0.00363663
0;1.62142e-05;0.000430413;0.0139211;0.0343043;0.0589523;0.0745238;0.0795291;0.0710304;0.0604553;0.0550757;0.0518495;0.0469926;0.0461947;0.0473012;0.0473361;0.0423352;0.040021;0.0432182;0.0413668;0.0366976;0.027314;0.0151327;0.00905538;0.00745558;0.00999727;0.010808;0.00939243;0.00552265;0.00772287;0.00453555;0.00151185
0;1.57237e-06;0.000229881;0.00183276;0.00234252;0.00509261;0.00879681;0.0172084;0.0273411;0.0516179;0.0569461;0.0819075;0.144092;0.107906;0.0723236;0.0570388;0.0500786;0.0505616;0.0552309;0.0506845;0.0454011;0.0368602;0.026464;0.0187814;0.0194616;0.00945752;0.00191138;0.000271706;5.94358e-05;3.83659e-05;2.76738e-05;3.30199e-05
7.86187e-08;0.00106583;0.00824632;0.00320002;0.00159061;0.00206524;0.00707301;0.0123983;0.0226568;0.0233248;0.0327821;0.0579094;0.0931675;0.102;0.101095;0.094992;0.0859639;0.0936114;0.0863778;0.0694899;0.044298;0.0224936;0.0114603;0.010383;0.00580403;0.00110734;0.000887763;0.000868187;0.000736186;0.00062667;0.000594279;0.00173048
3.10624e-06;3.53335e-05;0.000517189;0.00781802;0.0248981;0.0500155;0.055109;0.0507859;0.0507552;0.0484333;0.046615;0.0525343;0.0567452;0.0834166;0.0864708;0.0411585;0.0386564;0.0547094;0.0703502;0.0529824;0.0358301;0.0205552;0.0115649;0.00381175;0.00234133;0.00258051;0.00294433;0.0064804;0.0254071;0.0113153;0.00329456;0.0018653
3.14475e-07;2.20132e-06;5.66841e-05;0.0036744;0.0227474;0.0392614;0.0497007;0.0463517;0.051603;0.0619571;0.0703923;0.0748733;0.0719448;0.0764922;0.0777957;0.0685529;0.0557192;0.0414264;0.0284987;0.0203105;0.0135437;0.0100792;0.0162087;0.0300377;0.0435302;0.0125366;0.0105697;0.000844601;0.000446476;0.000314003;0.000229724;0.000298201
0.000494905;0.00798664;0.00722828;0.00225699;0.00319404;0.00382205;0.00467105;0.00481508;0.00555276;0.00952199;0.0199572;0.0280828;0.0399996;0.0609107;0.0610534;0.0642735;0.0616295;0.0536459;0.0508301;0.048391;0.0549014;0.0523892;0.0642148;0.0693629;0.0442978;0.0303465;0.026008;0.0300724;0.0287356;0.0368094;0.0163856;0.00815874
3.14475e-07;0.000645538;0.00268868;0.00332573;0.00785543;0.0124262;0.0155155;0.0187588;0.0173646;0.0230645;0.0264566;0.0508788;0.0763279;0.0907461;0.0976074;0.105356;0.0997426;0.0825047;0.0617527;0.0480956;0.034638;0.0262673;0.0251965;0.0184495;0.0134197;0.0157883;0.022404;0.00180729;0.000291675;0.00021172;0.000181452;0.000230903
0;7.80133e-07;1.59927e-05;0.00029411;0.00161176;0.00279639;0.0066994;0.0126339;0.0219319;0.0393784;0.0547135;0.0554882;0.0705857;0.108821;0.140169;0.0688554;0.0556099;0.0540437;0.058173;0.0571257;0.0408876;0.0306378;0.028052;0.022437;0.0173201;0.0224097;0.00928203;0.0108891;0.00562671;0.00171785;0.00103017;0.00076219
0;3.8828e-07;9.707e-06;0.000825095;0.00797217;0.0183785;0.0204612;0.0264329;0.0257449;0.0293454;0.0324024;0.0417432;0.0557201;0.065268;0.0784105;0.0996063;0.095223;0.0820999;0.0681342;0.0533656;0.0447303;0.0304439;0.0188592;0.0131627;0.0112788;0.0184115;0.0300187;0.0116934;0.0121279;0.00605562;0.000987008;0.00108757
0;2.94803e-06;0.000671169;0.00370175;0.00638691;0.00366293;0.0089974;0.02638;0.0502433;0.0643187;0.0686238;0.100366;0.128793;0.118303;0.0949188;0.0737578;0.0608759;0.0422183;0.0238697;0.0123267;0.0073465;0.00465544;0.00353911;0.00301142;0.00490995;0.0147569;0.0571928;0.0154192;0.000321336;0.000198992;0.000124309;0.000105147
0;1.55665e-05;0.00210942;0.000598289;0.00343532;0.0154902;0.0369756;0.0540799;0.057352;0.0570255;0.0693532;0.0725781;0.0655708;0.0819049;0.101462;0.0932214;0.0661734;0.0540754;0.0395042;0.030512;0.0249091;0.0225904;0.0209311;0.0122629;0.00804238;0.00236438;0.00132779;0.000873375;0.00074161;0.000683118;0.001473;0.00236359
0;3.8828e-07;1.04836e-05;3.61101e-05;0.000196858;0.00180084;0.00524994;0.0168459;0.0150855;0.015544;0.0166533;0.0221654;0.0313928;0.0494995;0.0634345;0.072931;0.0807794;0.0836907;0.0827041;0.0796825;0.0693674;0.0556417;0.0407329;0.0289603;0.0206553;0.0157246;0.0159346;0.0240373;0.030739;0.0443521;0.0141874;0.00196431
0;3.29197e-05;0.00206068;0.016138;0.0281311;0.0463028;0.0671208;0.0764145;0.0669724;0.0532921;0.0466001;0.0401733;0.0387755;0.0396186;0.0377112;0.0392231;0.0447295;0.0524367;0.0571565;0.0542433;0.0473002;0.0370032;0.0221633;0.0128986;0.0122294;0.0119651;0.0109239;0.0114683;0.00644538;0.008963;0.00941405;0.00209212
3.8828e-07;6.096e-05;0.00153332;0.0152012;0.0276572;0.0311525;0.00807118;0.00436738;0.00531517;0.00567588;0.00636042;0.0080273;0.0124797;0.0176477;0.0226511;0.0267187;0.0275924;0.0308287;0.0322412;0.0323686;0.0341551;0.0382242;0.0441067;0.0479736;0.05151;0.0653114;0.0907927;0.0979887;0.0734475;0.0444033;0.0255085;0.0706274
0;5.04764e-06;0.00136286;0.00686557;0.00376243;0.0016102;0.00332717;0.006414;0.0113976;0.0277279;0.0455969;0.0595975;0.0641606;0.0777349;0.0786535;0.0930327;0.10222;0.0945454;0.0806303;0.0533594;0.0323783;0.0199009;0.0134481;0.00883959;0.00635149;0.00958547;0.0199382;0.0355164;0.0358464;0.00529964;0.000460889;0.000430603
0;6.21248e-06;0.00135044;0.0030977;0.00226406;0.00877591;0.0231776;0.036635;0.0420663;0.0495756;0.0826905;0.089923;0.0914357;0.0934155;0.109085;0.0947202;0.0662161;0.0446491;0.0309626;0.0234599;0.0154772;0.00975166;0.00692498;0.00600902;0.00547708;0.00613483;0.0181999;0.0294107;0.00803623;0.000866641;0.000138228;6.75607e-05
