0.860382;1;0.817129;0.119343;0.534875;0.435172;0.444516;0.420395;0.214608;0.521502;0.268426;0.446917;0.504116;0.279417;0.436362;0.0987518;0.353632;0.405672;0.308893;0.344793;0.155947;0.422625;0.233225;0.3501;0.0805549;0.0597131;0.321292;0.292279;0.251694;0.322431;0;0;0;0;0;0
0.890423;1;0.781049;0.324797;0.448516;0.742602;0.192666;0.669954;0.0879605;0.168734;0.33943;0.324582;0.174552;0.0491781;0.428598;0.00983745;0.119692;0.24934;0.272591;0.245331;0.0933312;0.270646;0.0308161;0.324835;0.0493969;0.117259;0.142218;0.204535;0.241073;0.235475;0;0;0;0;0;0
0.892722;1;0.734789;0.26445;0.31157;0.649796;0.156096;0.588121;0.0972365;0.364291;0.301697;0.50889;0.369023;0.0624441;0.537253;0.0763405;0.19976;0.267157;0.335348;0.323555;0.0481152;0.313964;0.074036;0.418693;0.139833;0.205171;0.200186;0.166114;0.284687;0.190693;0;0;0;0;0;0
0.877185;1;0.780362;0.138631;0.412243;0.399293;0.247615;0.336027;0.360757;0.400124;0.112267;0.540829;0.430099;0.161931;0.427573;0.219006;0.303361;0.346645;0.22333;0.571103;0.115409;0.392252;0.0474476;0.546509;0.147404;0.0369147;0.328376;0.0458251;0.40823;0.235585;0;0;0;0;0;0
0.925101;1;0.714632;0.359362;0.278059;0.662391;0.125169;0.499953;0.20029;0.357741;0.088547;0.516869;0.399455;0.382685;0.580205;0.325113;0.325079;0.670563;0.433978;0.600922;0.278374;0.70208;0.324632;0.611143;0.155631;0.303704;0.514171;0.491493;0.620501;0.654639;0;0;0;0;0;0
0.95789;1;0.746769;0.600031;0.393308;0.89049;0.138376;0.74847;0.305095;0.228849;0.501839;0.707002;0.269054;0.328629;0.567032;0.152696;0.186737;0.306264;0.289567;0.658157;0.0574429;0.310517;0.181774;0.577251;0.0824494;0.0789618;0.256149;0.228861;0.197535;0.512186;0;0;0;0;0;0
0.831382;1;0.860383;0.131953;0.592556;0.606099;0.322123;0.680823;0.238236;0.124139;0.581511;0.170348;0.0853854;0.459311;0.263063;0.110864;0.17928;0.343147;0.224119;0.123843;0.264458;0.197446;0.327875;0.227883;0.105239;0.300834;0.0252407;0.425307;0.141898;0.199632;0;0;0;0;0;0
0.901522;1;0.788089;0.381386;0.502134;0.781173;0.350018;0.69346;0.0201117;0.34849;0.406069;0.489722;0.308045;0.179832;0.535966;0.111789;0.193104;0.19841;0.305077;0.255008;0.130579;0.207031;0.0155422;0.358933;0.058731;0.193416;0.150445;0.179271;0.208647;0.182605;0;0;0;0;0;0
0.854305;1;0.848995;0.161066;0.591926;0.514487;0.42677;0.526567;0.122835;0.405652;0.390456;0.418294;0.360502;0.288056;0.447819;0.00943412;0.221894;0.295915;0.337354;0.262258;0.0386598;0.283071;0.228334;0.302924;0.0577824;0.11511;0.189926;0.205673;0.198336;0.2505;0;0;0;0;0;0
0.846691;1;0.795924;0.0926687;0.451559;0.529034;0.218757;0.521152;0.109606;0.266941;0.249666;0.236174;0.28815;0.0871292;0.33718;0.0556292;0.225058;0.293418;0.205481;0.146162;0.189433;0.316801;0.0612735;0.227521;0.0099574;0.223023;0.189508;0.246053;0.156381;0.131462;0;0;0;0;0;0
0.842592;1;0.82955;0.096738;0.534232;0.508002;0.29369;0.492735;0.126919;0.197479;0.275618;0.177032;0.128115;0.274668;0.265516;0.0529621;0.01205;0.403493;0.120751;0.169643;0.151226;0.378625;0.140157;0.220794;0.101558;0.260024;0.208064;0.343648;0.164515;0.215329;0;0;0;0;0;0
0.790261;1;0.836475;0.167112;0.469756;0.277593;0.106755;0.408373;0.113625;0.202337;0.311399;0.107995;0.260953;0.134328;0.216274;0.0637546;0.157539;0.113348;0.187134;0.0443009;0.0486427;0.152666;0.105886;0.110795;0.00373616;0.172154;0.107282;0.116422;0.113258;0.0615376;0;0;0;0;0;0
0.858238;1;0.781315;0.090977;0.397139;0.446898;0.156163;0.439125;0.126981;0.301213;0.221178;0.381652;0.315255;0.0524718;0.382449;0.0518502;0.167923;0.240073;0.234303;0.305146;0.061912;0.27517;0.120325;0.327233;0.001182;0.214727;0.171189;0.205237;0.199674;0.227116;0;0;0;0;0;0
0.995777;0.982695;0.649563;0.756757;0.240862;1;0.252667;0.752023;0.461758;0.420096;0.393455;0.949696;0.390957;0.29166;0.829246;0.118436;0.24573;0.422598;0.467232;0.73811;0.239533;0.434019;0.237463;0.801944;0.13561;0.343157;0.321139;0.34851;0.533056;0.436716;0;0;0;0;0;0
0.854802;1;0.861226;0.123938;0.632784;0.41296;0.513448;0.415362;0.258351;0.502962;0.334132;0.435257;0.433614;0.362379;0.377251;0.216254;0.260434;0.453502;0.230286;0.446912;0.055481;0.462682;0.150142;0.393866;0.0751254;0.132413;0.368186;0.215185;0.244573;0.362014;0;0;0;0;0;0
0.827335;1;0.791072;0.0151188;0.390846;0.419811;0.0143301;0.468907;0.0859491;0.262245;0.273904;0.209333;0.307176;0.0152663;0.29206;0.0498588;0.182146;0.199004;0.18694;0.156777;0.019791;0.247954;0.00144016;0.225009;0.0684858;0.163003;0.154339;0.153184;0.142318;0.101662;0;0;0;0;0;0
0.868944;1;0.784493;0.214908;0.418296;0.633053;0.115414;0.612021;0.0288869;0.228333;0.359453;0.37767;0.287165;0.0634174;0.462313;0.118456;0.208985;0.148199;0.299563;0.169185;0.0770292;0.205677;0.0687012;0.297892;0.0390631;0.10032;0.132548;0.160132;0.226743;0.109777;0;0;0;0;0;0
0.842059;1;0.810953;0.0776805;0.460603;0.481704;0.134501;0.492188;0.033579;0.155223;0.285509;0.270246;0.201735;0.114436;0.331029;0.0137242;0.125677;0.224037;0.192876;0.196503;0.0799221;0.255135;0.03104;0.257706;0.00346211;0.163705;0.166821;0.191802;0.175007;0.164361;0;0;0;0;0;0
0.853912;1;0.764727;0.0698533;0.336123;0.456647;0.0908614;0.470315;0.0433034;0.356564;0.253451;0.311094;0.398612;0.046558;0.347559;0.032783;0.257084;0.246029;0.206769;0.240744;0.090745;0.296557;0.0559706;0.274647;0.0323036;0.195713;0.198436;0.195998;0.165488;0.216231;0;0;0;0;0;0
0.858275;1;0.775453;0.10082;0.370917;0.474044;0.0301476;0.471862;0.0676615;0.277023;0.251213;0.336772;0.317944;0.0391731;0.357399;0.0416792;0.188676;0.22005;0.201476;0.25785;0.0156363;0.258142;0.0817415;0.287302;0.0581078;0.165642;0.159784;0.215766;0.171109;0.248555;0;0;0;0;0;0
0.890127;1;0.738862;0.298462;0.349915;0.774502;0.210198;0.742845;0.225719;0.349484;0.412832;0.206434;0.346382;0.105295;0.378302;0.0465206;0.218482;0.288204;0.265323;0.0785145;0.144652;0.339432;0.0191608;0.166152;0.210124;0.216371;0.220735;0.234085;0.147406;0.2863;0;0;0;0;0;0
0.850005;1;0.788091;0.104955;0.406831;0.527435;0.0384461;0.538938;0.0680725;0.201774;0.314746;0.264052;0.245745;0.0413747;0.341459;0.0577759;0.137816;0.167976;0.208661;0.147255;0.0452;0.213829;0.0291525;0.218096;0.0084339;0.166304;0.125803;0.171382;0.136968;0.138259;0;0;0;0;0;0
0.802486;0.820227;0.602014;0.652539;0.333426;1;0.133476;0.849128;0.0747902;0.111096;0.503872;0.429439;0.12745;0.188367;0.50056;0.015705;0.0977756;0.178475;0.297479;0.284161;0.0624269;0.259814;0.0351613;0.338947;0.100832;0.0581362;0.254067;0.203608;0.211912;0.394923;0;0;0;0;0;0
0.954877;1;0.78267;0.46901;0.560446;0.580613;0.597887;0.434119;0.764733;0.700891;0.30667;0.913111;0.647744;0.427667;0.721014;0.428338;0.448051;0.575591;0.491895;0.814739;0.237523;0.597386;0.359267;0.740711;0.191031;0.173843;0.530992;0.349627;0.63336;0.607162;0;0;0;0;0;0
0.870299;1;0.773532;0.150091;0.386612;0.498517;0.13933;0.466789;0.16305;0.288151;0.234816;0.455205;0.29985;0.0718691;0.451509;0.0493115;0.153202;0.239567;0.268909;0.368514;0.0692911;0.266515;0.0343687;0.398363;0.0914975;0.213984;0.156829;0.149885;0.245683;0.205615;0;0;0;0;0;0
0.856028;1;0.875628;0.250415;0.694313;0.686642;0.582954;0.690574;0.0933657;0.529083;0.528818;0.362403;0.446231;0.402396;0.471674;0.196009;0.311219;0.352097;0.331418;0.104636;0.176446;0.291816;0.186556;0.267182;0.0700602;0.123116;0.182934;0.189016;0.192466;0.0138025;0;0;0;0;0;0
0.844322;1;0.789116;0.036022;0.387647;0.396467;0.0339639;0.419845;0.150714;0.2931;0.265356;0.420453;0.350806;0.0608179;0.395306;0.0403312;0.234519;0.0904292;0.22298;0.287461;0.10144;0.131679;0.0814704;0.339596;0.149325;0.181955;0.084573;0.131084;0.179307;0.102731;0;0;0;0;0;0
0.909289;1;0.774816;0.407647;0.430167;0.800785;0.110697;0.720946;0.0711213;0.11485;0.391213;0.285123;0.22583;0.185756;0.376789;0.230529;0.276353;0.398852;0.249491;0.371451;0.306651;0.500111;0.100281;0.345561;0.237804;0.316885;0.446972;0.29798;0.31321;0.521554;0;0;0;0;0;0
0.812367;1;0.830126;0.0831861;0.487277;0.31337;0.218447;0.378686;0.0143465;0.253364;0.242936;0.201388;0.259819;0.150581;0.246515;0.0158603;0.136926;0.238524;0.135084;0.169645;0.0902811;0.245326;0.0718301;0.213046;0.00300219;0.211197;0.131311;0.196798;0.126649;0.124227;0;0;0;0;0;0
0.824474;1;0.877288;0.0153712;0.617107;0.357342;0.36831;0.436634;0.0955002;0.216243;0.451347;0.278498;0.132388;0.502071;0.241699;0.217487;0.182248;0.530166;0.0783693;0.423823;0.335682;0.454417;0.195478;0.401091;0.0247313;0.447427;0.271106;0.373284;0.266516;0.27729;0;0;0;0;0;0
0.858747;1;0.794936;0.133337;0.435181;0.513746;0.139753;0.501136;0.0380805;0.198882;0.267885;0.340372;0.217968;0.0122751;0.377996;0.00611725;0.11038;0.194946;0.203828;0.219996;0.102455;0.229886;0.0527634;0.303942;0.0208953;0.21458;0.139106;0.217732;0.215399;0.144324;0;0;0;0;0;0
0.841713;1;0.787991;0.0491438;0.391632;0.466005;0.0119819;0.500433;0.0470383;0.260602;0.296051;0.242416;0.315568;0.0218007;0.330936;0.0036564;0.203517;0.180589;0.234606;0.181929;0.0313151;0.236419;0.0930021;0.248995;0.0181793;0.138779;0.159642;0.155613;0.214088;0.158952;0;0;0;0;0;0
0.815832;1;0.919068;0.0666575;0.729098;0.472038;0.538618;0.544846;0.0318245;0.390008;0.466035;0.272433;0.252478;0.363582;0.35476;0.0103213;0.0971243;0.288285;0.281965;0.191828;0.0631442;0.209406;0.175514;0.254265;0.0203614;0.173035;0.0968171;0.133138;0.196589;0.143343;0;0;0;0;0;0
0.866229;1;0.757259;0.136841;0.339524;0.531923;0.173655;0.544916;0.0412236;0.391663;0.344489;0.356487;0.414004;0.149078;0.404455;0.0211095;0.251047;0.214759;0.257084;0.214863;0.0162151;0.246022;0.0490837;0.272392;0.00142262;0.173611;0.147892;0.133197;0.165087;0.157042;0;0;0;0;0;0
0.853144;1;0.862182;0.21403;0.60247;0.607601;0.336987;0.62048;0.0166688;0.158793;0.47529;0.381724;0.129403;0.307399;0.419826;0.0540415;0.168274;0.170049;0.269952;0.248423;0.20729;0.0504562;0.126163;0.322741;0.0793678;0.216555;0.0736335;0.130366;0.196342;0.141807;0;0;0;0;0;0
0.819838;1;0.812346;0.0881476;0.452585;0.280406;0.249665;0.334677;0.0814339;0.352499;0.201249;0.269963;0.34276;0.160402;0.291368;0.0636031;0.168693;0.276654;0.163981;0.231305;0.0683541;0.284855;0.0490114;0.254655;0.034358;0.243146;0.163541;0.191272;0.175625;0.204236;0;0;0;0;0;0
0.821207;1;0.788738;0.0649949;0.373413;0.357903;0.0582438;0.430812;0.0411477;0.308179;0.272347;0.216038;0.33856;0.0337985;0.274736;0.0584225;0.184416;0.162013;0.158959;0.129082;0.0761255;0.220836;0.0282115;0.198687;0.0394268;0.231311;0.149443;0.170509;0.116469;0.0776982;0;0;0;0;0;0
0.863035;1;0.892219;0.258726;0.696349;0.579375;0.501102;0.548353;0.179787;0.337879;0.438503;0.499276;0.185833;0.387637;0.450024;0.048235;0.0341802;0.367051;0.240527;0.410115;0.138316;0.303807;0.15965;0.44962;0.0889945;0.250309;0.193138;0.243946;0.265805;0.227604;0;0;0;0;0;0
0.866078;1;0.833639;0.216691;0.550874;0.568968;0.302583;0.539649;0.118776;0.174809;0.39373;0.465843;0.0941165;0.332267;0.45024;0.0247171;0.104227;0.336083;0.226452;0.336434;0.257874;0.279861;0.133534;0.437893;0.148007;0.372647;0.153518;0.25919;0.285946;0.0890501;0;0;0;0;0;0
0.968934;1;0.815535;0.706341;0.603158;0.942818;0.44618;0.712566;0.23806;0.37082;0.428806;0.559505;0.360242;0.295203;0.357875;0.47027;0.377842;0.191799;0.152051;0.816602;0.393312;0.0636433;0.616543;0.816369;0.203206;0.391475;0.219239;0.816655;0.603593;0.686433;0;0;0;0;0;0
0.826826;1;0.811924;0.00393498;0.44333;0.420946;0.131425;0.502278;0.0865435;0.232853;0.3574;0.159147;0.272071;0.178821;0.263858;0.0119695;0.163581;0.186032;0.2217;0.111547;0.0571672;0.202511;0.146672;0.152736;0.0688005;0.163077;0.117639;0.162533;0.11739;0.10732;0;0;0;0;0;0
0.898031;1;0.807086;0.37508;0.534203;0.746208;0.368401;0.676274;0.114161;0.346769;0.446055;0.553745;0.298634;0.254026;0.557561;0.0804269;0.164521;0.191273;0.321442;0.331204;0.0506553;0.147103;0.0611113;0.419221;0.103739;0.161731;0.0510262;0.124123;0.247862;0.203534;0;0;0;0;0;0
0.863825;1;0.872875;0.257629;0.660698;0.627001;0.466482;0.585547;0.0558584;0.321029;0.390307;0.424823;0.192167;0.247237;0.445569;0.0397539;0.0608065;0.22262;0.2403;0.25499;0.112326;0.195133;0.0363331;0.327767;0.00137409;0.218688;0.121171;0.192925;0.20229;0.220271;0;0;0;0;0;0
0.814214;1;0.818115;0.0787579;0.440503;0.325682;0.0729475;0.402024;0.0297385;0.229927;0.255154;0.173366;0.297163;0.0372995;0.227388;0.0597357;0.202493;0.158661;0.146261;0.196647;0.0577061;0.20584;0.0217045;0.206816;0.0205965;0.127381;0.128875;0.130784;0.118804;0.17016;0;0;0;0;0;0
0.82818;1;0.869815;0.0738782;0.615751;0.473036;0.369861;0.479136;0.0847852;0.21105;0.332587;0.231216;0.153364;0.284742;0.269033;0.0136732;0.174642;0.318439;0.0752931;0.221908;0.230667;0.277822;0.19306;0.312175;0.000671564;0.263697;0.168841;0.372714;0.243988;0.185133;0;0;0;0;0;0
0.880287;1;0.761382;0.212789;0.359332;0.587636;0.0283593;0.548154;0.066275;0.261112;0.284709;0.389901;0.297056;0.0953442;0.423506;0.0485855;0.175902;0.27181;0.266532;0.315461;0.0428536;0.308429;0.112389;0.352492;0.00855483;0.160648;0.19685;0.206689;0.223447;0.248552;0;0;0;0;0;0
0.856155;1;0.775389;0.0992261;0.370215;0.487647;0.0273129;0.496149;0.0362826;0.272877;0.27605;0.323306;0.31324;0.0507832;0.374833;0.0142482;0.200279;0.230469;0.248831;0.218076;0.116233;0.280465;0.055449;0.248183;0.0538903;0.192232;0.18371;0.105749;0.141918;0.222437;0;0;0;0;0;0
0.817226;1;0.821522;0.0273875;0.466571;0.4168;0.116518;0.469187;0.155161;0.154021;0.277085;0.1434;0.231443;0.149417;0.267371;0.0107679;0.191429;0.296457;0.205411;0.171683;0.134963;0.334415;0.0442474;0.220941;0.0756012;0.137175;0.226126;0.136467;0.164149;0.0949644;0;0;0;0;0;0
0.849137;1;0.885016;0.215396;0.651976;0.599789;0.389487;0.611423;0.0303747;0.165173;0.480538;0.296431;0.130895;0.360735;0.337917;0.0392056;0.231204;0.273828;0.200536;0.24366;0.279196;0.166223;0.16891;0.290517;0.0852118;0.258066;0.0346327;0.267159;0.182715;0.267897;0;0;0;0;0;0
0.828981;1;0.906205;0.0385959;0.738254;0.365685;0.620038;0.324309;0.122101;0.551645;0.179855;0.328506;0.465857;0.331412;0.404122;0.262212;0.344413;0.478284;0.360801;0.520539;0.227686;0.473771;0.27064;0.468578;0.166003;0.16382;0.343827;0.235725;0.25693;0.17274;0;0;0;0;0;0
0.862695;1;0.837182;0.228899;0.579554;0.635919;0.389183;0.595911;0.0702455;0.314579;0.336591;0.301743;0.253575;0.147895;0.372764;0.0467386;0.156487;0.253175;0.190089;0.164915;0.107894;0.296625;0.110548;0.257232;0.0968958;0.166193;0.235319;0.304471;0.177827;0.224282;0;0;0;0;0;0
0.841705;1;0.810245;0.0359786;0.441164;0.381106;0.0959848;0.407623;0.167448;0.210207;0.256487;0.4163;0.253059;0.0606707;0.405029;0.0347335;0.129774;0.139572;0.23848;0.219969;0.0702715;0.202027;0.04857;0.274381;0.0178916;0.229395;0.155201;0.0795643;0.157709;0.139832;0;0;0;0;0;0
0.874358;1;0.842874;0.26504;0.608047;0.622961;0.462152;0.58225;0.100738;0.420737;0.389803;0.457915;0.353522;0.268189;0.482531;0.0201646;0.211234;0.274436;0.293513;0.270574;0.0382896;0.249245;0.0758358;0.34452;0.0147589;0.0998574;0.148787;0.130954;0.230924;0.154618;0;0;0;0;0;0
0.883361;1;0.793848;0.266473;0.486404;0.642041;0.294075;0.542162;0.0144518;0.30536;0.195082;0.375354;0.31467;0.187225;0.422774;0.0660765;0.251141;0.431484;0.247122;0.358475;0.157059;0.484043;0.0543398;0.406013;0.0563489;0.0939872;0.387573;0.209901;0.274584;0.20773;0;0;0;0;0;0
0.839392;1;0.816332;0.0902833;0.479868;0.530592;0.154477;0.557332;0.146358;0.0513338;0.358796;0.185835;0.111347;0.182524;0.295649;0.0540592;0.106472;0.188818;0.214521;0.108962;0.167952;0.150793;0.201453;0.18598;0.0630454;0.226903;0.00775667;0.293624;0.106806;0.128187;0;0;0;0;0;0
0.91564;1;0.807734;0.456786;0.553659;0.781438;0.362819;0.584567;0.215626;0.26447;0.239102;0.752844;0.187404;0.193966;0.717857;0.222002;0.101627;0.331479;0.348653;0.373355;0.114441;0.343624;0.0602311;0.595063;0.33223;0.183913;0.262435;0.277855;0.394006;0.0148204;0;0;0;0;0;0
0.841583;1;0.791606;0.0674745;0.410795;0.495228;0.0779887;0.509849;0.0633302;0.228242;0.285334;0.283069;0.274627;0.0252103;0.3673;0.092197;0.169528;0.204884;0.23866;0.16541;0.0436686;0.251807;0.0420767;0.265571;0.0959325;0.148668;0.160379;0.149017;0.184192;0.0755758;0;0;0;0;0;0
0.868862;1;0.862466;0.245814;0.631554;0.567529;0.42809;0.53816;0.189076;0.294381;0.455999;0.502764;0.172324;0.441976;0.417881;0.0916422;0.0851256;0.438059;0.180442;0.494521;0.217607;0.370556;0.182619;0.502732;0.155084;0.33864;0.232593;0.304609;0.267713;0.278277;0;0;0;0;0;0
0.849161;1;0.810103;0.129493;0.474891;0.553375;0.178753;0.540958;0.100427;0.160036;0.292594;0.256672;0.199671;0.123082;0.35619;0.0678717;0.143555;0.261837;0.214016;0.134461;0.0857951;0.289729;0.0297993;0.236226;0.00212845;0.129779;0.188172;0.217273;0.177471;0.104098;0;0;0;0;0;0
0.872014;1;0.871056;0.265973;0.667766;0.567616;0.530728;0.505561;0.269811;0.487843;0.346593;0.612105;0.439191;0.298509;0.575392;0.00109569;0.327379;0.363628;0.37078;0.409461;0.176192;0.391584;0.189547;0.468607;0.0906837;0.0590898;0.343941;0.166327;0.312376;0.277448;0;0;0;0;0;0
0.91817;1;0.784677;0.440489;0.482512;0.775;0.299507;0.6702;0.209373;0.301953;0.406076;0.639211;0.277192;0.200162;0.616328;0.0299431;0.182379;0.20093;0.366288;0.40825;0.168843;0.208903;0.175095;0.501345;0.0601829;0.247828;0.154855;0.24127;0.313932;0.263161;0;0;0;0;0;0
0.831439;1;0.882729;0.0791227;0.64142;0.453161;0.408676;0.552149;0.0373345;0.257783;0.566138;0.231081;0.172963;0.554402;0.218369;0.202506;0.167707;0.49456;0.0215415;0.276397;0.251649;0.372865;0.30881;0.317191;0.272997;0.317018;0.210737;0.482088;0.269214;0.443409;0;0;0;0;0;0
0.926596;1;0.746308;0.393774;0.421069;0.689128;0.415325;0.614215;0.295605;0.563093;0.406525;0.57472;0.555203;0.340356;0.509894;0.269461;0.414313;0.442987;0.322144;0.594573;0.319024;0.461241;0.208868;0.529306;0.108595;0.361413;0.357257;0.277637;0.319611;0.534872;0;0;0;0;0;0
0.915504;1;0.834361;0.420665;0.588364;0.637957;0.373757;0.481982;0.472679;0.235807;0.273412;0.798279;0.124138;0.225672;0.623448;0.0747473;0.0876357;0.261953;0.279196;0.576966;0.231392;0.227805;0.185587;0.611493;0.0471604;0.350832;0.137423;0.324067;0.352527;0.402874;0;0;0;0;0;0
0.920751;1;0.777725;0.531317;0.477407;0.980513;0.221579;0.842915;0.14111;0.0618418;0.4881;0.49707;0.0828577;0.268336;0.641942;0.340227;0.174473;0.283719;0.382628;0.015708;0.256309;0.245202;0.0818262;0.261159;0.0249731;0.296364;0.111168;0.317261;0.232532;0.0603587;0;0;0;0;0;0
0.894717;1;0.70964;0.262882;0.262255;0.704704;0.237868;0.677793;0.098652;0.444509;0.365509;0.287521;0.418123;0.0635562;0.410978;0.0161682;0.210207;0.306744;0.298181;0.210402;0.0734285;0.36776;0.0642786;0.26781;0.0640698;0.242623;0.238654;0.144868;0.190098;0.206588;0;0;0;0;0;0
0.859294;1;0.779243;0.120758;0.382993;0.500933;0.0666084;0.501799;0.065724;0.274475;0.287095;0.363548;0.318098;0.0369838;0.392585;0.00667752;0.195439;0.186927;0.235191;0.264147;0.0247375;0.235951;0.0253207;0.320207;0.022716;0.151554;0.150207;0.148886;0.202856;0.179036;0;0;0;0;0;0
0.827847;1;0.811268;0.0329118;0.435539;0.342528;0.115626;0.386563;0.0282256;0.262937;0.211428;0.210547;0.32571;0.098184;0.249324;0.148915;0.233069;0.267388;0.163819;0.2934;0.107852;0.309507;0.0262972;0.270537;0.00624233;0.161899;0.208353;0.114814;0.134465;0.168191;0;0;0;0;0;0
0.826722;1;0.872095;0.126926;0.616272;0.611364;0.362772;0.687535;0.280405;0.235043;0.548913;0.0852728;0.274712;0.371133;0.274201;0.0953759;0.339733;0.239131;0.32181;0.0861304;0.361591;0.144561;0.360139;0.0875398;0.1442;0.328572;0.135166;0.390179;0.0283716;0.16761;0;0;0;0;0;0
0.854493;1;0.808194;0.147516;0.476869;0.569064;0.257764;0.585835;0.11824;0.324196;0.348294;0.178099;0.373924;0.0537742;0.300059;0.0307216;0.315833;0.20413;0.220395;0.0881887;0.200181;0.289024;0.0395615;0.144794;0.217754;0.0945125;0.244037;0.141501;0.213239;0.251607;0;0;0;0;0;0
0.870811;1;0.835685;0.288688;0.567399;0.69885;0.330739;0.651963;0.0481625;0.217064;0.392898;0.378661;0.191947;0.146382;0.461959;0.107269;0.160106;0.187724;0.299849;0.167797;0.113556;0.251116;0.0959385;0.266959;0.0325641;0.0730354;0.220046;0.180175;0.18719;0.215008;0;0;0;0;0;0
0.859061;1;0.828355;0.20519;0.544619;0.634594;0.306412;0.616828;0.109342;0.207559;0.358998;0.259806;0.180061;0.0716501;0.349995;0.041526;0.147981;0.155707;0.201224;0.158059;0.14896;0.215045;0.0498474;0.237577;0.0616296;0.172649;0.169644;0.220409;0.153156;0.199287;0;0;0;0;0;0
0.844027;1;0.792128;0.0704054;0.418338;0.492594;0.150662;0.517287;0.066705;0.273962;0.298083;0.247004;0.312596;0.0275676;0.341505;0.0609548;0.222071;0.182869;0.224156;0.0888176;0.159922;0.221055;0.078718;0.161237;0.114549;0.228954;0.123345;0.202485;0.10362;0.188877;0;0;0;0;0;0
0.902538;1;0.728626;0.297215;0.298104;0.665396;0.110064;0.582027;0.112828;0.341871;0.285053;0.508471;0.358418;0.0890323;0.512355;0.0581148;0.205311;0.267375;0.26918;0.295847;0.0535051;0.300765;0.0552266;0.384216;0.0378177;0.190601;0.19359;0.233268;0.231569;0.207449;0;0;0;0;0;0
0.977897;1;0.676885;0.597721;0.239739;0.886302;0.201511;0.734384;0.32337;0.369993;0.435659;0.691613;0.331074;0.385959;0.677881;0.2342;0.171794;0.497479;0.490701;0.570522;0.163646;0.46018;0.428008;0.594105;0.205485;0.251589;0.312751;0.525152;0.461195;0.520525;0;0;0;0;0;0
0.891281;1;0.757648;0.259876;0.35949;0.614904;0.0746031;0.55586;0.118431;0.268227;0.277713;0.442795;0.299504;0.0520559;0.462094;0.0765095;0.178651;0.245602;0.282365;0.361066;0.0364672;0.270053;0.0701944;0.398411;0.0208151;0.146354;0.145653;0.177857;0.262153;0.276535;0;0;0;0;0;0
0.855654;1;0.783131;0.101405;0.389793;0.483763;0.0446913;0.496743;0.0338054;0.242915;0.284082;0.287856;0.276512;0.0229112;0.325684;0.111955;0.148292;0.204076;0.212434;0.31001;0.051042;0.252486;0.0460407;0.29871;0.0175407;0.188577;0.170358;0.119717;0.161042;0.250828;0;0;0;0;0;0
0.866692;1;0.761271;0.138414;0.340442;0.519041;0.0948652;0.512531;0.0629429;0.348238;0.285506;0.356645;0.39423;0.0807369;0.380706;0.0385292;0.259218;0.247188;0.221965;0.282326;0.0587407;0.306145;0.0612303;0.316871;0.0394217;0.146834;0.224989;0.198449;0.201866;0.27689;0;0;0;0;0;0
0.858851;1;0.75579;0.0792193;0.317702;0.457683;0.114733;0.458861;0.0626917;0.378039;0.226478;0.327184;0.410921;0.0747827;0.357991;0.0438195;0.258208;0.285343;0.210552;0.251482;0.0952344;0.327999;0.0577151;0.278778;0.0401213;0.209231;0.217324;0.200964;0.161103;0.22041;0;0;0;0;0;0
0.909497;1;0.719107;0.383686;0.325267;0.857386;0.233984;0.793389;0.205988;0.378247;0.432755;0.279572;0.362929;0.134797;0.452584;0.0984361;0.221566;0.308637;0.306462;0.0716106;0.149613;0.350367;0.0191683;0.189362;0.209428;0.229483;0.226856;0.254455;0.162975;0.265252;0;0;0;0;0;0
0.86184;1;0.766931;0.133982;0.357999;0.54194;0.0841895;0.544799;0.016078;0.308394;0.302922;0.30477;0.34932;0.0396095;0.386189;0.00687341;0.222891;0.246294;0.273428;0.190536;0.0332545;0.313374;0.0858602;0.247547;0.0510065;0.136446;0.228527;0.0966546;0.192338;0.193742;0;0;0;0;0;0
0.834187;1;0.837478;0.0833263;0.54474;0.50536;0.297169;0.484736;0.090736;0.229948;0.22794;0.274736;0.242039;0.0764778;0.37277;0.0611751;0.222418;0.261176;0.286954;0.289431;0.196523;0.288462;0.190217;0.401509;0.283104;0.182313;0.190791;0.198524;0.271291;0.0671124;0;0;0;0;0;0
0.887715;1;0.738577;0.209377;0.300182;0.56002;0.12018;0.509738;0.155734;0.370594;0.247532;0.47361;0.392239;0.0656441;0.463508;0.00959144;0.232149;0.26561;0.248469;0.314045;0.0588574;0.306073;0.0726851;0.372142;0.000735599;0.191552;0.201232;0.233478;0.229987;0.229463;0;0;0;0;0;0
0.86942;1;0.744527;0.121786;0.299373;0.496698;0.130594;0.487368;0.0814657;0.38489;0.249726;0.36041;0.404011;0.103703;0.392686;0.0465471;0.24406;0.286422;0.251442;0.269985;0.12457;0.316399;0.142668;0.302873;0.0513979;0.246895;0.193137;0.250853;0.198663;0.245289;0;0;0;0;0;0
0.853892;1;0.793719;0.0549304;0.424931;0.376086;0.229635;0.37381;0.186989;0.373198;0.167281;0.350859;0.406217;0.108967;0.340837;0.235594;0.286617;0.307037;0.263966;0.461249;0.127927;0.34612;0.16804;0.413216;0.0516912;0.134863;0.237474;0.103693;0.257773;0.229194;0;0;0;0;0;0
0.937298;1;0.730742;0.494921;0.356983;0.858987;0.249314;0.787152;0.117935;0.389313;0.538139;0.536508;0.389084;0.42993;0.61592;0.110842;0.247387;0.515121;0.472116;0.410817;0.0897882;0.518887;0.293242;0.496655;0.0727807;0.152529;0.389315;0.311515;0.428769;0.282844;0;0;0;0;0;0
0.837174;1;0.824645;0.0558645;0.509608;0.445167;0.245579;0.413317;0.0230785;0.183402;0.183059;0.288418;0.164811;0.24096;0.349345;0.000945755;0.0858201;0.409215;0.214309;0.270055;0.125227;0.414337;0.159691;0.335762;0.111252;0.216427;0.276125;0.310009;0.228626;0.139204;0;0;0;0;0;0
0.883043;1;0.781934;0.286738;0.430336;0.700411;0.131827;0.64678;0.0529073;0.171694;0.342651;0.367579;0.226031;0.0107249;0.473965;0.0759512;0.180842;0.222248;0.302795;0.182012;0.118121;0.273262;0.0235098;0.329656;0.0477127;0.116164;0.184985;0.187741;0.273575;0.144821;0;0;0;0;0;0
0.855443;1;0.806064;0.10677;0.452938;0.447632;0.12518;0.421812;0.133865;0.148316;0.201962;0.390121;0.17741;0.0813648;0.371595;0.0632113;0.0790574;0.245069;0.179776;0.333423;0.127844;0.270232;0.0714422;0.370241;0.040514;0.251799;0.164505;0.241986;0.238198;0.188333;0;0;0;0;0;0
0.850661;1;0.803163;0.144915;0.460436;0.591371;0.184594;0.606034;0.12181;0.202947;0.377261;0.262346;0.220574;0.101586;0.377019;0.121325;0.13625;0.133167;0.24232;0.0906887;0.111483;0.200404;0.0304233;0.216681;0.0144156;0.188633;0.159265;0.186725;0.172635;0.111071;0;0;0;0;0;0
0.78424;1;0.823867;0.245432;0.441492;0.171074;0.241398;0.307715;0.0305712;0.441845;0.247341;0.25869;0.512598;0.138018;0.301974;0.138408;0.399425;0.170351;0.172099;0.0990669;0.2054;0.204005;0.0349516;0.248844;0.0759787;0.127182;0.146432;0.144129;0.226663;0.0297193;0;0;0;0;0;0
0.827554;1;0.797159;0.00206463;0.424825;0.460764;0.189076;0.542183;0.108677;0.301561;0.380254;0.203652;0.305499;0.140333;0.325422;0.044243;0.154985;0.0589772;0.290984;0.190703;0.0827564;0.0908511;0.205677;0.246906;0.162348;0.228685;0.00733828;0.163783;0.137543;0.0320737;0;0;0;0;0;0
0.913514;0.940894;0.712366;0.682493;0.394312;1;0.121657;0.901076;0.182604;0.194201;0.657884;0.634163;0.308175;0.380204;0.654826;0.0547968;0.344192;0.12736;0.582845;0.441524;0.326954;0.0754123;0.525161;0.428683;0.149504;0.265668;0.211763;0.424319;0.185991;0.413377;0;0;0;0;0;0
0.814767;1;0.825259;0.0744032;0.477626;0.324242;0.212708;0.385254;0.0145711;0.261074;0.239638;0.212158;0.266796;0.135058;0.262396;0.00449196;0.135989;0.230294;0.142441;0.150083;0.0836982;0.241751;0.0561467;0.204403;0.0138237;0.215147;0.132397;0.199238;0.128112;0.119379;0;0;0;0;0;0
0.868807;1;0.757445;0.175298;0.347889;0.602052;0.0966854;0.580278;0.0796909;0.311628;0.301221;0.285399;0.349436;0.104976;0.378936;0.0298622;0.224644;0.310462;0.239634;0.204667;0.0328637;0.359874;0.0138465;0.281347;0.0460579;0.124094;0.241102;0.198945;0.173901;0.114505;0;0;0;0;0;0
0.878674;1;0.761363;0.0996619;0.361054;0.373974;0.181103;0.301135;0.330833;0.361573;0.0320255;0.479418;0.376793;0.2601;0.427958;0.267851;0.222594;0.414273;0.259609;0.484415;0.00194569;0.383367;0.248577;0.495174;0.117467;0.172292;0.236263;0.346375;0.43672;0.350207;0;0;0;0;0;0
0.841209;1;0.768257;0.0637051;0.351132;0.549647;0.0508527;0.604424;0.220573;0.289577;0.372772;0.137063;0.312523;0.0822095;0.315285;0.0659829;0.166649;0.220481;0.278018;0.0641199;0.0408472;0.282551;0.122485;0.158095;0.0386859;0.189718;0.181079;0.137569;0.183862;0.136148;0;0;0;0;0;0
0.850592;1;0.783956;0.0979443;0.390693;0.509239;0.0427429;0.526237;0.0203456;0.25535;0.310644;0.295638;0.303914;0.0306672;0.359158;0.0189526;0.188795;0.183941;0.230243;0.21735;0.00799946;0.246753;0.0342913;0.277419;0.0333388;0.139474;0.169551;0.1398;0.173899;0.159814;0;0;0;0;0;0
0.836917;1;0.819086;0.00667104;0.506318;0.331823;0.359478;0.363692;0.112177;0.404798;0.273715;0.26546;0.35135;0.360398;0.252499;0.185311;0.159208;0.499351;0.116829;0.330904;0.112347;0.506381;0.170148;0.325982;0.067833;0.293575;0.379137;0.331024;0.228725;0.221652;0;0;0;0;0;0
0.847153;1;0.788743;0.0909341;0.407709;0.515271;0.0792652;0.52486;0.0719087;0.232551;0.29696;0.268149;0.281511;0.0917062;0.357583;0.0817359;0.177693;0.230272;0.225286;0.126104;0.0228017;0.271148;0.0420909;0.219843;0.00420947;0.142845;0.178871;0.183798;0.153331;0.115643;0;0;0;0;0;0
0.873039;1;0.78955;0.218184;0.457594;0.62548;0.252199;0.596684;0.0217194;0.293498;0.332836;0.338912;0.297529;0.0556674;0.405501;0.0343054;0.215722;0.204766;0.238249;0.194862;0.17946;0.271738;0.015431;0.266784;0.0490496;0.227017;0.225553;0.199506;0.167803;0.188379;0;0;0;0;0;0
0.839774;1;0.774875;0.00272286;0.365754;0.392016;0.195354;0.445075;0.0429582;0.389321;0.276974;0.287047;0.394338;0.0355286;0.321921;0.0241578;0.215556;0.144497;0.190833;0.144716;0.0667393;0.187339;0.0718844;0.184802;0.0807565;0.223421;0.101482;0.176536;0.0888513;0.183762;0;0;0;0;0;0
0.87488;1;0.814451;0.262526;0.516816;0.653177;0.272268;0.593294;0.0526145;0.183448;0.322152;0.302135;0.150406;0.225936;0.383713;0.0515301;0.0833178;0.349999;0.221728;0.230842;0.088163;0.345183;0.125031;0.309976;0.177635;0.155111;0.2137;0.336991;0.268956;0.329394;0;0;0;0;0;0
0.821628;1;0.841872;0.00888014;0.517274;0.387961;0.20367;0.44015;0.0345707;0.141617;0.267709;0.190423;0.185354;0.0682407;0.251716;0.0675186;0.126019;0.190148;0.146306;0.198134;0.0169837;0.245464;0.0775104;0.262207;0.0976276;0.0830004;0.189475;0.227155;0.201423;0.199513;0;0;0;0;0;0
0.866385;1;0.754477;0.184533;0.342145;0.63976;0.0761636;0.620721;0.107868;0.298536;0.337922;0.340188;0.331159;0.0289404;0.463089;0.174862;0.20251;0.230421;0.30807;0.142636;0.0288355;0.279134;0.0457527;0.310486;0.134328;0.143578;0.172921;0.174479;0.24923;0.0469839;0;0;0;0;0;0
0.801064;1;0.806112;0.154439;0.403398;0.286395;0.111419;0.408847;0.0901976;0.31455;0.308271;0.136303;0.348325;0.169747;0.228196;0.0865439;0.195481;0.169874;0.154109;0.0145731;0.0402321;0.16525;0.098911;0.114803;0.0502458;0.222075;0.0925918;0.195914;0.127328;0.0688989;0;0;0;0;0;0
0.864213;1;0.757502;0.0440414;0.344609;0.339328;0.28884;0.340214;0.300245;0.51915;0.184236;0.480048;0.54766;0.122939;0.414251;0.0764731;0.394895;0.224563;0.21598;0.30894;0.243976;0.220168;0.0657743;0.321779;0.0387978;0.279491;0.143689;0.127707;0.217787;0.178717;0;0;0;0;0;0
0.914648;1;0.801707;0.43219;0.534036;0.751351;0.352861;0.583783;0.165368;0.302283;0.279727;0.593208;0.272547;0.27088;0.557;0.0197318;0.221103;0.405589;0.260588;0.478479;0.201252;0.409474;0.129945;0.576727;0.206418;0.222561;0.304194;0.306162;0.370026;0.139587;0;0;0;0;0;0
0.825728;1;0.837774;0.013849;0.509233;0.414829;0.185842;0.470644;0.0502775;0.11074;0.312284;0.166915;0.148235;0.112632;0.223626;0.139574;0.0694498;0.144986;0.147136;0.283481;0.068446;0.17604;0.0162738;0.263168;0.021624;0.176785;0.0952496;0.118774;0.159726;0.246457;0;0;0;0;0;0
0.862474;1;0.799951;0.236926;0.502307;0.73337;0.32202;0.714729;0.210747;0.306349;0.424189;0.30277;0.26439;0.0963611;0.46039;0.22025;0.148185;0.163966;0.318685;0.124747;0.0888558;0.225753;0.0650223;0.312664;0.198573;0.163754;0.147797;0.151511;0.249997;0.00517024;0;0;0;0;0;0
0.843327;1;0.806783;0.0702283;0.454926;0.461885;0.157166;0.462127;0.0067571;0.198307;0.259683;0.310448;0.229179;0.135708;0.348541;0.0283815;0.138447;0.23679;0.185597;0.21833;0.0739831;0.240198;0.0701664;0.288492;0.0514582;0.156376;0.129552;0.217668;0.179861;0.134187;0;0;0;0;0;0
0.858451;1;0.773005;0.119741;0.366092;0.521573;0.0326848;0.540511;0.0137331;0.27393;0.329852;0.319117;0.300712;0.0497042;0.37963;0.00224935;0.154008;0.165198;0.26974;0.22937;0.0634099;0.225725;0.112052;0.263333;0.00974657;0.221753;0.147254;0.115305;0.140822;0.177425;0;0;0;0;0;0
0.836732;1;0.80317;0.0465712;0.436921;0.467603;0.113642;0.490274;0.0722403;0.203024;0.279082;0.235426;0.247355;0.0897729;0.318433;0.0265887;0.15006;0.230328;0.201928;0.17216;0.0181728;0.271389;0.00534611;0.236265;0.0190657;0.129891;0.18256;0.157615;0.160545;0.142884;0;0;0;0;0;0
0.865571;1;0.815035;0.222332;0.514916;0.637777;0.266773;0.580583;0.117756;0.18373;0.270827;0.250739;0.167887;0.144248;0.372248;0.0276745;0.107459;0.336201;0.252451;0.228045;0.0220834;0.358617;0.0500195;0.291633;0.0125541;0.0553959;0.241701;0.199329;0.216734;0.16299;0;0;0;0;0;0
0.856851;1;0.829804;0.117488;0.583601;0.437998;0.540412;0.426794;0.236254;0.633517;0.280714;0.488502;0.626481;0.251969;0.454073;0.0744491;0.492978;0.352834;0.302839;0.399114;0.341896;0.37407;0.214561;0.414675;0.0307154;0.289644;0.296731;0.255418;0.275247;0.304051;0;0;0;0;0;0
0.821627;1;0.838249;0.0150566;0.512136;0.378609;0.211032;0.419303;0.03364;0.161919;0.243022;0.199646;0.183074;0.130191;0.26808;0.0571785;0.108243;0.26441;0.175926;0.194502;0.0883174;0.294047;0.0324134;0.222178;0.036839;0.176451;0.190638;0.165255;0.151497;0.157906;0;0;0;0;0;0
0.881115;1;0.725687;0.227006;0.280894;0.685496;0.18765;0.673735;0.116947;0.420075;0.385536;0.312385;0.427767;0.0246053;0.445532;0.101363;0.254405;0.238153;0.326745;0.16128;0.130883;0.313655;0.0926669;0.281514;0.0433465;0.28326;0.212388;0.113531;0.224126;0.116307;0;0;0;0;0;0
0.851795;1;0.809315;0.0967204;0.500446;0.461472;0.317703;0.409743;0.0922436;0.316886;0.173046;0.43585;0.257626;0.227064;0.475725;0.0929005;0.0864702;0.375805;0.288767;0.240773;0.124603;0.357455;0.0319064;0.351012;0.171099;0.273543;0.215747;0.161164;0.232731;0.0159566;0;0;0;0;0;0
0.816266;1;0.799557;0.0505805;0.401756;0.409832;0.0463848;0.474788;0.166379;0.295376;0.270528;0.141898;0.378997;0.0469772;0.287634;0.05464;0.29031;0.263143;0.244202;0.120032;0.112286;0.339639;0.135249;0.224339;0.119669;0.0729451;0.265633;0.15141;0.184483;0.0303602;0;0;0;0;0;0
0.885333;1;0.794247;0.224811;0.474626;0.526842;0.274595;0.444083;0.185851;0.280921;0.240787;0.432152;0.254272;0.315011;0.41601;0.221047;0.177311;0.445073;0.219279;0.437935;0.223413;0.413308;0.0976406;0.384002;0.143182;0.32122;0.246671;0.284854;0.240562;0.455382;0;0;0;0;0;0
0.880772;1;0.816092;0.25731;0.550861;0.601819;0.451707;0.584335;0.163267;0.500719;0.42503;0.477976;0.473111;0.317862;0.473835;0.0533873;0.330041;0.331323;0.331545;0.356948;0.16675;0.316633;0.226051;0.373284;0.0167552;0.1402;0.212553;0.229013;0.227243;0.288427;0;0;0;0;0;0
0.818683;1;0.852091;0.0142666;0.546516;0.386729;0.268004;0.452861;0.041826;0.194729;0.311666;0.172416;0.189691;0.127956;0.229814;0.100082;0.10093;0.133091;0.145356;0.210697;0.0578572;0.163396;0.0759009;0.208804;0.107017;0.15467;0.105799;0.178889;0.145435;0.282261;0;0;0;0;0;0
0.836679;1;0.835224;0.0624744;0.582185;0.48156;0.529061;0.561729;0.0146771;0.611812;0.454783;0.282506;0.588925;0.358466;0.395975;0.0238991;0.440644;0.379621;0.352804;0.200408;0.294678;0.378363;0.249098;0.279869;0.0403193;0.272576;0.280621;0.212626;0.282468;0.200291;0;0;0;0;0;0
0.852274;1;0.800703;0.12093;0.467107;0.541632;0.269501;0.549387;0.0734612;0.334298;0.325264;0.240135;0.346612;0.109823;0.317772;0.0167724;0.235481;0.208796;0.205462;0.193547;0.0707441;0.248471;0.106146;0.204752;0.0708333;0.0653701;0.164084;0.204689;0.0816915;0.244321;0;0;0;0;0;0
0.852049;1;0.773347;0.0974824;0.371876;0.527787;0.0485708;0.539451;0.0879998;0.25714;0.296636;0.244451;0.286269;0.01843;0.345104;0.0526624;0.157376;0.215238;0.217415;0.121552;0.0611999;0.252355;0.0331667;0.212839;0.0494753;0.187911;0.142993;0.196366;0.15884;0.131259;0;0;0;0;0;0
0.847008;1;0.884233;0.171318;0.665753;0.530243;0.455567;0.526611;0.0828849;0.292436;0.380369;0.397168;0.139825;0.263532;0.4164;0.0108526;0.0373238;0.225502;0.243727;0.257572;0.203194;0.173274;0.0439138;0.326349;0.0338224;0.318462;0.0649561;0.139881;0.211556;0.128254;0;0;0;0;0;0
0.882698;1;0.755598;0.199933;0.374748;0.552696;0.27096;0.497981;0.169502;0.452347;0.242359;0.511725;0.482477;0.0560677;0.495885;0.0370253;0.348349;0.258487;0.301343;0.349273;0.153158;0.322346;0.0857054;0.406047;0.173988;0.0784379;0.285153;0.0844317;0.224009;0.105595;0;0;0;0;0;0
0.933729;1;0.769732;0.548853;0.468173;0.952025;0.235792;0.797547;0.0649162;0.152112;0.442714;0.461764;0.16083;0.262304;0.538457;0.0413455;0.198515;0.305456;0.247877;0.238192;0.259307;0.258684;0.194391;0.381978;0.211586;0.300478;0.107012;0.459323;0.326507;0.423253;0;0;0;0;0;0
0.817444;1;0.851933;0.00604081;0.551025;0.408848;0.269424;0.458722;0.0800259;0.159636;0.296909;0.183012;0.142331;0.142422;0.25682;0.00175293;0.0875138;0.195695;0.158398;0.164505;0.133069;0.210682;0.045364;0.21438;0.00571694;0.217898;0.121427;0.163249;0.140895;0.132961;0;0;0;0;0;0
0.857642;1;0.798089;0.192819;0.461661;0.658591;0.198353;0.652046;0.200718;0.213387;0.400519;0.220763;0.241444;0.183547;0.35242;0.108991;0.171459;0.252731;0.227027;0.127083;0.0788825;0.301135;0.0888975;0.238368;0.060385;0.0896895;0.243442;0.221414;0.168532;0.0950853;0;0;0;0;0;0
0.824613;1;0.79852;0.0291922;0.410057;0.400523;0.143312;0.461978;0.101473;0.319526;0.264819;0.138667;0.37277;0.0711909;0.242986;0.0818606;0.264501;0.291795;0.214591;0.226214;0.0856882;0.371311;0.104303;0.244289;0.0465902;0.061611;0.289784;0.0428837;0.178821;0.131175;0;0;0;0;0;0
0.941171;1;0.763074;0.530907;0.446472;0.863621;0.324591;0.832449;0.160589;0.398719;0.681052;0.464187;0.393036;0.611445;0.457889;0.408371;0.278648;0.640732;0.34113;0.660598;0.152387;0.616172;0.26287;0.569023;0.12073;0.144831;0.49074;0.29756;0.398612;0.522899;0;0;0;0;0;0
0.849977;1;0.792232;0.10565;0.414338;0.525604;0.106611;0.555582;0.079373;0.256612;0.345559;0.207472;0.313764;0.0637656;0.295327;0.0410446;0.22207;0.152306;0.210014;0.167532;0.0939967;0.218911;0.0456204;0.171805;0.124538;0.141741;0.147388;0.0936253;0.0845098;0.250085;0;0;0;0;0;0
0.866388;1;0.862501;0.206771;0.627189;0.501509;0.452545;0.491711;0.197988;0.391038;0.398485;0.384451;0.346813;0.405838;0.349614;0.37952;0.283681;0.466952;0.204012;0.622281;0.261026;0.441573;0.0398792;0.526939;0.0290117;0.285464;0.308553;0.130809;0.320893;0.358608;0;0;0;0;0;0
0.842876;1;0.816477;0.0755197;0.472503;0.464603;0.179747;0.489133;0.00516076;0.219353;0.284968;0.259307;0.268861;0.00796318;0.311868;0.0865182;0.200758;0.206704;0.204116;0.260529;0.10275;0.271885;0.0184185;0.273981;0.04896;0.119216;0.194918;0.147462;0.179286;0.245491;0;0;0;0;0;0
0.857959;1;0.791685;0.160649;0.433393;0.585849;0.0943987;0.556758;0.0941397;0.132078;0.291333;0.286537;0.184425;0.0832457;0.366688;0.0893771;0.118155;0.216044;0.186029;0.149967;0.0874477;0.222608;0.0901977;0.262329;0.00297685;0.161969;0.106537;0.282363;0.181941;0.140845;0;0;0;0;0;0
0.858272;1;0.747629;0.0701998;0.300417;0.454536;0.149248;0.467616;0.10381;0.399501;0.266273;0.408319;0.414021;0.0882929;0.432015;0.0366461;0.256923;0.226024;0.279999;0.27477;0.170543;0.243988;0.0776836;0.321786;0.142807;0.273797;0.107178;0.0800261;0.152591;0.0979567;0;0;0;0;0;0
0.861574;1;0.806748;0.155404;0.501719;0.561682;0.322743;0.559822;0.0215135;0.330837;0.307912;0.2683;0.303955;0.0512886;0.340235;0.0568722;0.19505;0.231789;0.210517;0.197335;0.134151;0.28991;0.118381;0.221749;0.198491;0.198523;0.230334;0.277412;0.131925;0.340862;0;0;0;0;0;0
0.88697;1;0.820907;0.324616;0.570994;0.708974;0.411158;0.630543;0.00938318;0.353415;0.335626;0.415194;0.284649;0.0591924;0.458427;0.0675989;0.167068;0.19345;0.257063;0.201679;0.0691047;0.241811;0.150128;0.286744;0.0611849;0.122396;0.172391;0.271291;0.180229;0.226197;0;0;0;0;0;0
0.935455;1;0.743293;0.493112;0.449578;0.861997;0.39303;0.696704;0.145123;0.460796;0.35968;0.692263;0.415106;0.232718;0.682521;0.166165;0.252644;0.337698;0.351249;0.403418;0.119332;0.336831;0.0163558;0.570584;0.320147;0.190151;0.227936;0.236307;0.344459;0.0750892;0;0;0;0;0;0
0.828515;1;0.784168;0.00479746;0.388025;0.480161;0.10359;0.520001;0.226925;0.283884;0.287918;0.146698;0.323613;0.158361;0.309301;0.0904865;0.210344;0.346691;0.229244;0.0502862;0.0964381;0.409995;0.102682;0.169529;0.00137815;0.180308;0.322232;0.256155;0.197282;0.0798568;0;0;0;0;0;0
0.860454;1;0.766733;0.112457;0.359912;0.502362;0.129929;0.499151;0.0326393;0.32795;0.263109;0.32509;0.352094;0.0548663;0.368058;0.0389139;0.206842;0.247733;0.222956;0.266338;0.004032;0.284353;0.0214862;0.303234;0.019616;0.161698;0.16981;0.178109;0.196098;0.229774;0;0;0;0;0;0
0.877762;1;0.761927;0.189454;0.380855;0.553149;0.229398;0.499477;0.111377;0.396162;0.231815;0.445794;0.428122;0.0902968;0.453451;0.00500616;0.306041;0.300813;0.277847;0.353752;0.123424;0.36145;0.0813593;0.402847;0.143304;0.0264454;0.299452;0.128196;0.237889;0.133006;0;0;0;0;0;0
0.897972;1;0.849043;0.274028;0.636438;0.449341;0.523674;0.315369;0.623199;0.509172;0.0744235;0.798667;0.459357;0.175434;0.583682;0.280491;0.333003;0.327102;0.305304;0.749486;0.182565;0.353048;0.0952747;0.63356;0.10681;0.0962452;0.287557;0.0492377;0.31372;0.435462;0;0;0;0;0;0
0.87217;1;0.803696;0.205895;0.493749;0.570575;0.317577;0.539289;0.0696429;0.349551;0.301036;0.357251;0.335624;0.0608018;0.372576;0.122154;0.214281;0.185773;0.225444;0.383788;0.0585607;0.224398;0.0574877;0.375254;0.0425271;0.0736223;0.146696;0.112156;0.180312;0.212058;0;0;0;0;0;0
0.955146;1;0.690944;0.549848;0.286528;0.934678;0.236749;0.798904;0.102256;0.404581;0.426223;0.648853;0.407344;0.124775;0.733945;0.245645;0.280423;0.223745;0.466476;0.100161;0.167742;0.230546;0.14241;0.280771;0.240843;0.201916;0.102262;0.264221;0.275391;0.233831;0;0;0;0;0;0
0.819894;1;0.838385;0.00460121;0.510171;0.408847;0.187313;0.45516;0.0498794;0.116943;0.288847;0.244232;0.159336;0.108029;0.32202;0.0780177;0.0903078;0.170099;0.215365;0.124113;0.0691657;0.203153;0.0654774;0.209846;0.0420696;0.165061;0.129436;0.144814;0.151725;0.0695712;0;0;0;0;0;0
0.841446;1;0.813758;0.100925;0.467379;0.542461;0.167411;0.591083;0.144526;0.217466;0.40229;0.156121;0.277677;0.158728;0.261428;0.0138043;0.213699;0.143795;0.183266;0.124302;0.101738;0.212151;0.0393431;0.13886;0.135457;0.095183;0.183287;0.13411;0.04652;0.237991;0;0;0;0;0;0
0.865033;1;0.774394;0.173519;0.375349;0.587442;0.0242193;0.594118;0.0209085;0.282424;0.367689;0.32106;0.346503;0.0720793;0.388504;0.000245843;0.242191;0.165253;0.26009;0.259472;0.0583828;0.260672;0.0559299;0.321878;0.0435292;0.117413;0.220003;0.122398;0.221675;0.1854;0;0;0;0;0;0
0.861757;1;0.820163;0.182459;0.557349;0.590047;0.386521;0.503514;0.0511024;0.313895;0.174949;0.360343;0.215429;0.242648;0.458211;0.124811;0.0619083;0.437996;0.260782;0.129199;0.117941;0.436796;0.174078;0.296041;0.0354484;0.23221;0.285655;0.389252;0.297714;0.182909;0;0;0;0;0;0
0.966301;1;0.727684;0.590365;0.374837;0.851582;0.152123;0.605774;0.318471;0.182744;0.177139;0.705287;0.25245;0.398338;0.704806;0.280916;0.380107;0.652701;0.51338;0.687356;0.528758;0.638403;0.385079;0.682974;0.0905282;0.616462;0.437161;0.530215;0.609177;0.618396;0;0;0;0;0;0
0.926237;1;0.829262;0.518489;0.597645;0.802924;0.387273;0.61808;0.271497;0.222125;0.353965;0.720598;0.0958146;0.306838;0.661881;0.0306213;0.0756078;0.345383;0.339258;0.549571;0.156281;0.287537;0.0963341;0.64256;0.213399;0.203935;0.146954;0.249312;0.415006;0.190313;0;0;0;0;0;0
0.831031;1;0.81057;0.00540549;0.434988;0.397953;0.0535267;0.454467;0.0397242;0.205838;0.30649;0.298221;0.264808;0.138325;0.344121;0.00274711;0.160685;0.188556;0.246688;0.233786;0.0661851;0.211278;0.0932171;0.273979;0.0700762;0.201291;0.109978;0.0931378;0.157715;0.122588;0;0;0;0;0;0
0.89348;1;0.808822;0.40025;0.512846;0.830807;0.242766;0.781717;0.11416;0.0798845;0.513509;0.351266;0.0350201;0.232994;0.460955;0.110987;0.057677;0.0611443;0.299307;0.134461;0.138505;0.0236215;0.15046;0.257443;0.0787977;0.200816;0.0348252;0.217451;0.162508;0.165389;0;0;0;0;0;0
0.849676;1;0.866507;0.207354;0.581947;0.628231;0.257559;0.783255;0.0949225;0.0693161;0.776986;0.16808;0.247615;0.642959;0.218807;0.174619;0.368582;0.435892;0.384394;0.268812;0.420141;0.236046;0.528874;0.297233;0.410693;0.400931;0.212197;0.537649;0.164285;0.507909;0;0;0;0;0;0
0.834413;1;0.786554;0.026377;0.391828;0.465162;0.051027;0.489187;0.0826421;0.253756;0.271182;0.267611;0.296858;0.026571;0.352611;0.123716;0.177965;0.207634;0.217217;0.139398;0.025077;0.24881;0.00316353;0.24911;0.111578;0.152309;0.152668;0.172946;0.173609;0.069537;0;0;0;0;0;0
0.892568;1;0.79402;0.2628;0.477972;0.546939;0.289172;0.462443;0.28238;0.310619;0.296385;0.556429;0.279832;0.330892;0.454179;0.163651;0.132933;0.439747;0.190221;0.54963;0.0629242;0.437745;0.153753;0.550953;0.101856;0.211053;0.322564;0.310234;0.326274;0.290963;0;0;0;0;0;0
0.862506;1;0.850168;0.192566;0.600274;0.520537;0.430741;0.507916;0.191698;0.387226;0.371502;0.48267;0.322946;0.295578;0.470061;0.0474684;0.180009;0.318817;0.309709;0.348702;0.0904882;0.303252;0.167187;0.37949;0.0040951;0.198496;0.203324;0.170729;0.242163;0.262012;0;0;0;0;0;0
0.855995;1;0.835505;0.152158;0.559003;0.499629;0.346455;0.43609;0.119359;0.281428;0.214886;0.455994;0.237413;0.227647;0.481178;0.0158148;0.153284;0.369627;0.302309;0.402193;0.154123;0.395199;0.167102;0.498188;0.206139;0.235259;0.308773;0.272248;0.394281;0.200929;0;0;0;0;0;0
0.860022;1;0.765763;0.0669254;0.341952;0.397751;0.153671;0.390598;0.195256;0.411719;0.187506;0.405587;0.473782;0.0943887;0.377726;0.131665;0.352867;0.270935;0.250353;0.408785;0.164987;0.296359;0.118107;0.379219;0.0773223;0.123455;0.174377;0.080903;0.189416;0.212443;0;0;0;0;0;0
0.824624;1;0.823539;0.015468;0.472076;0.380329;0.141562;0.424287;0.0188051;0.172679;0.254146;0.217877;0.220487;0.0986558;0.268003;0.0464553;0.133558;0.21043;0.160689;0.218072;0.0487183;0.240592;0.0179277;0.240602;0.00658297;0.146631;0.149796;0.14689;0.138506;0.170136;0;0;0;0;0;0
0.815046;1;0.786564;0.13398;0.360249;0.269057;0.177358;0.396198;0.00107888;0.418208;0.336153;0.18342;0.455447;0.321132;0.262012;0.144125;0.312131;0.424376;0.187285;0.219657;0.174746;0.455422;0.066371;0.219172;0.0873802;0.235329;0.359469;0.210529;0.199434;0.212414;0;0;0;0;0;0
0.843727;1;0.786007;0.0374207;0.388212;0.423307;0.120862;0.450339;0.0427793;0.319443;0.253182;0.29842;0.364274;0.036068;0.335591;0.0232362;0.240215;0.21894;0.200552;0.230082;0.0794844;0.271859;0.0197856;0.275951;0.000110591;0.156191;0.186282;0.16459;0.175471;0.165626;0;0;0;0;0;0
0.839115;1;0.796432;0.0166253;0.416191;0.407414;0.14663;0.447261;0.0160713;0.285912;0.239829;0.165054;0.320558;0.0590592;0.214938;0.210925;0.208544;0.283806;0.140821;0.313862;0.0911142;0.341503;0.0161199;0.261615;0.0848943;0.160997;0.2372;0.169403;0.152513;0.28218;0;0;0;0;0;0
0.8289;1;0.834826;0.0170957;0.51489;0.404679;0.203002;0.415165;0.0221651;0.0496563;0.214601;0.210307;0.0621062;0.0602045;0.219765;0.111359;0.0662554;0.204919;0.0887682;0.330372;0.180806;0.220176;0.147829;0.327613;0.0632665;0.268239;0.126733;0.267391;0.177599;0.232545;0;0;0;0;0;0
0.844329;1;0.812751;0.105411;0.465563;0.526109;0.147644;0.544617;0.0912314;0.206884;0.330073;0.218508;0.302896;0.0617252;0.308129;0.00817362;0.282805;0.123581;0.202133;0.179095;0.1947;0.174833;0.0468929;0.227794;0.0316652;0.0945787;0.145722;0.140343;0.139443;0.171528;0;0;0;0;0;0
0.841755;0.782294;0.496376;0.813165;0.163873;0.919484;0.142357;0.599493;0.59055;0.286337;0.224105;1;0.28599;0.127822;0.748409;0.146663;0.182389;0.253567;0.302559;0.797475;0.0999265;0.24784;0.0776068;0.761109;0.171363;0.146554;0.145019;0.232639;0.354385;0.449483;0;0;0;0;0;0
0.861487;1;0.750845;0.13318;0.327906;0.583704;0.082836;0.582047;0.148704;0.303478;0.305075;0.207186;0.314218;0.0542377;0.32916;0.0346552;0.161714;0.277763;0.226202;0.139335;0.067378;0.316629;0.0275255;0.205123;0.0190592;0.206322;0.186094;0.167642;0.138325;0.131119;0;0;0;0;0;0
0.814645;1;0.912548;0.0168743;0.701699;0.288195;0.483054;0.323551;0.155632;0.312729;0.317883;0.316423;0.179048;0.365882;0.258784;0.20077;0.128043;0.384824;0.0698793;0.423932;0.222271;0.314356;0.150505;0.384101;0.0544803;0.300092;0.171118;0.276876;0.209948;0.232692;0;0;0;0;0;0
0.841162;1;0.821055;0.0613333;0.529966;0.465145;0.39489;0.474821;0.0054006;0.450342;0.252204;0.280302;0.463879;0.122081;0.342657;0.0104256;0.402051;0.282659;0.21163;0.214364;0.353982;0.318816;0.0470104;0.274183;0.0155623;0.359073;0.242511;0.183311;0.194638;0.185856;0;0;0;0;0;0
0.84239;1;0.801555;0.0633964;0.430463;0.467631;0.132393;0.50939;0.0095516;0.249582;0.323079;0.259689;0.290115;0.083034;0.332211;0.0438555;0.184087;0.163049;0.237421;0.225166;0.0673805;0.217502;0.06575;0.26729;0.0170691;0.153042;0.142575;0.104044;0.194357;0.165547;0;0;0;0;0;0
0.835743;1;0.790413;0.0516235;0.407947;0.520898;0.0489063;0.551486;0.215811;0.20447;0.307907;0.144182;0.254635;0.0408249;0.299639;0.129783;0.162911;0.219043;0.193111;0.0300901;0.0639433;0.266419;0.0445644;0.104017;0.114922;0.138123;0.182455;0.231811;0.111077;0.0760287;0;0;0;0;0;0
0.816672;1;0.815549;0.0673074;0.460049;0.350761;0.218466;0.399722;0.0610067;0.312847;0.198133;0.181227;0.34775;0.0858045;0.265365;0.00716035;0.24726;0.29031;0.183287;0.164977;0.106726;0.331755;0.0227184;0.202;0.0351925;0.103128;0.22164;0.152482;0.0979334;0.088415;0;0;0;0;0;0
0.85631;1;0.766367;0.0486572;0.356664;0.404569;0.183475;0.407897;0.0966949;0.374056;0.186995;0.288704;0.3779;0.10371;0.288472;0.160402;0.201566;0.297339;0.143967;0.314657;0.0463319;0.323634;0.114252;0.295131;0.0980268;0.22299;0.19568;0.255081;0.187351;0.279817;0;0;0;0;0;0
0.827249;1;0.812725;0.0130281;0.445609;0.440674;0.132336;0.51056;0.0493153;0.235016;0.34661;0.246796;0.281474;0.108483;0.353449;0.0401962;0.190346;0.137412;0.283257;0.161478;0.111699;0.206915;0.120602;0.251154;0.0337713;0.17105;0.159969;0.0853106;0.2196;0.112545;0;0;0;0;0;0
0.830442;1;0.81867;0.0257109;0.469927;0.445193;0.127374;0.485827;0.0825256;0.0828428;0.291919;0.175239;0.115202;0.061435;0.240913;0.0978721;0.0212918;0.1489;0.125814;0.279767;0.158094;0.157974;0.122806;0.337523;0.0220886;0.2782;0.0440327;0.284085;0.26999;0.18343;0;0;0;0;0;0
0.852673;1;0.862689;0.138524;0.616455;0.462023;0.401527;0.422537;0.143115;0.277971;0.238759;0.384309;0.181359;0.231005;0.399655;0.145177;0.0569286;0.33793;0.239147;0.341748;0.0924609;0.339648;0.0931717;0.336088;0.113366;0.185338;0.236746;0.234438;0.25289;0.334686;0;0;0;0;0;0
0.914975;1;0.786828;0.40591;0.494911;0.721677;0.388252;0.657506;0.279744;0.456938;0.456759;0.637115;0.441685;0.28198;0.584631;0.098018;0.307335;0.232939;0.375264;0.534363;0.170105;0.201887;0.182629;0.555468;0.11298;0.183251;0.0999694;0.120305;0.353256;0.299052;0;0;0;0;0;0
0.891943;1;0.753402;0.233404;0.370683;0.585486;0.237975;0.540651;0.0869422;0.394951;0.289219;0.354685;0.412328;0.182991;0.377546;0.16196;0.300474;0.325085;0.21699;0.307889;0.217674;0.336092;0.11418;0.299104;0.217403;0.251967;0.225073;0.242928;0.163843;0.364532;0;0;0;0;0;0
0.837856;1;0.795012;0.00730284;0.395654;0.35041;0.0294405;0.391588;0.100461;0.273629;0.232784;0.284466;0.326081;0.0999814;0.294769;0.112832;0.209192;0.217966;0.182923;0.273259;0.0596389;0.23923;0.0488924;0.253677;0.0605217;0.147306;0.135284;0.130131;0.136737;0.227341;0;0;0;0;0;0
0.904122;1;0.783813;0.391572;0.462241;0.775084;0.216104;0.671303;0.00184099;0.200543;0.338893;0.419256;0.221329;0.0892834;0.490185;0.0518645;0.170689;0.280738;0.334431;0.362518;0.0988634;0.343108;0.166001;0.40841;0.0133403;0.0743709;0.273822;0.22447;0.270686;0.264957;0;0;0;0;0;0
0.80993;1;0.821537;0.110849;0.482166;0.288062;0.329363;0.34472;0.0126223;0.465558;0.160033;0.187537;0.517179;0.114931;0.24652;0.0832818;0.419056;0.320291;0.210999;0.315951;0.24255;0.370405;0.148498;0.392384;0.165652;0.0906669;0.272874;0.124383;0.281666;0.0180054;0;0;0;0;0;0
0.832172;1;0.890298;0.100393;0.680447;0.485029;0.509217;0.523834;0.00112193;0.414561;0.406948;0.272814;0.319666;0.289611;0.305438;0.043677;0.182575;0.241706;0.188617;0.232006;0.0851116;0.201362;0.106614;0.24394;0.0277502;0.154254;0.137376;0.168213;0.124928;0.204668;0;0;0;0;0;0
0.85231;1;0.810382;0.104628;0.466417;0.453854;0.132431;0.409902;0.118329;0.0831624;0.164357;0.42074;0.120699;0.136181;0.425483;0.00894025;0.0270413;0.312246;0.230049;0.305809;0.117297;0.332762;0.0445115;0.391063;0.104138;0.220328;0.2181;0.223431;0.291514;0.127495;0;0;0;0;0;0
0.86913;1;0.750802;0.134812;0.314152;0.518639;0.110603;0.522684;0.0521255;0.36587;0.299718;0.325149;0.390148;0.118784;0.359889;0.0788564;0.228388;0.280945;0.233376;0.286961;0.0190875;0.334696;0.100479;0.289256;0.04828;0.181796;0.232471;0.19583;0.161915;0.2601;0;0;0;0;0;0
0.86402;1;0.80289;0.224169;0.494023;0.67927;0.269786;0.636487;0.162122;0.250564;0.343908;0.297393;0.257872;0.0454376;0.409433;0.209269;0.201299;0.200892;0.231463;0.06962;0.134858;0.262592;0.0369937;0.216227;0.07182;0.119277;0.208871;0.223018;0.139979;0.0156471;0;0;0;0;0;0
0.899062;1;0.731442;0.31058;0.296101;0.721559;0.14081;0.672689;0.0141531;0.421359;0.373954;0.382236;0.509822;0.0423964;0.460901;0.0113689;0.427148;0.23078;0.305503;0.282297;0.248923;0.302955;0.0537089;0.346847;0.0206491;0.0629441;0.225236;0.15648;0.246426;0.248141;0;0;0;0;0;0
0.899365;1;0.758978;0.334947;0.385059;0.721247;0.160975;0.657811;0.0538554;0.295992;0.388573;0.470834;0.334259;0.152989;0.523302;0.0235304;0.24731;0.216745;0.346152;0.325758;0.147587;0.262016;0.131673;0.396958;0.072781;0.1482;0.199555;0.151472;0.24986;0.193102;0;0;0;0;0;0
0.856569;1;0.798558;0.193226;0.474007;0.686118;0.259486;0.69236;0.266864;0.282728;0.401496;0.181323;0.293986;0.0376684;0.4141;0.187327;0.210116;0.232879;0.377725;0.0964934;0.080092;0.33694;0.181726;0.138965;0.106778;0.0327844;0.306006;0.0227087;0.196337;0.133953;0;0;0;0;0;0
0.80968;1;0.90379;0.0312107;0.681366;0.306011;0.459797;0.320053;0.0882299;0.309436;0.259395;0.315477;0.224849;0.319112;0.333115;0.105493;0.206032;0.380826;0.177031;0.349828;0.258936;0.346987;0.182086;0.407353;0.0473435;0.308083;0.22974;0.343836;0.359342;0.291586;0;0;0;0;0;0
0.842731;1;0.766863;0.0134006;0.322499;0.346921;0.139298;0.377631;0.113173;0.427591;0.188518;0.309799;0.479821;0.0809019;0.308585;0.0994859;0.326762;0.288766;0.161548;0.305282;0.0854638;0.351464;0.0447409;0.322798;0.0104708;0.130582;0.264305;0.185791;0.194193;0.184154;0;0;0;0;0;0
0.850084;1;0.785468;0.080146;0.401348;0.474046;0.114106;0.476767;0.00605798;0.262953;0.256838;0.292996;0.294132;0.078412;0.328924;0.0186541;0.170326;0.230458;0.17393;0.241837;0.0372153;0.257434;0.0540693;0.281627;0.00561936;0.165977;0.147814;0.209782;0.160684;0.193217;0;0;0;0;0;0
0.872969;1;0.77602;0.196127;0.411043;0.593928;0.210732;0.577094;0.0156767;0.329425;0.312519;0.291407;0.361838;0.0466333;0.368859;0.0871941;0.270583;0.248774;0.254357;0.259574;0.151594;0.296874;0.0553914;0.275863;0.105719;0.117617;0.191409;0.131105;0.186191;0.285023;0;0;0;0;0;0
0.808786;1;0.783002;0.0893677;0.363817;0.426585;0.135162;0.530762;0.332903;0.368613;0.33172;0.0458782;0.418966;0.178666;0.163128;0.0132175;0.294396;0.372549;0.174877;0.0661726;0.100042;0.453156;0.040227;0.128014;0.0282682;0.0879565;0.359658;0.136218;0.0971614;0.101736;0;0;0;0;0;0
0.913393;1;0.797511;0.39934;0.530437;0.698191;0.39241;0.53966;0.269373;0.397359;0.222825;0.667988;0.372203;0.168367;0.601573;0.0333396;0.26624;0.338952;0.336268;0.555905;0.129465;0.376653;0.104979;0.613607;0.305783;0.0517126;0.315416;0.10717;0.342411;0.134263;0;0;0;0;0;0
0.924447;1;0.740704;0.440384;0.351578;0.801678;0.0615474;0.707416;0.129768;0.238398;0.439261;0.577347;0.277971;0.250353;0.585843;0.0338925;0.211876;0.286113;0.329018;0.343905;0.208086;0.303089;0.0159629;0.445706;0.00562693;0.283737;0.215328;0.211084;0.341239;0.312507;0;0;0;0;0;0
0.833753;1;0.777503;0.0150213;0.369896;0.471832;0.0280776;0.499199;0.161705;0.272862;0.261071;0.181553;0.312299;0.0419943;0.296115;0.123714;0.186805;0.2464;0.169456;0.0713895;0.00637897;0.281903;0.0568712;0.194174;0.0427376;0.148731;0.170199;0.22744;0.141541;0.0188214;0;0;0;0;0;0
0.849857;1;0.812064;0.0963275;0.457987;0.459623;0.135298;0.472955;0.0846797;0.219583;0.290298;0.336668;0.297104;0.0555463;0.338907;0.0577346;0.235433;0.149859;0.18249;0.285561;0.102279;0.230577;0.0380242;0.309877;0.0141027;0.0297351;0.201154;0.141883;0.168645;0.15637;0;0;0;0;0;0
0.932882;1;0.727607;0.48225;0.342271;0.865479;0.177321;0.758417;0.0838724;0.32728;0.460343;0.579901;0.340793;0.229142;0.614266;0.151514;0.216818;0.219195;0.350485;0.207092;0.105086;0.210418;0.0358382;0.322668;0.0764053;0.176619;0.116613;0.195954;0.188381;0.263944;0;0;0;0;0;0
0.88295;1;0.772651;0.260048;0.402508;0.654946;0.128749;0.609269;0.0261679;0.244437;0.338259;0.414921;0.282068;0.0290031;0.463834;0.0487474;0.183457;0.191927;0.283713;0.268898;0.0509461;0.253879;0.0575202;0.365833;0.0895644;0.123632;0.177894;0.146453;0.240467;0.117634;0;0;0;0;0;0
0.86856;1;0.7759;0.143525;0.395464;0.494933;0.152111;0.451105;0.11994;0.292405;0.195134;0.414806;0.318521;0.100484;0.432742;0.00924631;0.194054;0.269691;0.255722;0.253594;0.0468087;0.268735;0.0346971;0.287467;0.0306932;0.16497;0.154933;0.17503;0.16272;0.20872;0;0;0;0;0;0
0.848154;1;0.766084;0.0664386;0.345661;0.499776;0.0736933;0.524746;0.0926041;0.321048;0.297173;0.217407;0.356709;0.0428607;0.306894;0.0147024;0.218821;0.225682;0.20034;0.161678;0.0500872;0.272994;0.0354992;0.212451;0.00954725;0.167546;0.169137;0.15704;0.135575;0.145215;0;0;0;0;0;0
0.843692;1;0.77348;0.0156958;0.35432;0.400353;0.0817252;0.417993;0.0263613;0.324181;0.198655;0.267822;0.359361;0.105239;0.321431;0.0332354;0.219108;0.297763;0.20604;0.176298;0.0161312;0.324449;0.0698002;0.189871;0.121529;0.140652;0.201706;0.184142;0.0965697;0.25295;0;0;0;0;0;0
0.818128;1;0.819469;0.0669775;0.44718;0.31347;0.104469;0.374676;0.059801;0.235612;0.236027;0.292265;0.295029;0.032824;0.321836;0.0688552;0.201008;0.121803;0.182832;0.11875;0.112419;0.165126;0.0287341;0.197723;0.0137904;0.188986;0.108697;0.160075;0.132496;0.0822191;0;0;0;0;0;0
0.826547;1;0.811364;0.0325759;0.432569;0.343138;0.0436517;0.387896;0.0574762;0.210942;0.22663;0.273583;0.268155;0.00457519;0.286645;0.0394288;0.159906;0.173899;0.156696;0.235242;0.0280334;0.215512;0.0303272;0.245673;0.00517516;0.160039;0.132611;0.160063;0.1248;0.210896;0;0;0;0;0;0
0.865018;1;0.759488;0.126381;0.332648;0.510787;0.0892512;0.515596;0.0618488;0.348847;0.29237;0.363529;0.393193;0.0506901;0.42102;0.0287002;0.271588;0.22442;0.291059;0.165495;0.134671;0.281293;0.0988677;0.210172;0.108313;0.15343;0.18824;0.100784;0.110601;0.20563;0;0;0;0;0;0
0.867436;1;0.784303;0.158697;0.409997;0.524157;0.114001;0.503461;0.0666536;0.230511;0.262177;0.343113;0.259266;0.0435596;0.374017;0.0742175;0.144443;0.232856;0.222168;0.269682;0.0578667;0.268595;0.00897916;0.286955;0.0844718;0.178933;0.162188;0.177234;0.183086;0.245701;0;0;0;0;0;0
0.893333;1;0.788396;0.335766;0.465259;0.724591;0.220697;0.635974;0.00965357;0.215688;0.305106;0.386231;0.24364;0.0594983;0.466414;0.0500846;0.199861;0.296754;0.326718;0.332868;0.131825;0.354821;0.134162;0.369261;0.00754838;0.0967304;0.274479;0.173903;0.239818;0.285753;0;0;0;0;0;0
0.905466;1;0.74774;0.410323;0.403502;0.900773;0.211073;0.810271;0.213729;0.250746;0.434384;0.379936;0.243597;0.0750074;0.56086;0.261647;0.163342;0.205718;0.369008;0.0628848;0.136937;0.235225;0.0877036;0.296316;0.0464059;0.189713;0.139556;0.268591;0.291923;0.0499873;0;0;0;0;0;0
0.865613;1;0.762106;0.156136;0.355421;0.575441;0.0896798;0.567335;0.0536518;0.299036;0.309164;0.285014;0.339836;0.0279755;0.371661;0.00392241;0.233759;0.21534;0.250984;0.217706;0.111441;0.239688;0.0674492;0.26483;0.00645486;0.127437;0.123932;0.160056;0.161466;0.185133;0;0;0;0;0;0
0.83372;1;0.811994;0.0117417;0.45364;0.393802;0.149308;0.409305;0.018659;0.215036;0.199378;0.26587;0.248054;0.103794;0.321582;0.0473462;0.13998;0.296813;0.218793;0.235323;0.038023;0.346284;0.049604;0.251233;0.00464434;0.170502;0.260216;0.109298;0.136014;0.168865;0;0;0;0;0;0
